-- Generated by Craft v2.7.2 on 04/10/2018, 9:15:05 AM.

--
-- Disable foreign key checks and autocommit.
--

SET FOREIGN_KEY_CHECKS = 0;
SET SQL_MODE = "NO_AUTO_VALUE_ON_ZERO";
SET AUTOCOMMIT = 0;
SET NAMES utf8;


DROP TABLE IF EXISTS `craft_assetfiles`;


--
-- Schema for table `craft_assetfiles`
--
CREATE TABLE `craft_assetfiles` (
  `id` int(11) NOT NULL,
  `sourceId` int(11) DEFAULT NULL,
  `folderId` int(11) NOT NULL,
  `filename` varchar(255) COLLATE utf8_unicode_ci NOT NULL,
  `kind` varchar(50) COLLATE utf8_unicode_ci NOT NULL DEFAULT 'unknown',
  `width` int(11) unsigned DEFAULT NULL,
  `height` int(11) unsigned DEFAULT NULL,
  `size` bigint(20) unsigned DEFAULT NULL,
  `dateModified` datetime DEFAULT NULL,
  `dateCreated` datetime NOT NULL,
  `dateUpdated` datetime NOT NULL,
  `uid` char(36) COLLATE utf8_unicode_ci NOT NULL DEFAULT '0',
  PRIMARY KEY (`id`),
  UNIQUE KEY `craft_assetfiles_filename_folderId_unq_idx` (`filename`,`folderId`),
  KEY `craft_assetfiles_sourceId_fk` (`sourceId`),
  KEY `craft_assetfiles_folderId_fk` (`folderId`)
) ENGINE=InnoDB DEFAULT CHARSET=utf8 COLLATE=utf8_unicode_ci;

--
-- Data for table `craft_assetfiles`
--

INSERT INTO `craft_assetfiles` (`id`, `sourceId`, `folderId`, `filename`, `kind`, `width`, `height`, `size`, `dateModified`, `dateCreated`, `dateUpdated`, `uid`) VALUES
 ('6', '2', '2', 'exterior_ref.jpg', 'image', '1920', '1080', '138965', '2018-10-04 07:39:51', '2018-10-04 07:39:51', '2018-10-04 07:39:51', 'ef556de2-ecb8-48bb-8642-c5739834ec44'),
 ('7', '2', '2', 'interior_ref.jpg', 'image', '1920', '1080', '168370', '2018-10-04 07:39:56', '2018-10-04 07:39:56', '2018-10-04 07:39:56', '7d3f1114-c0fe-436e-a3b3-8f16f7968c38'),
 ('9', '1', '3', 'alpha_stevio_test.jpg', 'image', '274', '154', '9178', '2018-10-04 08:15:09', '2018-10-04 08:15:09', '2018-10-04 09:13:59', '04c40fb0-563b-4ece-9ddd-804010aa3e1b'),
 ('11', '1', '3', 'alpha_stevio_test2.jpg', 'image', '292', '156', '11837', '2018-10-04 08:17:12', '2018-10-04 08:17:12', '2018-10-04 09:14:00', '2df799c9-814f-4532-a79b-0d8f3cf2b07f'),
 ('14', '1', '3', 'alpha_stevio_test3.jpg', 'image', '330', '178', '23676', '2018-10-04 08:25:34', '2018-10-04 08:25:34', '2018-10-04 09:14:00', 'a0c48b02-b82c-486c-ae78-e8bd3079bee6');



DROP TABLE IF EXISTS `craft_assetfolders`;


--
-- Schema for table `craft_assetfolders`
--
CREATE TABLE `craft_assetfolders` (
  `id` int(11) NOT NULL AUTO_INCREMENT,
  `parentId` int(11) DEFAULT NULL,
  `sourceId` int(11) DEFAULT NULL,
  `name` varchar(255) COLLATE utf8_unicode_ci NOT NULL,
  `path` varchar(255) COLLATE utf8_unicode_ci DEFAULT NULL,
  `dateCreated` datetime NOT NULL,
  `dateUpdated` datetime NOT NULL,
  `uid` char(36) COLLATE utf8_unicode_ci NOT NULL DEFAULT '0',
  PRIMARY KEY (`id`),
  UNIQUE KEY `craft_assetfolders_name_parentId_sourceId_unq_idx` (`name`,`parentId`,`sourceId`),
  KEY `craft_assetfolders_parentId_fk` (`parentId`),
  KEY `craft_assetfolders_sourceId_fk` (`sourceId`)
) ENGINE=InnoDB AUTO_INCREMENT=4 DEFAULT CHARSET=utf8 COLLATE=utf8_unicode_ci;

--
-- Data for table `craft_assetfolders`
--

INSERT INTO `craft_assetfolders` (`id`, `parentId`, `sourceId`, `name`, `path`, `dateCreated`, `dateUpdated`, `uid`) VALUES
 ('1', NULL, '1', 'Content Images', '', '2018-10-04 06:40:59', '2018-10-04 07:37:27', '6d6507e1-d568-460c-a285-fe7f4f0b45fd'),
 ('2', NULL, '2', 'Ref Images', '', '2018-10-04 07:37:43', '2018-10-04 07:37:43', '61ec71c8-9f3f-4a4e-a41e-fc3e0621bbd3'),
 ('3', '1', '1', 'Alpha-Stevio', 'Alpha-Stevio/', '2018-10-04 09:13:53', '2018-10-04 09:13:53', 'af1313d9-a584-48f6-8ff0-f77a4db98c09');



DROP TABLE IF EXISTS `craft_assetindexdata`;


--
-- Schema for table `craft_assetindexdata`
--
CREATE TABLE `craft_assetindexdata` (
  `id` int(11) NOT NULL AUTO_INCREMENT,
  `sessionId` varchar(36) COLLATE utf8_unicode_ci NOT NULL DEFAULT '',
  `sourceId` int(10) NOT NULL,
  `offset` int(10) NOT NULL,
  `uri` varchar(255) COLLATE utf8_unicode_ci DEFAULT NULL,
  `size` varchar(255) COLLATE utf8_unicode_ci DEFAULT NULL,
  `recordId` int(10) DEFAULT NULL,
  `dateCreated` datetime NOT NULL,
  `dateUpdated` datetime NOT NULL,
  `uid` char(36) COLLATE utf8_unicode_ci NOT NULL DEFAULT '0',
  PRIMARY KEY (`id`),
  UNIQUE KEY `craft_assetindexdata_sessionId_sourceId_offset_unq_idx` (`sessionId`,`sourceId`,`offset`),
  KEY `craft_assetindexdata_sourceId_fk` (`sourceId`)
) ENGINE=InnoDB DEFAULT CHARSET=utf8 COLLATE=utf8_unicode_ci;

DROP TABLE IF EXISTS `craft_assetsources`;


--
-- Schema for table `craft_assetsources`
--
CREATE TABLE `craft_assetsources` (
  `id` int(11) NOT NULL AUTO_INCREMENT,
  `name` varchar(255) COLLATE utf8_unicode_ci NOT NULL,
  `handle` varchar(255) COLLATE utf8_unicode_ci NOT NULL,
  `type` varchar(150) COLLATE utf8_unicode_ci NOT NULL,
  `settings` text COLLATE utf8_unicode_ci,
  `sortOrder` smallint(6) unsigned DEFAULT NULL,
  `fieldLayoutId` int(10) DEFAULT NULL,
  `dateCreated` datetime NOT NULL,
  `dateUpdated` datetime NOT NULL,
  `uid` char(36) COLLATE utf8_unicode_ci NOT NULL DEFAULT '0',
  PRIMARY KEY (`id`),
  UNIQUE KEY `craft_assetsources_name_unq_idx` (`name`),
  UNIQUE KEY `craft_assetsources_handle_unq_idx` (`handle`),
  KEY `craft_assetsources_fieldLayoutId_fk` (`fieldLayoutId`)
) ENGINE=InnoDB AUTO_INCREMENT=3 DEFAULT CHARSET=utf8 COLLATE=utf8_unicode_ci;

--
-- Data for table `craft_assetsources`
--

INSERT INTO `craft_assetsources` (`id`, `name`, `handle`, `type`, `settings`, `sortOrder`, `fieldLayoutId`, `dateCreated`, `dateUpdated`, `uid`) VALUES
 ('1', 'Content Images', 'contentImages', 'Local', '{\"path\":\"images\\/content\\/\",\"publicURLs\":\"1\",\"url\":\"http:\\/\\/dev.motome.pixelproject.com\\/images\\/content\\/\"}', '1', '14', '2018-10-04 06:40:59', '2018-10-04 07:37:27', '8e7338e9-816e-4502-baec-6960d5de22be'),
 ('2', 'Ref Images', 'refImages', 'Local', '{\"path\":\"images\\/ref\\/\",\"publicURLs\":\"1\",\"url\":\"http:\\/\\/dev.motome.pixelproject.com\\/images\\/ref\\/\"}', '2', '15', '2018-10-04 07:37:43', '2018-10-04 07:37:43', '53212c33-03c7-4930-bf39-45aaeda93f13');



DROP TABLE IF EXISTS `craft_assettransformindex`;


--
-- Schema for table `craft_assettransformindex`
--
CREATE TABLE `craft_assettransformindex` (
  `id` int(11) NOT NULL AUTO_INCREMENT,
  `fileId` int(11) NOT NULL,
  `filename` varchar(255) COLLATE utf8_unicode_ci DEFAULT NULL,
  `format` varchar(255) COLLATE utf8_unicode_ci DEFAULT NULL,
  `location` varchar(255) COLLATE utf8_unicode_ci NOT NULL,
  `sourceId` int(11) DEFAULT NULL,
  `fileExists` tinyint(1) DEFAULT NULL,
  `inProgress` tinyint(1) DEFAULT NULL,
  `dateIndexed` datetime DEFAULT NULL,
  `dateCreated` datetime NOT NULL,
  `dateUpdated` datetime NOT NULL,
  `uid` char(36) COLLATE utf8_unicode_ci NOT NULL DEFAULT '0',
  PRIMARY KEY (`id`),
  KEY `craft_assettransformindex_sourceId_fileId_location_idx` (`sourceId`,`fileId`,`location`)
) ENGINE=InnoDB DEFAULT CHARSET=utf8 COLLATE=utf8_unicode_ci;

DROP TABLE IF EXISTS `craft_assettransforms`;


--
-- Schema for table `craft_assettransforms`
--
CREATE TABLE `craft_assettransforms` (
  `id` int(11) NOT NULL AUTO_INCREMENT,
  `name` varchar(255) COLLATE utf8_unicode_ci NOT NULL,
  `handle` varchar(255) COLLATE utf8_unicode_ci NOT NULL,
  `mode` enum('stretch','fit','crop') COLLATE utf8_unicode_ci NOT NULL DEFAULT 'crop',
  `position` enum('top-left','top-center','top-right','center-left','center-center','center-right','bottom-left','bottom-center','bottom-right') COLLATE utf8_unicode_ci NOT NULL DEFAULT 'center-center',
  `height` int(10) DEFAULT NULL,
  `width` int(10) DEFAULT NULL,
  `format` varchar(255) COLLATE utf8_unicode_ci DEFAULT NULL,
  `quality` int(10) DEFAULT NULL,
  `dimensionChangeTime` datetime DEFAULT NULL,
  `dateCreated` datetime NOT NULL,
  `dateUpdated` datetime NOT NULL,
  `uid` char(36) COLLATE utf8_unicode_ci NOT NULL DEFAULT '0',
  PRIMARY KEY (`id`),
  UNIQUE KEY `craft_assettransforms_name_unq_idx` (`name`),
  UNIQUE KEY `craft_assettransforms_handle_unq_idx` (`handle`)
) ENGINE=InnoDB AUTO_INCREMENT=6 DEFAULT CHARSET=utf8 COLLATE=utf8_unicode_ci;

--
-- Data for table `craft_assettransforms`
--

INSERT INTO `craft_assettransforms` (`id`, `name`, `handle`, `mode`, `position`, `height`, `width`, `format`, `quality`, `dimensionChangeTime`, `dateCreated`, `dateUpdated`, `uid`) VALUES
 ('1', 'content_image_small', 'contentImageSmall', 'crop', 'center-center', '208', '370', 'jpg', '60', '2018-10-04 06:46:57', '2018-10-04 06:46:57', '2018-10-04 06:46:57', '56d32ada-4623-4ee0-9ec9-549f4195e280'),
 ('2', 'content_image_large', 'contentImageLarge', 'crop', 'center-center', '436', '775', 'jpg', '60', '2018-10-04 06:47:44', '2018-10-04 06:47:44', '2018-10-04 06:47:44', 'e7ccfede-d2cf-49d4-bc28-37c6ba696885'),
 ('3', 'nav_logo', 'navLogo', 'crop', 'center-center', '112', '112', 'png', '60', '2018-10-04 07:00:32', '2018-10-04 07:00:32', '2018-10-04 07:00:32', 'a134da4b-b915-4423-a730-05055a390c55'),
 ('4', 'screensaver_logo', 'screensaverLogo', 'crop', 'center-center', '300', '300', 'png', '60', '2018-10-04 07:01:04', '2018-10-04 07:01:04', '2018-10-04 07:01:04', '9a59b6db-7579-4bb6-93c9-3ce47ed68060'),
 ('5', 'image_1920x1080', 'image1920x1080', 'crop', 'center-center', '1080', '1920', 'jpg', '60', '2018-10-04 07:36:14', '2018-10-04 07:36:14', '2018-10-04 07:36:14', 'ff22ff73-4dda-4f8e-9ef0-61ed28d604e6');



DROP TABLE IF EXISTS `craft_categories`;


--
-- Schema for table `craft_categories`
--
CREATE TABLE `craft_categories` (
  `id` int(11) NOT NULL,
  `groupId` int(11) NOT NULL,
  `dateCreated` datetime NOT NULL,
  `dateUpdated` datetime NOT NULL,
  `uid` char(36) COLLATE utf8_unicode_ci NOT NULL DEFAULT '0',
  PRIMARY KEY (`id`),
  KEY `craft_categories_groupId_fk` (`groupId`)
) ENGINE=InnoDB DEFAULT CHARSET=utf8 COLLATE=utf8_unicode_ci;

DROP TABLE IF EXISTS `craft_categorygroups`;


--
-- Schema for table `craft_categorygroups`
--
CREATE TABLE `craft_categorygroups` (
  `id` int(11) NOT NULL AUTO_INCREMENT,
  `structureId` int(11) NOT NULL,
  `fieldLayoutId` int(11) DEFAULT NULL,
  `name` varchar(255) COLLATE utf8_unicode_ci NOT NULL,
  `handle` varchar(255) COLLATE utf8_unicode_ci NOT NULL,
  `hasUrls` tinyint(1) unsigned NOT NULL DEFAULT '1',
  `template` varchar(500) COLLATE utf8_unicode_ci DEFAULT NULL,
  `dateCreated` datetime NOT NULL,
  `dateUpdated` datetime NOT NULL,
  `uid` char(36) COLLATE utf8_unicode_ci NOT NULL DEFAULT '0',
  PRIMARY KEY (`id`),
  UNIQUE KEY `craft_categorygroups_name_unq_idx` (`name`),
  UNIQUE KEY `craft_categorygroups_handle_unq_idx` (`handle`),
  KEY `craft_categorygroups_structureId_fk` (`structureId`),
  KEY `craft_categorygroups_fieldLayoutId_fk` (`fieldLayoutId`)
) ENGINE=InnoDB DEFAULT CHARSET=utf8 COLLATE=utf8_unicode_ci;

DROP TABLE IF EXISTS `craft_categorygroups_i18n`;


--
-- Schema for table `craft_categorygroups_i18n`
--
CREATE TABLE `craft_categorygroups_i18n` (
  `id` int(11) NOT NULL AUTO_INCREMENT,
  `groupId` int(11) NOT NULL,
  `locale` char(12) COLLATE utf8_unicode_ci NOT NULL,
  `urlFormat` text COLLATE utf8_unicode_ci,
  `nestedUrlFormat` text COLLATE utf8_unicode_ci,
  `dateCreated` datetime NOT NULL,
  `dateUpdated` datetime NOT NULL,
  `uid` char(36) COLLATE utf8_unicode_ci NOT NULL DEFAULT '0',
  PRIMARY KEY (`id`),
  UNIQUE KEY `craft_categorygroups_i18n_groupId_locale_unq_idx` (`groupId`,`locale`),
  KEY `craft_categorygroups_i18n_locale_fk` (`locale`)
) ENGINE=InnoDB DEFAULT CHARSET=utf8 COLLATE=utf8_unicode_ci;

DROP TABLE IF EXISTS `craft_content`;


--
-- Schema for table `craft_content`
--
CREATE TABLE `craft_content` (
  `id` int(11) NOT NULL AUTO_INCREMENT,
  `elementId` int(11) NOT NULL,
  `locale` char(12) COLLATE utf8_unicode_ci NOT NULL,
  `title` varchar(255) COLLATE utf8_unicode_ci DEFAULT NULL,
  `field_homepageBody` text COLLATE utf8_unicode_ci,
  `field_carIntroBody` text COLLATE utf8_unicode_ci,
  `field_carIntroTitle` text COLLATE utf8_unicode_ci,
  `field_privacyBody` text COLLATE utf8_unicode_ci,
  `dateCreated` datetime NOT NULL,
  `dateUpdated` datetime NOT NULL,
  `uid` char(36) COLLATE utf8_unicode_ci NOT NULL DEFAULT '0',
  PRIMARY KEY (`id`),
  UNIQUE KEY `craft_content_elementId_locale_unq_idx` (`elementId`,`locale`),
  KEY `craft_content_title_idx` (`title`),
  KEY `craft_content_locale_fk` (`locale`)
) ENGINE=InnoDB AUTO_INCREMENT=13 DEFAULT CHARSET=utf8 COLLATE=utf8_unicode_ci;

--
-- Data for table `craft_content`
--

INSERT INTO `craft_content` (`id`, `elementId`, `locale`, `title`, `field_homepageBody`, `field_carIntroBody`, `field_carIntroTitle`, `field_privacyBody`, `dateCreated`, `dateUpdated`, `uid`) VALUES
 ('1', '1', 'en_au', NULL, NULL, NULL, NULL, NULL, '2018-10-03 15:50:53', '2018-10-03 15:50:53', 'ff7752aa-c20e-4643-9203-c7eca10d36c2'),
 ('4', '4', 'en_au', 'Screensaver', NULL, NULL, NULL, NULL, '2018-10-04 07:04:21', '2018-10-04 07:04:21', 'ce123f76-673c-4139-a777-585d7035a770'),
 ('5', '5', 'en_au', 'Privacy', NULL, NULL, NULL, '<p><strong>MotoMe Privacy Policy</strong></p>\n<p>Last updated: 25 September, 2018<br /></p>\n<p>The MotoMe Privacy Policy (\"Privacy Policy\") sets out:</p>\n<ul><li>why we need to collect personal information;</li><li>how we collect it;</li><li>what we do with it;</li><li>how it\'s stored; and</li><li>who we might share it with and why.</li></ul><p>The Privacy Policy also describes:<br /></p>\n<ul><li>how you can access or correct information we hold about you;</li><li>how you can ask further questions or make a complaint; and</li><li>information about our websites and online activities.</li></ul><p><strong>Personal information</strong><br />\'Personal information\' is defined within The Privacy Act (1988) as any \"information or an opinion, whether true or not, and whether recorded in a material form or not, about an identified individual, or an individual who is reasonably identifiable.\"</p>\n<p><strong>The Privacy Act (1988)</strong><br />MotoMe is bound by the Privacy Act (1988).</p>\n<p><strong>The information we collect and why</strong><br />In providing you with the MotoMe Applications and Services (\"MotoMe\") we will occasionally receive, store and process \'personal information\' about you that you make available to us.</p>\n<p>The \'Personal information\' we may collect from you includes (but is not limited to):</p>\n<ul><li>Your name;</li><li>Your email address;</li><li>Your phone number;</li><li>Your postcode;</li><li>Your device\'s IP Address.</li></ul><p>Other information (that is not necessarily \'personal information\') we may collect about you during your use of MotoMe includes (but is not limited to): your car preferences, your car buying budget, your car buying timeframe, information about your car trade in and whether or not you are seeking finance.</p>\n<p>Specific times you will provide personal information to us include (but are not limited to):<br /></p>\n<ul><li>When you view drive away pricing, which is based on your location;</li><li>When you create an account with MotoMe;</li><li>When you request MotoMe assistance in purchasing a car (also referred to as \"getting a quote\");</li><li>When you request a test drive of a car;</li><li>When you communicate with MotoMe in person, phone calls, emails and via social media;</li><li>When you link your account on a third party site (e.g. Facebook) to your MotoMe account, in which case we will obtain the Personal Information that you have provided to the third party site, to the extent allowed by your settings with the third party site and authorised by you.</li></ul><p>Without such information, we may not be able to provide you with an appropriate level of service.</p>\n<p><strong>How we store and secure your information</strong><br />We keep personal information in physical and electronic records, at our premises and the premises of our service providers, which includes storage on the cloud. Where this occurs, we take steps to protect personal information against misuse or loss.</p>\n<p>We also keep records of our interactions with you (including by telephone, email and online) and your enquiries or complaints.<br /><br /><strong>Keeping your information secure</strong><br />We use security procedures and technology to protect the information we hold. Access to and use of personal information within MotoMe seeks to prevent misuse or unlawful disclosure of the information, this includes internal policies, auditing, training and monitoring of staff.</p>\n<p>If other organisations provide support services, we require them to appropriately safeguard the privacy of the information provided to them.<br />Where the personal information we collect is no longer required, we delete the information or permanently de-identify it in accordance with relevant laws and our records management policy.</p>\n<p><strong>How we use your information</strong><br />We use personal information about you for the purpose for which it was provided to us, including:<br /></p>\n<ul><li>To provide you with drive away pricing on the cars you browse;</li><li>To create a MotoMe account for you and store your information and preferences;</li><li>To personalise your experience with MotoMe based on your information and preferences;</li><li>To assist you with purchasing a car (also referred to as \"getting a quote\");</li><li>To assist you in arranging a test drive of a car;</li><li>To communicate with you and deal with or investigate any complaints or enquiries.</li></ul><p>We may also use information you provide – de-identified wherever possible – to:<br /></p>\n<ul><li>administer, manage, improve and optimise MotoMe (including monitoring, auditing, and evaluating MotoMe);</li><li>model and test data (in a controlled environment);</li><li>develop scores, risk assessments and related analytical tools;</li><li>conduct market research, new product development and fraud mitigation;</li><li>undertake related purposes which would reasonably be expected without your express permission. For example, we may from time to time use your personal information to inform you of products and services which we expect may be of interest to you. However, if you do not want to receive such communications you can tell us:</li><li>At the time of collection of your personal information;</li><li>By following the instructions to \'unsubscribe\' or \'opt-out\' which will be included in any such communications sent to you, which may include accessing a web-link or replying to a message;</li><li>By writing to us at privacy@motome.com.au requesting that you be unsubscribed from such communications.</li></ul><p>While we may sometimes – where it is lawful and with your permission if necessary – share personal information with companies we do business with (e.g. in product development, joint venture arrangements or distribution arrangements), we do not sell personal information for marketing purposes to other organisations or allow such companies to do this.</p>\n<p><strong>When your information is disclosed</strong><br />We may share personal information within MotoMe and, where necessary to provide the requested service to you, may disclose your personal information outside MotoMe in the following situations:<br /><br /><strong>Requesting a test drive</strong><br />When you request a test drive via MotoMe, we must necessarily disclose the information you provide to the car dealer who will fulfil your test drive request. Any information expressly provided by you when you request a test drive may be passed on to the car dealer, including your preference as to whether or not you would like to receive promotional communications from the car dealer; by default, you will be opted-out of receiving such communications.<br /><br /><strong>Requesting assistance buying a car</strong><br />When you request assistance purchasing a car (also referred to as \"getting a quote\") via MotoMe, we must necessarily disclose the information you provide to the car dealer who you select to purchase the car from. Any information expressly provided by you when you request assistance purchasing a car may be passed on to this car dealer, including your preference as to whether or not you would like to receive promotional communications from the car dealer; by default, you will be opted-out of receiving such communications.<br /><br /><strong>Other:</strong><br />We may also share personal information within MotoMe, and may disclose personal information outside MotoMe as required by law or regulations.</p>\n<p><strong>When you interact with Macquarie finance tools</strong><br />Products and services relating to finance on MotoMe are provided by Macquarie Leasing Pty Ltd ABN 38 002 674 982, Australian Credit Licence 394925, a subsidiary of Macquarie Group Limited ACN 122 169 279 (\"Macquarie Group\") and its related bodies corporate.</p>\n<p>Should you interact with Macquarie Group products and services, you may, in the course of using those products and services, be required to provide \'personal information\' to Macquarie Group. In such instances, your \'personal information\' will be handled in accordance with the Macquarie Group Privacy Policy , Terms of Use , Important Information and Regulatory Disclosures (collectively the \"Policies and Procedures of Macquarie Group\").</p>\n<p>If you do not agree to any part of the Policies and Procedures of Macquarie Group, then we cannot provide the Macquarie Group products and services to you, and you should stop accessing Macquarie Group products and services.</p>\n<p><strong>Keeping information accurate and up-to-date</strong><br />We take reasonable steps to ensure that all information we hold is as accurate and up-to-date. You are able to contact us at any time and ask for its correction if you feel the information we have about you is inaccurate or incomplete. You can do so by writing to privacy@motome.com.au.</p>\n<p><strong>Keeping your information secure and its deletion when no longer required</strong><br />We use security procedures and technology to protect the information we hold. Access to and use of personal information within MotoMe seeks to prevent misuse or unlawful disclosure of the information, this includes internal policies, auditing, training and monitoring of staff.</p>\n<p>If other organisations provide support services, we require them to appropriately safeguard the privacy of the information provided to them.<br />Where the personal information we collect is no longer required, we delete the information or permanently de-identify it in accordance with relevant laws and our records management policy.<br /><br /><strong>When you create an account with MotoMe</strong><br />When you create a MotoMe account, any information you provide will be retained indefinitely so long as your account remains active (\'active\' in this case means you have not explicitly advised us you wish to delete the account).</p>\n<p>When you delete your MotoMe account, your account data, including any personal information, will be immediately and permanently deleted. Non-personal information may be retained in a de-identified state.</p>\n<p>We may otherwise retain related information, which may include personal information, in such a state and for a period of time as required by law or regulations. For example, we are required by law to keep records of your transactions with us for a period of at least 7-years.</p>\n<p><strong>How you can access or correct your information</strong><br />You can contact us to request access to or correction of your personal information. In normal circumstances we will give you full access or make the requested corrections to your information. However, there may be some legal or administrative reasons to deny these requests. If your request is denied, we will provide you with the reason why (if we can). Where we decide not to make a requested correction to your personal information and you disagree, you may ask us to make a note of your requested correction with the information.</p>\n<p>To request access or a correction to your personal information, please write to us at privacy@motome.com.au.</p>\n<p><strong>Dealing with MotoMe online</strong><br />When you visit MotoMe websites you will browse anonymously unless you have logged into your MotoMe account or accessed the website from a personalised communication from MotoMe.</p>\n<p>For all visitors to our web site, we use cookies and/or browser local storage to collect anonymous information such as the server your computer is logged on to, your browser type (for example, Internet Explorer, Chrome or Firefox), and your IP address. (An IP address is a number that is assigned to your computer automatically and required for using the Internet). We may also derive the location associated with an IP address.</p>\n<p>Once you have logged into your MotoMe account, accessed our website from an e-mail or other personalised communication sent to you, or provided us with personal information by completing a form online, we may be able to identify you and we may combine that with other information in order to provide you with a better online experience. If you would prefer not to be identified you can delete the cookies and/or local storage data and reconfigure the tracking preferences on your internet browser (see the \'Cookies and local storage\' section below).</p>\n<p>While you may disable tracking through your browser settings, we do not change our practices in response to a \"Do Not Track\" signal in the HTTP header from your browser or mobile application. We track your activities if you click on advertisements for MotoMe services on third party platforms such as search engines and social networks, and may use analytics to track what you do in response to those advertisements.</p>\n<p><strong>Cookies and local storage</strong><br />A \'cookie\' is a packet of information placed on a user\'s computer by a website for record keeping purposes.</p>\n<p>\'Local storage\' is a standard facility provided by HTML5-compliant browsers used to retain data on your computer across visits to the same website.<br />While cookies and local storage are not considered personal information, they are generally used on MotoMe sites to:</p>\n<ul><li>access online services - if you log into secure areas on our website we will use cookies and/or local storage to authorise your access and save your preferences;</li><li>manage advertising - when you see one of our ads on a third party website, cookies are sometimes used to collect anonymous information about the page you visit and the type of software you are using;</li><li>monitor traffic - we use anonymous information to track how people are using the MotoMe site. This may include time of visit, pages visited and some system information about the type of computer you are using;</li><li>monitor your use of our website - if we have identified you as a result of you logging into a MotoMe client portal, accessing our website from a personalised communication or providing us with personal information by completing a form online, we may use cookies and/or local storage to collect personal information about you.</li></ul><p>You can configure how your browser stores cookies and local storage data, which may include the ability to accept, reject or notify you about attempts to store this data (Each browser is different, so check the \"Help\" menu of your browser to learn how to change your cookie and site data preferences).</p>\n<p>If you disable the use of cookies and/or local storage on your web browser or remove or reject specific cookies and/or local storage from MotoMe or linked sites, then you may not be able to gain access to all of the content and features on those websites.</p>\n<p><strong>Changes to this Policy</strong><br />We may make changes to this Privacy Policy at any time. If we make material changes to the Privacy Policy, we will advise you either by posting the changed Privacy Policy on MotoMe or by sending you an email. </p>\n<p>If you do not wish to agree to the new Privacy Policy, then we cannot continue to provide MotoMe to you, and you should stop accessing MotoMe and, if you have a MotoMe account, you should delete it.</p>\n<p><strong>Contact us</strong><br />If you have any questions or complaints regarding privacy or information handling, please write to privacy@motome.com.au. We will respond to let you know when you can expect a further response.</p>\n<p>If your concerns are not resolved to your satisfaction, you may be able to escalate your complaint to an external dispute resolution scheme or to a regulatory authority. We can provide details of the appropriate scheme/regulator for you, as these may vary by jurisdiction or product.</p>\n<p><strong>Other important information</strong><br />These are general and privacy terms that apply to MotoMe, the trading name and business operated by Macquarie Leasing Pty Limited ABN 38 002 674 982, Australian Credit Licence 394925, a subsidiary of Macquarie Group Limited ACN 122 169 279 (\"Macquarie Group\") and its related bodies corporate.</p>\n<p>MotoMe is not a motor vehicle dealer. MotoMe is a car finance and buying service provider. It has business arrangements with a network of motor vehicle dealers across Australia to whom it may refer customer or from whom it may obtain quotes for customers, and will receive a fee for referrals or completed transactions under those arrangements.</p>\n<p>MotoMe operates a platform that helps car buyers to find the car that is right for their personal circumstances and then test drive that car at a car dealer or purchase that car for a competitive price, whether through our website or mobile applications (\"Platform\" or \"Services\").</p>\n<p>As MotoMe is a business operated by a Macquarie Group company, you should also read and understand the Terms of Use , Important Information and Privacy Policy , and Regulatory Disclosures of Macquarie Group (collectively the \"Policies and Procedures of Macquarie Group\"), as these will also apply when you use any Macquarie-branded features or services on MotoMe.</p>', '2018-10-04 07:04:45', '2018-10-04 09:13:15', 'c1adcf7f-8ebe-44b2-b0e5-ec1a49ecfee7'),
 ('6', '6', 'en_au', 'Exterior Ref', NULL, NULL, NULL, NULL, '2018-10-04 07:39:51', '2018-10-04 07:39:51', 'e63de28c-bb00-4a33-9c3c-64059086bc19'),
 ('7', '7', 'en_au', 'Interior Ref', NULL, NULL, NULL, NULL, '2018-10-04 07:39:56', '2018-10-04 07:39:56', 'e23ce1a0-c019-4bba-9593-2f6550a811f2'),
 ('8', '8', 'en_au', 'Alfa Romeo Stelvio', NULL, '2018 heralded another new chapter for Alfa Romeo, with the launch of our first ever SUV. Alfa Romeo Stelvio contradicted traditional SUV values. Beautiful and functional, the attention to detail in every design feature are designed to appeal to both your head and your heart. ', 'Intro into Stelvio', NULL, '2018-10-04 07:43:50', '2018-10-04 08:26:42', 'a02479b5-4f01-46a7-8c5c-95886feb47ed'),
 ('9', '9', 'en_au', 'Alpha Stevio Test', NULL, NULL, NULL, NULL, '2018-10-04 08:15:09', '2018-10-04 09:13:59', 'c21d5b01-0947-4e53-9e8e-5aa5242bfe7e'),
 ('10', '11', 'en_au', 'Alpha Stevio Test2', NULL, NULL, NULL, NULL, '2018-10-04 08:17:12', '2018-10-04 09:14:00', '85ce8199-f0de-4828-b4b7-da6fb2122753'),
 ('11', '14', 'en_au', 'Alpha Stevio Test3', NULL, NULL, NULL, NULL, '2018-10-04 08:25:34', '2018-10-04 09:14:00', 'b6abf179-5e38-43a0-b66d-6122a8406c82'),
 ('12', '15', 'en_au', 'About Motome', 'About Motome content goes here', NULL, NULL, NULL, '2018-10-04 08:30:04', '2018-10-04 08:35:37', '465ccd1a-232a-4bd1-8c8a-731b538b17bf');



DROP TABLE IF EXISTS `craft_deprecationerrors`;


--
-- Schema for table `craft_deprecationerrors`
--
CREATE TABLE `craft_deprecationerrors` (
  `id` int(11) NOT NULL AUTO_INCREMENT,
  `key` varchar(255) COLLATE utf8_unicode_ci NOT NULL,
  `fingerprint` varchar(255) COLLATE utf8_unicode_ci NOT NULL,
  `lastOccurrence` datetime NOT NULL,
  `file` varchar(255) COLLATE utf8_unicode_ci NOT NULL,
  `line` smallint(6) unsigned NOT NULL,
  `class` varchar(255) COLLATE utf8_unicode_ci DEFAULT NULL,
  `method` varchar(255) COLLATE utf8_unicode_ci DEFAULT NULL,
  `template` varchar(255) COLLATE utf8_unicode_ci DEFAULT NULL,
  `templateLine` smallint(6) unsigned DEFAULT NULL,
  `message` varchar(255) COLLATE utf8_unicode_ci DEFAULT NULL,
  `traces` text COLLATE utf8_unicode_ci,
  `dateCreated` datetime NOT NULL,
  `dateUpdated` datetime NOT NULL,
  `uid` char(36) COLLATE utf8_unicode_ci NOT NULL DEFAULT '0',
  PRIMARY KEY (`id`),
  UNIQUE KEY `craft_deprecationerrors_key_fingerprint_unq_idx` (`key`,`fingerprint`)
) ENGINE=InnoDB DEFAULT CHARSET=utf8 COLLATE=utf8_unicode_ci;

DROP TABLE IF EXISTS `craft_elementindexsettings`;


--
-- Schema for table `craft_elementindexsettings`
--
CREATE TABLE `craft_elementindexsettings` (
  `id` int(11) NOT NULL AUTO_INCREMENT,
  `type` varchar(150) COLLATE utf8_unicode_ci NOT NULL,
  `settings` text COLLATE utf8_unicode_ci,
  `dateCreated` datetime NOT NULL,
  `dateUpdated` datetime NOT NULL,
  `uid` char(36) COLLATE utf8_unicode_ci NOT NULL DEFAULT '0',
  PRIMARY KEY (`id`),
  UNIQUE KEY `craft_elementindexsettings_type_unq_idx` (`type`)
) ENGINE=InnoDB DEFAULT CHARSET=utf8 COLLATE=utf8_unicode_ci;

DROP TABLE IF EXISTS `craft_elements`;


--
-- Schema for table `craft_elements`
--
CREATE TABLE `craft_elements` (
  `id` int(11) NOT NULL AUTO_INCREMENT,
  `type` varchar(150) COLLATE utf8_unicode_ci NOT NULL,
  `enabled` tinyint(1) unsigned NOT NULL DEFAULT '1',
  `archived` tinyint(1) unsigned NOT NULL DEFAULT '0',
  `dateCreated` datetime NOT NULL,
  `dateUpdated` datetime NOT NULL,
  `uid` char(36) COLLATE utf8_unicode_ci NOT NULL DEFAULT '0',
  PRIMARY KEY (`id`),
  KEY `craft_elements_type_idx` (`type`),
  KEY `craft_elements_enabled_idx` (`enabled`),
  KEY `craft_elements_archived_dateCreated_idx` (`archived`,`dateCreated`)
) ENGINE=InnoDB AUTO_INCREMENT=16 DEFAULT CHARSET=utf8 COLLATE=utf8_unicode_ci;

--
-- Data for table `craft_elements`
--

INSERT INTO `craft_elements` (`id`, `type`, `enabled`, `archived`, `dateCreated`, `dateUpdated`, `uid`) VALUES
 ('1', 'User', '1', '0', '2018-10-03 15:50:53', '2018-10-03 15:50:53', '89780fa2-7dc9-4110-921d-3d6facc83cc4'),
 ('4', 'Entry', '1', '0', '2018-10-04 07:04:21', '2018-10-04 07:04:21', '95a1c5bb-07b2-460f-95c7-bb58a568b043'),
 ('5', 'Entry', '1', '0', '2018-10-04 07:04:45', '2018-10-04 09:13:15', 'd9bf62b8-7c64-4864-a686-2acbc752c9f8'),
 ('6', 'Asset', '1', '0', '2018-10-04 07:39:51', '2018-10-04 07:39:51', '054edc92-1644-4441-91d4-2e63c32f3964'),
 ('7', 'Asset', '1', '0', '2018-10-04 07:39:56', '2018-10-04 07:39:56', 'def61147-4512-4958-a8ec-cad7b2d50852'),
 ('8', 'Entry', '1', '0', '2018-10-04 07:43:50', '2018-10-04 08:26:42', '0cec6b93-f167-4ed7-9654-d17411e6f040'),
 ('9', 'Asset', '1', '0', '2018-10-04 08:15:09', '2018-10-04 09:13:59', '0608d0ca-7c82-43ba-b4ea-2b7b22424cbc'),
 ('10', 'MatrixBlock', '1', '0', '2018-10-04 08:16:19', '2018-10-04 08:26:42', '8262bc09-1e60-472a-baa7-f715b07ca6dc'),
 ('11', 'Asset', '1', '0', '2018-10-04 08:17:12', '2018-10-04 09:14:00', '3a2d4006-7350-44ce-ae43-b6332c971b1e'),
 ('12', 'MatrixBlock', '1', '0', '2018-10-04 08:17:46', '2018-10-04 08:26:42', '86e4a275-1373-410e-a324-d637afb7abd8'),
 ('13', 'MatrixBlock', '1', '0', '2018-10-04 08:24:54', '2018-10-04 08:26:42', '2132c952-9a79-480f-8dc9-0b81ba416ef9'),
 ('14', 'Asset', '1', '0', '2018-10-04 08:25:34', '2018-10-04 09:14:00', '3021876d-ae80-4921-bc4f-1b2bff1625cb'),
 ('15', 'Entry', '1', '0', '2018-10-04 08:30:04', '2018-10-04 08:35:37', 'c1550f82-03c5-466f-901d-c5457ec3f606');



DROP TABLE IF EXISTS `craft_elements_i18n`;


--
-- Schema for table `craft_elements_i18n`
--
CREATE TABLE `craft_elements_i18n` (
  `id` int(11) NOT NULL AUTO_INCREMENT,
  `elementId` int(11) NOT NULL,
  `locale` char(12) COLLATE utf8_unicode_ci NOT NULL,
  `slug` varchar(255) COLLATE utf8_unicode_ci DEFAULT NULL,
  `uri` varchar(255) COLLATE utf8_unicode_ci DEFAULT NULL,
  `enabled` tinyint(1) unsigned NOT NULL DEFAULT '1',
  `dateCreated` datetime NOT NULL,
  `dateUpdated` datetime NOT NULL,
  `uid` char(36) COLLATE utf8_unicode_ci NOT NULL DEFAULT '0',
  PRIMARY KEY (`id`),
  UNIQUE KEY `craft_elements_i18n_elementId_locale_unq_idx` (`elementId`,`locale`),
  UNIQUE KEY `craft_elements_i18n_uri_locale_unq_idx` (`uri`,`locale`),
  KEY `craft_elements_i18n_slug_locale_idx` (`slug`,`locale`),
  KEY `craft_elements_i18n_enabled_idx` (`enabled`),
  KEY `craft_elements_i18n_locale_fk` (`locale`)
) ENGINE=InnoDB AUTO_INCREMENT=16 DEFAULT CHARSET=utf8 COLLATE=utf8_unicode_ci;

--
-- Data for table `craft_elements_i18n`
--

INSERT INTO `craft_elements_i18n` (`id`, `elementId`, `locale`, `slug`, `uri`, `enabled`, `dateCreated`, `dateUpdated`, `uid`) VALUES
 ('1', '1', 'en_au', '', NULL, '1', '2018-10-03 15:50:53', '2018-10-03 15:50:53', '03260987-3eda-487d-8c2d-177616bfd16a'),
 ('4', '4', 'en_au', 'screensaver', 'screensaver', '1', '2018-10-04 07:04:21', '2018-10-04 07:04:21', '25663e9e-0196-4f59-aa5a-4b4787d57a64'),
 ('5', '5', 'en_au', 'privacy', 'privacy', '1', '2018-10-04 07:04:45', '2018-10-04 09:13:15', '6f21a123-3604-4f6c-811b-3feabbb37552'),
 ('6', '6', 'en_au', 'exterior-ref', NULL, '1', '2018-10-04 07:39:51', '2018-10-04 07:39:51', 'ae2f811b-ac17-4cee-a2e2-87c2320ea0db'),
 ('7', '7', 'en_au', 'interior-ref', NULL, '1', '2018-10-04 07:39:56', '2018-10-04 07:39:56', '3f8ab78e-44a6-4874-b2e1-20433b536680'),
 ('8', '8', 'en_au', 'alfa-romeo-stelvio', 'cars/alfa-romeo-stelvio', '1', '2018-10-04 07:43:50', '2018-10-04 08:26:42', '95f4ca5e-076d-4930-b24c-eb4a1377f29a'),
 ('9', '9', 'en_au', 'alpha-stevio-test', NULL, '1', '2018-10-04 08:15:09', '2018-10-04 09:13:59', '8f7c1f17-d3f7-49ea-b26f-a61696ee734f'),
 ('10', '10', 'en_au', '', NULL, '1', '2018-10-04 08:16:19', '2018-10-04 08:26:42', '0a8072cb-655d-47e9-8c23-941bcbdf5acb'),
 ('11', '11', 'en_au', 'alpha-stevio-test2', NULL, '1', '2018-10-04 08:17:12', '2018-10-04 09:14:00', '75a1a459-3067-403f-9332-cdd3824cda96'),
 ('12', '12', 'en_au', '', NULL, '1', '2018-10-04 08:17:46', '2018-10-04 08:26:42', 'f86a0703-8f18-4abc-9a77-678b8ce9c1f3'),
 ('13', '13', 'en_au', '', NULL, '1', '2018-10-04 08:24:54', '2018-10-04 08:26:42', 'b72031b6-289d-4d0f-b7a5-4852a8c7a86a'),
 ('14', '14', 'en_au', 'alpha-stevio-test3', NULL, '1', '2018-10-04 08:25:34', '2018-10-04 09:14:00', 'be53e9cf-75f7-459a-a776-623da525cfc2'),
 ('15', '15', 'en_au', 'info', 'about', '1', '2018-10-04 08:30:04', '2018-10-04 08:35:37', '6adddfcb-2139-4202-bb3f-e6dd1d0487d0');



DROP TABLE IF EXISTS `craft_emailmessages`;


--
-- Schema for table `craft_emailmessages`
--
CREATE TABLE `craft_emailmessages` (
  `id` int(11) NOT NULL AUTO_INCREMENT,
  `key` char(150) COLLATE utf8_unicode_ci NOT NULL,
  `locale` char(12) COLLATE utf8_unicode_ci NOT NULL,
  `subject` varchar(1000) COLLATE utf8_unicode_ci NOT NULL,
  `body` text COLLATE utf8_unicode_ci NOT NULL,
  `dateCreated` datetime NOT NULL,
  `dateUpdated` datetime NOT NULL,
  `uid` char(36) COLLATE utf8_unicode_ci NOT NULL DEFAULT '0',
  PRIMARY KEY (`id`),
  UNIQUE KEY `craft_emailmessages_key_locale_unq_idx` (`key`,`locale`),
  KEY `craft_emailmessages_locale_fk` (`locale`)
) ENGINE=InnoDB DEFAULT CHARSET=utf8 COLLATE=utf8_unicode_ci;

DROP TABLE IF EXISTS `craft_entries`;


--
-- Schema for table `craft_entries`
--
CREATE TABLE `craft_entries` (
  `id` int(11) NOT NULL,
  `sectionId` int(11) NOT NULL,
  `typeId` int(11) DEFAULT NULL,
  `authorId` int(11) DEFAULT NULL,
  `postDate` datetime DEFAULT NULL,
  `expiryDate` datetime DEFAULT NULL,
  `dateCreated` datetime NOT NULL,
  `dateUpdated` datetime NOT NULL,
  `uid` char(36) COLLATE utf8_unicode_ci NOT NULL DEFAULT '0',
  PRIMARY KEY (`id`),
  KEY `craft_entries_sectionId_idx` (`sectionId`),
  KEY `craft_entries_typeId_idx` (`typeId`),
  KEY `craft_entries_postDate_idx` (`postDate`),
  KEY `craft_entries_expiryDate_idx` (`expiryDate`),
  KEY `craft_entries_authorId_fk` (`authorId`)
) ENGINE=InnoDB DEFAULT CHARSET=utf8 COLLATE=utf8_unicode_ci;

--
-- Data for table `craft_entries`
--

INSERT INTO `craft_entries` (`id`, `sectionId`, `typeId`, `authorId`, `postDate`, `expiryDate`, `dateCreated`, `dateUpdated`, `uid`) VALUES
 ('4', '4', NULL, NULL, '2018-10-04 07:04:21', NULL, '2018-10-04 07:04:21', '2018-10-04 07:04:21', '2298fc1a-a684-42dc-a080-66e0450b9e86'),
 ('5', '5', NULL, NULL, '2018-10-04 07:04:45', NULL, '2018-10-04 07:04:45', '2018-10-04 09:13:15', '0044ea36-f718-4763-8934-03a87d04a3d2'),
 ('8', '3', '3', '1', '2018-10-04 07:45:00', NULL, '2018-10-04 07:43:50', '2018-10-04 08:26:42', '04878c76-043e-4f44-975c-b2e25f099cf5'),
 ('15', '6', '6', NULL, '2018-10-04 08:33:54', NULL, '2018-10-04 08:30:04', '2018-10-04 08:35:37', 'c7a312e2-8c35-4a62-bdc9-cb5542831153');



DROP TABLE IF EXISTS `craft_entrydrafts`;


--
-- Schema for table `craft_entrydrafts`
--
CREATE TABLE `craft_entrydrafts` (
  `id` int(11) NOT NULL AUTO_INCREMENT,
  `entryId` int(11) NOT NULL,
  `sectionId` int(11) NOT NULL,
  `creatorId` int(11) NOT NULL,
  `locale` char(12) COLLATE utf8_unicode_ci NOT NULL,
  `name` varchar(255) COLLATE utf8_unicode_ci NOT NULL,
  `notes` tinytext COLLATE utf8_unicode_ci,
  `data` mediumtext COLLATE utf8_unicode_ci NOT NULL,
  `dateCreated` datetime NOT NULL,
  `dateUpdated` datetime NOT NULL,
  `uid` char(36) COLLATE utf8_unicode_ci NOT NULL DEFAULT '0',
  PRIMARY KEY (`id`),
  KEY `craft_entrydrafts_entryId_locale_idx` (`entryId`,`locale`),
  KEY `craft_entrydrafts_sectionId_fk` (`sectionId`),
  KEY `craft_entrydrafts_creatorId_fk` (`creatorId`),
  KEY `craft_entrydrafts_locale_fk` (`locale`)
) ENGINE=InnoDB DEFAULT CHARSET=utf8 COLLATE=utf8_unicode_ci;

DROP TABLE IF EXISTS `craft_entrytypes`;


--
-- Schema for table `craft_entrytypes`
--
CREATE TABLE `craft_entrytypes` (
  `id` int(11) NOT NULL AUTO_INCREMENT,
  `sectionId` int(11) NOT NULL,
  `fieldLayoutId` int(11) DEFAULT NULL,
  `name` varchar(255) COLLATE utf8_unicode_ci NOT NULL,
  `handle` varchar(255) COLLATE utf8_unicode_ci NOT NULL,
  `hasTitleField` tinyint(1) unsigned NOT NULL DEFAULT '1',
  `titleLabel` varchar(255) COLLATE utf8_unicode_ci DEFAULT 'Title',
  `titleFormat` varchar(255) COLLATE utf8_unicode_ci DEFAULT NULL,
  `sortOrder` smallint(6) unsigned DEFAULT NULL,
  `dateCreated` datetime NOT NULL,
  `dateUpdated` datetime NOT NULL,
  `uid` char(36) COLLATE utf8_unicode_ci NOT NULL DEFAULT '0',
  PRIMARY KEY (`id`),
  UNIQUE KEY `craft_entrytypes_name_sectionId_unq_idx` (`name`,`sectionId`),
  UNIQUE KEY `craft_entrytypes_handle_sectionId_unq_idx` (`handle`,`sectionId`),
  KEY `craft_entrytypes_sectionId_fk` (`sectionId`),
  KEY `craft_entrytypes_fieldLayoutId_fk` (`fieldLayoutId`)
) ENGINE=InnoDB AUTO_INCREMENT=7 DEFAULT CHARSET=utf8 COLLATE=utf8_unicode_ci;

--
-- Data for table `craft_entrytypes`
--

INSERT INTO `craft_entrytypes` (`id`, `sectionId`, `fieldLayoutId`, `name`, `handle`, `hasTitleField`, `titleLabel`, `titleFormat`, `sortOrder`, `dateCreated`, `dateUpdated`, `uid`) VALUES
 ('3', '3', '27', 'Cars', 'cars', '1', 'Title', NULL, '1', '2018-10-04 07:03:49', '2018-10-04 08:24:28', '959c18af-099e-431b-ad2f-9c4a2f00603e'),
 ('4', '4', '32', 'Screensaver', 'screensaver', '1', '', NULL, '1', '2018-10-04 07:04:21', '2018-10-04 08:29:43', 'aa5dbe0c-962f-4525-b280-4f5a4fd214e0'),
 ('5', '5', '37', 'Privacy', 'privacy', '1', '', NULL, '1', '2018-10-04 07:04:45', '2018-10-04 08:35:17', '5df04b24-1d8b-4240-b55f-9338578bddc7'),
 ('6', '6', '36', 'About', 'info', '1', '', NULL, '1', '2018-10-04 08:30:04', '2018-10-04 08:35:13', '82538197-bbda-4b8e-82a2-4ee4bdd814d5');



DROP TABLE IF EXISTS `craft_entryversions`;


--
-- Schema for table `craft_entryversions`
--
CREATE TABLE `craft_entryversions` (
  `id` int(11) NOT NULL AUTO_INCREMENT,
  `entryId` int(11) NOT NULL,
  `sectionId` int(11) NOT NULL,
  `creatorId` int(11) DEFAULT NULL,
  `locale` char(12) COLLATE utf8_unicode_ci NOT NULL,
  `num` smallint(6) unsigned NOT NULL,
  `notes` tinytext COLLATE utf8_unicode_ci,
  `data` mediumtext COLLATE utf8_unicode_ci NOT NULL,
  `dateCreated` datetime NOT NULL,
  `dateUpdated` datetime NOT NULL,
  `uid` char(36) COLLATE utf8_unicode_ci NOT NULL DEFAULT '0',
  PRIMARY KEY (`id`),
  KEY `craft_entryversions_entryId_locale_idx` (`entryId`,`locale`),
  KEY `craft_entryversions_sectionId_fk` (`sectionId`),
  KEY `craft_entryversions_creatorId_fk` (`creatorId`),
  KEY `craft_entryversions_locale_fk` (`locale`)
) ENGINE=InnoDB AUTO_INCREMENT=25 DEFAULT CHARSET=utf8 COLLATE=utf8_unicode_ci;

--
-- Data for table `craft_entryversions`
--

INSERT INTO `craft_entryversions` (`id`, `entryId`, `sectionId`, `creatorId`, `locale`, `num`, `notes`, `data`, `dateCreated`, `dateUpdated`, `uid`) VALUES
 ('4', '4', '4', '1', 'en_au', '1', NULL, '{\"typeId\":\"4\",\"authorId\":null,\"title\":\"Screensaver\",\"slug\":\"screensaver\",\"postDate\":1538636661,\"expiryDate\":null,\"enabled\":1,\"parentId\":null,\"fields\":[]}', '2018-10-04 07:04:21', '2018-10-04 07:04:21', '559cc53a-dff3-4300-95b7-a1cc4dbd3a57'),
 ('5', '5', '5', '1', 'en_au', '1', NULL, '{\"typeId\":\"5\",\"authorId\":null,\"title\":\"Privacy\",\"slug\":\"privacy\",\"postDate\":1538636685,\"expiryDate\":null,\"enabled\":1,\"parentId\":null,\"fields\":[]}', '2018-10-04 07:04:45', '2018-10-04 07:04:45', 'cf3f0a80-8233-4d54-99d2-c8cfd6ea4ef4'),
 ('6', '8', '3', '1', 'en_au', '1', '', '{\"typeId\":null,\"authorId\":\"1\",\"title\":\"Alfa Romeo Stelvio\",\"slug\":\"alfa-romeo-stelvio\",\"postDate\":null,\"expiryDate\":null,\"enabled\":0,\"parentId\":null,\"fields\":{\"12\":{\"leftPercentage\":\"\",\"topPercentage\":\"\"},\"8\":[],\"13\":{\"leftPercentage\":\"\",\"topPercentage\":\"\"},\"14\":\"2018 heralded another new chapter for Alfa Romeo, with the launch of our first ever SUV. Alfa Romeo Stelvio contradicted traditional SUV values. Beautiful and functional, the attention to detail in every design feature are designed to appeal to both your head and your heart. \"}}', '2018-10-04 07:43:50', '2018-10-04 07:43:50', '71f28d32-f8c4-4c41-b58b-36941f2d82f1'),
 ('7', '8', '3', '1', 'en_au', '2', '', '{\"typeId\":\"3\",\"authorId\":\"1\",\"title\":\"Alfa Romeo Stelvio\",\"slug\":\"alfa-romeo-stelvio\",\"postDate\":1538639101,\"expiryDate\":null,\"enabled\":1,\"parentId\":null,\"fields\":{\"12\":{\"leftPercentage\":\"\",\"topPercentage\":\"\"},\"8\":[],\"13\":{\"leftPercentage\":\"\",\"topPercentage\":\"\"},\"14\":\"2018 heralded another new chapter for Alfa Romeo, with the launch of our first ever SUV. Alfa Romeo Stelvio contradicted traditional SUV values. Beautiful and functional, the attention to detail in every design feature are designed to appeal to both your head and your heart. \",\"15\":\"Intro into Stelvio\"}}', '2018-10-04 07:45:01', '2018-10-04 07:45:01', '79c182b5-7989-4b67-a5b5-27ff8a5cdc13'),
 ('8', '8', '3', '1', 'en_au', '3', '', '{\"typeId\":\"3\",\"authorId\":\"1\",\"title\":\"Alfa Romeo Stelvio\",\"slug\":\"alfa-romeo-stelvio\",\"postDate\":1538639100,\"expiryDate\":null,\"enabled\":1,\"parentId\":null,\"fields\":{\"12\":{\"leftPercentage\":\"62.9979\",\"topPercentage\":\"73.3867\"},\"8\":[],\"13\":{\"leftPercentage\":\"37.2145\",\"topPercentage\":\"36.7004\"},\"14\":\"2018 heralded another new chapter for Alfa Romeo, with the launch of our first ever SUV. Alfa Romeo Stelvio contradicted traditional SUV values. Beautiful and functional, the attention to detail in every design feature are designed to appeal to both your head and your heart. \",\"15\":\"Intro into Stelvio\"}}', '2018-10-04 07:46:03', '2018-10-04 07:46:03', 'b4830d89-c0fa-4e6a-93d6-866d1a31f6a1'),
 ('9', '8', '3', '1', 'en_au', '4', '', '{\"typeId\":\"3\",\"authorId\":\"1\",\"title\":\"Alfa Romeo Stelvio\",\"slug\":\"alfa-romeo-stelvio\",\"postDate\":1538639100,\"expiryDate\":null,\"enabled\":1,\"parentId\":null,\"fields\":{\"12\":{\"leftPercentage\":\"50.0779\",\"topPercentage\":\"66.7719\"},\"8\":[],\"13\":{\"leftPercentage\":\"37.2145\",\"topPercentage\":\"36.7004\"},\"14\":\"2018 heralded another new chapter for Alfa Romeo, with the launch of our first ever SUV. Alfa Romeo Stelvio contradicted traditional SUV values. Beautiful and functional, the attention to detail in every design feature are designed to appeal to both your head and your heart. \",\"15\":\"Intro into Stelvio\"}}', '2018-10-04 07:51:54', '2018-10-04 07:51:54', 'fd7a1c4f-467c-4dca-98cb-7dd3cb2542bb'),
 ('10', '8', '3', '1', 'en_au', '5', '', '{\"typeId\":\"3\",\"authorId\":\"1\",\"title\":\"Alfa Romeo Stelvio\",\"slug\":\"alfa-romeo-stelvio\",\"postDate\":1538639100,\"expiryDate\":null,\"enabled\":1,\"parentId\":null,\"fields\":{\"12\":{\"leftPercentage\":\"73.8417\",\"topPercentage\":\"64.9171\"},\"8\":[],\"13\":{\"leftPercentage\":\"37.2145\",\"topPercentage\":\"36.7004\"},\"14\":\"2018 heralded another new chapter for Alfa Romeo, with the launch of our first ever SUV. Alfa Romeo Stelvio contradicted traditional SUV values. Beautiful and functional, the attention to detail in every design feature are designed to appeal to both your head and your heart. \",\"15\":\"Intro into Stelvio\"}}', '2018-10-04 07:51:58', '2018-10-04 07:51:58', 'aa8b093a-c908-44da-ae0b-069331b5604e'),
 ('11', '8', '3', '1', 'en_au', '6', '', '{\"typeId\":\"3\",\"authorId\":\"1\",\"title\":\"Alfa Romeo Stelvio\",\"slug\":\"alfa-romeo-stelvio\",\"postDate\":1538639100,\"expiryDate\":null,\"enabled\":1,\"parentId\":null,\"fields\":{\"17\":{\"10\":{\"type\":\"hotpspot\",\"enabled\":\"1\",\"fields\":{\"heading\":\"Lane Departure warning \",\"body\":\"A video sensor installed on the windscreen recognises the lane markings on the road surface and alerts the driver with audio and visual warnings, if the driver moves out of the lane involuntarily or fails to use turn signals.\",\"images\":[\"9\"],\"hotspot\":{\"leftPercentage\":\"69.2963\",\"topPercentage\":\"28.8240\"}}}},\"14\":\"2018 heralded another new chapter for Alfa Romeo, with the launch of our first ever SUV. Alfa Romeo Stelvio contradicted traditional SUV values. Beautiful and functional, the attention to detail in every design feature are designed to appeal to both your head and your heart. \",\"15\":\"Intro into Stelvio\"}}', '2018-10-04 08:16:19', '2018-10-04 08:16:19', '0152a8c7-4e65-4f47-a88c-ab6d50b79357'),
 ('12', '8', '3', '1', 'en_au', '7', '', '{\"typeId\":\"3\",\"authorId\":\"1\",\"title\":\"Alfa Romeo Stelvio\",\"slug\":\"alfa-romeo-stelvio\",\"postDate\":1538639100,\"expiryDate\":null,\"enabled\":1,\"parentId\":null,\"fields\":{\"17\":{\"10\":{\"type\":\"hotpspot\",\"enabled\":\"1\",\"fields\":{\"heading\":\"Lane Departure warning \",\"body\":\"A video sensor installed on the windscreen recognises the lane markings on the road surface and alerts the driver with audio and visual warnings, if the driver moves out of the lane involuntarily or fails to use turn signals.\",\"images\":[\"9\"],\"hotspot\":{\"leftPercentage\":\"69.2963\",\"topPercentage\":\"28.8240\"}}},\"12\":{\"type\":\"hotpspot\",\"enabled\":\"1\",\"fields\":{\"heading\":\"Forward Collison \\/ Autonomous Emergency braking \",\"body\":\"Forward Collison \\/ Autonomous Emergency braking detects when a vehicle or pedestrian is in a close forward proximity, firstly activating acoustic and visual signals, before activating the braking system as necessary in an attempt to mitigate a potential collision. \",\"images\":[\"11\"],\"hotspot\":{\"leftPercentage\":\"50.9214\",\"topPercentage\":\"73.1577\"}}}},\"14\":\"2018 heralded another new chapter for Alfa Romeo, with the launch of our first ever SUV. Alfa Romeo Stelvio contradicted traditional SUV values. Beautiful and functional, the attention to detail in every design feature are designed to appeal to both your head and your heart. \",\"15\":\"Intro into Stelvio\"}}', '2018-10-04 08:17:46', '2018-10-04 08:17:46', '5e99d45e-e3f5-4f09-bd15-a7f5e0519e66'),
 ('13', '8', '3', '1', 'en_au', '8', '', '{\"typeId\":\"3\",\"authorId\":\"1\",\"title\":\"Alfa Romeo Stelvio\",\"slug\":\"alfa-romeo-stelvio\",\"postDate\":1538639100,\"expiryDate\":null,\"enabled\":1,\"parentId\":null,\"fields\":{\"17\":{\"10\":{\"type\":\"hotpspot\",\"enabled\":\"1\",\"fields\":{\"heading\":\"Lane Departure warning \",\"body\":\"A video sensor installed on the windscreen recognises the lane markings on the road surface and alerts the driver with audio and visual warnings, if the driver moves out of the lane involuntarily or fails to use turn signals.\",\"images\":[\"9\"],\"point\":{\"leftPercentage\":\"69.2963\",\"topPercentage\":\"28.8240\"}}},\"12\":{\"type\":\"hotpspot\",\"enabled\":\"1\",\"fields\":{\"heading\":\"Forward Collison \\/ Autonomous Emergency braking \",\"body\":\"Forward Collison \\/ Autonomous Emergency braking detects when a vehicle or pedestrian is in a close forward proximity, firstly activating acoustic and visual signals, before activating the braking system as necessary in an attempt to mitigate a potential collision. \",\"images\":[\"11\"],\"point\":{\"leftPercentage\":\"50.9214\",\"topPercentage\":\"73.1577\"}}}},\"22\":{\"13\":{\"type\":\"hotspot\",\"enabled\":\"1\",\"fields\":{\"heading\":\"Alfa DNA \",\"body\":\"Alfa\\u2019s DNA driving mode sector allows for three different driving modes to choose from, which completely transform the car\'s dynamic performance. Standard across the Alfa Romeo range, DNA is an acronym for \\u201cDynamic,\\u201d \\u201cNatural,\\u201d and \\u201cAdvanced Efficiency\\u201d. The Dynamic mode allows the driver more control behind the wheel, with the engine and brakes operating in a more reactive manner. The \\u2018Natural\\u2019 mode is perfect for daily driving and \\u2018Advanced Efficiency\\u2019 enables controlled engine response and fuel efficiency. \",\"images\":\"\",\"point\":{\"leftPercentage\":\"\",\"topPercentage\":\"\"}}}},\"14\":\"2018 heralded another new chapter for Alfa Romeo, with the launch of our first ever SUV. Alfa Romeo Stelvio contradicted traditional SUV values. Beautiful and functional, the attention to detail in every design feature are designed to appeal to both your head and your heart. \",\"15\":\"Intro into Stelvio\"}}', '2018-10-04 08:24:54', '2018-10-04 08:24:54', '89e8f320-32c5-4353-b88a-e8b9059dc13f'),
 ('14', '8', '3', '1', 'en_au', '9', '', '{\"typeId\":\"3\",\"authorId\":\"1\",\"title\":\"Alfa Romeo Stelvio\",\"slug\":\"alfa-romeo-stelvio\",\"postDate\":1538639100,\"expiryDate\":null,\"enabled\":1,\"parentId\":null,\"fields\":{\"17\":{\"10\":{\"type\":\"hotpspot\",\"enabled\":\"1\",\"fields\":{\"heading\":\"Lane Departure warning \",\"body\":\"A video sensor installed on the windscreen recognises the lane markings on the road surface and alerts the driver with audio and visual warnings, if the driver moves out of the lane involuntarily or fails to use turn signals.\",\"images\":[\"9\"],\"point\":{\"leftPercentage\":\"69.2963\",\"topPercentage\":\"28.8240\"}}},\"12\":{\"type\":\"hotpspot\",\"enabled\":\"1\",\"fields\":{\"heading\":\"Forward Collison \\/ Autonomous Emergency braking \",\"body\":\"Forward Collison \\/ Autonomous Emergency braking detects when a vehicle or pedestrian is in a close forward proximity, firstly activating acoustic and visual signals, before activating the braking system as necessary in an attempt to mitigate a potential collision. \",\"images\":[\"11\"],\"point\":{\"leftPercentage\":\"50.9214\",\"topPercentage\":\"73.1577\"}}}},\"22\":{\"13\":{\"type\":\"hotspot\",\"enabled\":\"1\",\"fields\":{\"heading\":\"Alfa DNA \",\"body\":\"Alfa\\u2019s DNA driving mode sector allows for three different driving modes to choose from, which completely transform the car\'s dynamic performance. Standard across the Alfa Romeo range, DNA is an acronym for \\u201cDynamic,\\u201d \\u201cNatural,\\u201d and \\u201cAdvanced Efficiency\\u201d. The Dynamic mode allows the driver more control behind the wheel, with the engine and brakes operating in a more reactive manner. The \\u2018Natural\\u2019 mode is perfect for daily driving and \\u2018Advanced Efficiency\\u2019 enables controlled engine response and fuel efficiency. \",\"images\":[\"14\"],\"point\":{\"leftPercentage\":\"48.3228\",\"topPercentage\":\"87.4752\"}}}},\"14\":\"2018 heralded another new chapter for Alfa Romeo, with the launch of our first ever SUV. Alfa Romeo Stelvio contradicted traditional SUV values. Beautiful and functional, the attention to detail in every design feature are designed to appeal to both your head and your heart. \",\"15\":\"Intro into Stelvio\"}}', '2018-10-04 08:25:44', '2018-10-04 08:25:44', '304a105a-6fb6-436b-a1fb-fb52609c87a2'),
 ('15', '8', '3', '1', 'en_au', '10', '', '{\"typeId\":\"3\",\"authorId\":\"1\",\"title\":\"Alfa Romeo Stelvio\",\"slug\":\"alfa-romeo-stelvio\",\"postDate\":1538639100,\"expiryDate\":null,\"enabled\":1,\"parentId\":null,\"fields\":{\"17\":{\"10\":{\"type\":\"hotpspot\",\"enabled\":\"1\",\"fields\":{\"heading\":\"Lane Departure warning \",\"body\":\"A video sensor installed on the windscreen recognises the lane markings on the road surface and alerts the driver with audio and visual warnings, if the driver moves out of the lane involuntarily or fails to use turn signals.\",\"images\":[\"9\"],\"point\":{\"leftPercentage\":\"69.2963\",\"topPercentage\":\"28.8240\"}}},\"12\":{\"type\":\"hotpspot\",\"enabled\":\"1\",\"fields\":{\"heading\":\"Forward Collison \\/ Autonomous Emergency braking \",\"body\":\"Forward Collison \\/ Autonomous Emergency braking detects when a vehicle or pedestrian is in a close forward proximity, firstly activating acoustic and visual signals, before activating the braking system as necessary in an attempt to mitigate a potential collision. \",\"images\":[\"11\"],\"point\":{\"leftPercentage\":\"50.9214\",\"topPercentage\":\"73.1577\"}}}},\"22\":{\"13\":{\"type\":\"hotspot\",\"enabled\":\"1\",\"fields\":{\"heading\":\"Alfa DNA \",\"body\":\"Alfa\\u2019s DNA driving mode sector allows for three different driving modes to choose from, which completely transform the car\'s dynamic performance. Standard across the Alfa Romeo range, DNA is an acronym for \\u201cDynamic,\\u201d \\u201cNatural,\\u201d and \\u201cAdvanced Efficiency\\u201d. The Dynamic mode allows the driver more control behind the wheel, with the engine and brakes operating in a more reactive manner. The \\u2018Natural\\u2019 mode is perfect for daily driving and \\u2018Advanced Efficiency\\u2019 enables controlled engine response and fuel efficiency. \",\"images\":[\"14\"],\"point\":{\"leftPercentage\":\"48.3228\",\"topPercentage\":\"87.4752\"}}}},\"14\":\"2018 heralded another new chapter for Alfa Romeo, with the launch of our first ever SUV. Alfa Romeo Stelvio contradicted traditional SUV values. Beautiful and functional, the attention to detail in every design feature are designed to appeal to both your head and your heart. \",\"15\":\"Intro into Stelvio\"}}', '2018-10-04 08:26:42', '2018-10-04 08:26:42', '4e7f3012-18ed-466b-ba13-23e5a050cfdc'),
 ('16', '15', '6', '1', 'en_au', '1', NULL, '{\"typeId\":\"6\",\"authorId\":null,\"title\":\"Info\",\"slug\":\"info\",\"postDate\":1538641804,\"expiryDate\":null,\"enabled\":1,\"parentId\":null,\"fields\":[]}', '2018-10-04 08:30:04', '2018-10-04 08:30:04', 'fc6ecc9e-5148-4042-8196-a3512093d10f'),
 ('17', '15', '6', '1', 'en_au', '2', '', '{\"typeId\":\"6\",\"authorId\":null,\"title\":\"About Motome\",\"slug\":\"info\",\"postDate\":1538642034,\"expiryDate\":null,\"enabled\":1,\"parentId\":null,\"fields\":{\"1\":\"About Motome content goes here\"}}', '2018-10-04 08:35:37', '2018-10-04 08:35:37', 'cad940b0-bc28-4fa2-aaf3-4db54940223e'),
 ('18', '5', '5', '1', 'en_au', '2', '', '{\"typeId\":null,\"authorId\":null,\"title\":\"Privacy\",\"slug\":\"privacy\",\"postDate\":1538636685,\"expiryDate\":null,\"enabled\":1,\"parentId\":null,\"fields\":{\"27\":\"<p>MotoMe Privacy Policy<br>The MotoMe Privacy Policy (\\\"Privacy Policy\\\") sets out:<br><span class=\\\"Apple-tab-span\\\"> <\\/span>\\u2022<span class=\\\"Apple-converted-space\\\">&nbsp;<\\/span>why we need to collect personal information;<\\/p>\\r\\n<p><span class=\\\"Apple-tab-span\\\"> <\\/span>\\u2022<span class=\\\"Apple-converted-space\\\">&nbsp;<\\/span>how we collect it;<\\/p>\\r\\n<p><span class=\\\"Apple-tab-span\\\"> <\\/span>\\u2022<span class=\\\"Apple-converted-space\\\">&nbsp;<\\/span>what we do with it;<\\/p>\\r\\n<p><span class=\\\"Apple-tab-span\\\"> <\\/span>\\u2022<span class=\\\"Apple-converted-space\\\">&nbsp;<\\/span>how it\'s stored; and<\\/p>\\r\\n<p><span class=\\\"Apple-tab-span\\\"> <\\/span>\\u2022<span class=\\\"Apple-converted-space\\\">&nbsp;<\\/span>who we might share it with and why.<\\/p>\\r\\n<p>The Privacy Policy also describes:<br><span class=\\\"Apple-tab-span\\\"> <\\/span>\\u2022<span class=\\\"Apple-converted-space\\\">&nbsp;<\\/span>how you can access or correct information we hold about you;<\\/p>\\r\\n<p><span class=\\\"Apple-tab-span\\\"> <\\/span>\\u2022<span class=\\\"Apple-converted-space\\\">&nbsp;<\\/span>how you can ask further questions or make a complaint; and<\\/p>\\r\\n<p><span class=\\\"Apple-tab-span\\\"> <\\/span>\\u2022<span class=\\\"Apple-converted-space\\\">&nbsp;<\\/span>information about our websites and online activities.<\\/p>\\r\\n<p>Personal information<br>\'Personal information\' is defined within The Privacy Act (1988) as any \\\"information or an opinion, whether true or not, and whether recorded in a&nbsp;material form or not, about an identified individual, or an individual who is reasonably identifiable.\\\"<br>The Privacy Act (1988)<br>MotoMe is bound by the Privacy Act (1988).<br>The information we collect and why<br>In providing you with the MotoMe Applications and Services (\\\"MotoMe\\\") we will occasionally receive, store and process \'personal information\'&nbsp;about you that you make available to us.<br>The \'Personal information\' we may collect from you includes (but is not limited to):<br><span class=\\\"Apple-tab-span\\\"> <\\/span>\\u2022<span class=\\\"Apple-converted-space\\\">&nbsp;<\\/span>Your name;<\\/p>\\r\\n<p><span class=\\\"Apple-tab-span\\\"> <\\/span>\\u2022<span class=\\\"Apple-converted-space\\\">&nbsp;<\\/span>Your email address;<\\/p>\\r\\n<p><span class=\\\"Apple-tab-span\\\"> <\\/span>\\u2022<span class=\\\"Apple-converted-space\\\">&nbsp;<\\/span>Your phone number;<\\/p>\\r\\n<p><span class=\\\"Apple-tab-span\\\"> <\\/span>\\u2022<span class=\\\"Apple-converted-space\\\">&nbsp;<\\/span>Your postcode;<\\/p>\\r\\n<p><span class=\\\"Apple-tab-span\\\"> <\\/span>\\u2022<span class=\\\"Apple-converted-space\\\">&nbsp;<\\/span>Your device\'s IP Address.<\\/p>\\r\\n<p>Other information (that is not necessarily \'personal information\') we may collect about you during your use of MotoMe includes (but is not limited&nbsp;to): your car preferences, your car buying budget, your car buying timeframe, information about your car trade in and whether or not you are&nbsp;seeking finance.<br>Specific times you will provide personal information to us include (but are not limited to):<br><span class=\\\"Apple-tab-span\\\"> <\\/span>\\u2022<span class=\\\"Apple-converted-space\\\">&nbsp;<\\/span>When you view drive away pricing, which is based on your location;<\\/p>\\r\\n<p><span class=\\\"Apple-tab-span\\\"> <\\/span>\\u2022<span class=\\\"Apple-converted-space\\\">&nbsp;<\\/span>When you create an account with MotoMe;<\\/p>\\r\\n<p><span class=\\\"Apple-tab-span\\\"> <\\/span>\\u2022<span class=\\\"Apple-converted-space\\\">&nbsp;<\\/span>When you request MotoMe assistance in purchasing a car (also referred to as \\\"getting a quote\\\");<\\/p>\\r\\n<p><span class=\\\"Apple-tab-span\\\"> <\\/span>\\u2022<span class=\\\"Apple-converted-space\\\">&nbsp;<\\/span>When you request a test drive of a car;<\\/p>\\r\\n<p><span class=\\\"Apple-tab-span\\\"> <\\/span>\\u2022<span class=\\\"Apple-converted-space\\\">&nbsp;<\\/span>When you communicate with MotoMe in person, phone calls, emails and via social media;<\\/p>\\r\\n<p><span class=\\\"Apple-tab-span\\\"> <\\/span>\\u2022<span class=\\\"Apple-converted-space\\\">&nbsp;<\\/span>When you link your account on a third party site (e.g. Facebook) to your MotoMe account, in which case we will obtain the Personal&nbsp;Information that you have provided to the third party site, to the extent allowed by your settings with the third party site and authorised&nbsp;by you.<\\/p>\\r\\n<p>Without such information, we may not be able to provide you with an appropriate level of service.<br>How we store and secure your information<br>We keep personal information in physical and electronic records, at our premises and the premises of our service providers, which includes&nbsp;storage on the cloud. Where this occurs, we take steps to protect personal information against misuse or loss.<br>We also keep records of our interactions with you (including by telephone, email and online) and your enquiries or complaints.<br><br>Keeping your information secure<br>We use security procedures and technology to protect the information we hold. Access to and use of personal information within MotoMe seeks&nbsp;to prevent misuse or unlawful disclosure of the information, this includes internal policies, auditing, training and monitoring of staff.<br>If other organisations provide support services, we require them to appropriately safeguard the privacy of the information provided to them.<br>Where the personal information we collect is no longer required, we delete the information or permanently de-identify it in accordance with&nbsp;relevant laws and our records management policy.<br>How we use your information<br>We use personal information about you for the purpose for which it was provided to us, including:<br><span class=\\\"Apple-tab-span\\\"> <\\/span>\\u2022<span class=\\\"Apple-converted-space\\\">&nbsp;<\\/span>To provide you with drive away pricing on the cars you browse;<\\/p>\\r\\n<p><span class=\\\"Apple-tab-span\\\"> <\\/span>\\u2022<span class=\\\"Apple-converted-space\\\">&nbsp;<\\/span>To create a MotoMe account for you and store your information and preferences;<\\/p>\\r\\n<p><span class=\\\"Apple-tab-span\\\"> <\\/span>\\u2022<span class=\\\"Apple-converted-space\\\">&nbsp;<\\/span>To personalise your experience with MotoMe based on your information and preferences;<\\/p>\\r\\n<p><span class=\\\"Apple-tab-span\\\"> <\\/span>\\u2022<span class=\\\"Apple-converted-space\\\">&nbsp;<\\/span>To assist you with purchasing a car (also referred to as \\\"getting a quote\\\");<\\/p>\\r\\n<p><span class=\\\"Apple-tab-span\\\"> <\\/span>\\u2022<span class=\\\"Apple-converted-space\\\">&nbsp;<\\/span>To assist you in arranging a test drive of a car;<\\/p>\\r\\n<p><span class=\\\"Apple-tab-span\\\"> <\\/span>\\u2022<span class=\\\"Apple-converted-space\\\">&nbsp;<\\/span>To communicate with you and deal with or investigate any complaints or enquiries.<\\/p>\\r\\n<p>We may also use information you provide \\u2013 de-identified wherever possible \\u2013 to:<br><span class=\\\"Apple-tab-span\\\"> <\\/span>\\u2022<span class=\\\"Apple-converted-space\\\">&nbsp;<\\/span>administer, manage, improve and optimise MotoMe (including monitoring, auditing, and evaluating MotoMe);<\\/p>\\r\\n<p><span class=\\\"Apple-tab-span\\\"> <\\/span>\\u2022<span class=\\\"Apple-converted-space\\\">&nbsp;<\\/span>model and test data (in a controlled environment);<\\/p>\\r\\n<p><span class=\\\"Apple-tab-span\\\"> <\\/span>\\u2022<span class=\\\"Apple-converted-space\\\">&nbsp;<\\/span>develop scores, risk assessments and related analytical tools;<\\/p>\\r\\n<p><span class=\\\"Apple-tab-span\\\"> <\\/span>\\u2022<span class=\\\"Apple-converted-space\\\">&nbsp;<\\/span>conduct market research, new product development and fraud mitigation;<\\/p>\\r\\n<p><span class=\\\"Apple-tab-span\\\"> <\\/span>\\u2022<span class=\\\"Apple-converted-space\\\">&nbsp;<\\/span>undertake related purposes which would reasonably be expected without your express permission. For example, we may from time to&nbsp;time use your personal information to inform you of products and services which we expect may be of interest to you. However, if you do&nbsp;not want to receive such communications you can tell us:<\\/p>\\r\\n<p><span class=\\\"Apple-tab-span\\\"> <\\/span>\\u2022<span class=\\\"Apple-converted-space\\\">&nbsp;<\\/span>At the time of collection of your personal information;<\\/p>\\r\\n<p><span class=\\\"Apple-tab-span\\\"> <\\/span>\\u2022<span class=\\\"Apple-converted-space\\\">&nbsp;<\\/span>By following the instructions to \'unsubscribe\' or \'opt-out\' which will be included in any such communications sent to you, which&nbsp;may include accessing a web-link or replying to a message;<\\/p>\\r\\n<p><span class=\\\"Apple-tab-span\\\"> <\\/span>\\u2022<span class=\\\"Apple-converted-space\\\">&nbsp;<\\/span>By writing to us at&nbsp;privacy@motome.com.au&nbsp;requesting that you be unsubscribed from such communications.<\\/p>\\r\\n<p>While we may sometimes \\u2013 where it is lawful and with your permission if necessary \\u2013 share personal information with companies we do&nbsp;business with (e.g. in product development, joint venture arrangements or distribution arrangements),&nbsp;we do not sell personal information for&nbsp;marketing purposes to other organisations or allow such companies to do this.<br>When your information is disclosed<br>We may share personal information within MotoMe and, where necessary to provide the requested service to you, may disclose your personal&nbsp;information outside MotoMe in the following situations:<br><br>Requesting a test drive<br>When you request a test drive via MotoMe, we must necessarily disclose the information you provide to the car dealer who will fulfil your test&nbsp;drive request. Any information expressly provided by you when you request a test drive may be passed on to the car dealer, including your&nbsp;preference as to whether or not you would like to receive promotional communications from the car dealer; by default, you will be opted-out of&nbsp;receiving such communications.<br><br>Requesting assistance buying a car<br>When you request assistance purchasing a car (also referred to as \\\"getting a quote\\\") via MotoMe, we must necessarily disclose the information&nbsp;you provide to the car dealer who you select to purchase the car from. Any information expressly provided by you when you request assistance&nbsp;purchasing a car may be passed on to this car dealer, including your preference as to whether or not you would like to receive promotional&nbsp;communications from the car dealer; by default, you will be opted-out of receiving such communications.<br><br>Other:<br>We may also share personal information within MotoMe, and may disclose personal information outside MotoMe as required by law or&nbsp;regulations.<br>When you interact with Macquarie finance tools<br>Products and services relating to finance on MotoMe are provided by Macquarie Leasing Pty Ltd ABN 38 002 674 982, Australian Credit Licence&nbsp;394925, a subsidiary of Macquarie Group Limited ACN 122 169 279 (\\\"Macquarie Group\\\") and its related bodies corporate.<br>Should you interact with Macquarie Group products and services, you may, in the course of using those products and services, be required to&nbsp;provide \'personal information\' to Macquarie Group. In such instances, your \'personal information\' will be handled in accordance with the&nbsp;Macquarie Group&nbsp;Privacy Policy&nbsp;,&nbsp;Terms of Use&nbsp;,&nbsp;Important Information&nbsp;and&nbsp;Regulatory Disclosures&nbsp;(collectively the \\\"Policies and Procedures of&nbsp;Macquarie Group\\\").<br>If you do not agree to any part of the Policies and Procedures of Macquarie Group, then we cannot provide the Macquarie Group products and&nbsp;services to you, and you should stop accessing Macquarie Group products and services.<br>Keeping information accurate and up-to-date<br>We take reasonable steps to ensure that all information we hold is as accurate and up-to-date. You are able to contact us at any time and ask&nbsp;for its correction if you feel the information we have about you is inaccurate or incomplete. You can do so by writing to&nbsp;privacy@motome.com.au.<br>Keeping your information secure and its deletion when no longer required<br>We use security procedures and technology to protect the information we hold. Access to and use of personal information within MotoMe seeks&nbsp;to prevent misuse or unlawful disclosure of the information, this includes internal policies, auditing, training and monitoring of staff.<br>If other organisations provide support services, we require them to appropriately safeguard the privacy of the information provided to them.<br>Where the personal information we collect is no longer required, we delete the information or permanently de-identify it in accordance with&nbsp;relevant laws and our records management policy.<br><br>When you create an account with MotoMe<br>When you create a MotoMe account, any information you provide will be retained indefinitely so long as your account remains active (\'active\' in&nbsp;this case means you have not explicitly advised us you wish to delete the account).<br>When you delete your MotoMe account, your account data, including any personal information, will be immediately and permanently deleted.&nbsp;Non-personal information may be retained in a de-identified state.<br>We may otherwise retain related information, which may include personal information, in such a state and for a period of time as required by&nbsp;law or regulations. For example, we are required by law to keep records of your transactions with us for a period of at least 7-years.<br>How you can access or correct your information<br>You can contact us to request access to or correction of your personal information. In normal circumstances we will give you full access or&nbsp;make the requested corrections to your information. However, there may be some legal or administrative reasons to deny these requests. If your&nbsp;request is denied, we will provide you with the reason why (if we can). Where we decide not to make a requested correction to your personal&nbsp;information and you disagree, you may ask us to make a note of your requested correction with the information.<br>To request access or a correction to your personal information, please write to us at&nbsp;privacy@motome.com.au.<br>Dealing with MotoMe online<br>When you visit MotoMe websites you will browse anonymously unless you have logged into your MotoMe account or accessed the website from a&nbsp;personalised communication from MotoMe.<br>For all visitors to our web site, we use cookies and\\/or browser local storage to collect anonymous information such as the server your computer&nbsp;is logged on to, your browser type (for example, Internet Explorer, Chrome or Firefox), and your IP address. (An IP address is a number that is&nbsp;assigned to your computer automatically and required for using the Internet). We may also derive the location associated with an IP address.<br>Once you have logged into your MotoMe account, accessed our website from an e-mail or other personalised communication sent to you, or&nbsp;provided us with personal information by completing a form online, we may be able to identify you and we may combine that with other&nbsp;information in order to provide you with a better online experience. If you would prefer not to be identified you can delete the cookies and\\/or&nbsp;local storage data and reconfigure the tracking preferences on your internet browser (see the \'Cookies and local storage\' section below).<br>While you may disable tracking through your browser settings, we do not change our practices in response to a \\\"Do Not Track\\\" signal in the HTTP&nbsp;header from your browser or mobile application. We track your activities if you click on advertisements for MotoMe services on third party&nbsp;platforms such as search engines and social networks, and may use analytics to track what you do in response to those advertisements.<br>Cookies and local storage<br>A \'cookie\' is a packet of information placed on a user\'s computer by a website for record keeping purposes.<br>\'Local storage\' is a standard facility provided by HTML5-compliant browsers used to retain data on your computer across visits to the same&nbsp;website.<br>While cookies and local storage are not considered personal information, they are generally used on MotoMe sites to:<br><span class=\\\"Apple-tab-span\\\"> <\\/span>\\u2022<span class=\\\"Apple-converted-space\\\">&nbsp;<\\/span>access online services - if you log into secure areas on our website we will use cookies and\\/or local storage to authorise your access and&nbsp;save your preferences;<\\/p>\\r\\n<p><span class=\\\"Apple-tab-span\\\"> <\\/span>\\u2022<span class=\\\"Apple-converted-space\\\">&nbsp;<\\/span>manage advertising - when you see one of our ads on a third party website, cookies are sometimes used to collect anonymous&nbsp;information about the page you visit and the type of software you are using;<\\/p>\\r\\n<p><span class=\\\"Apple-tab-span\\\"> <\\/span>\\u2022<span class=\\\"Apple-converted-space\\\">&nbsp;<\\/span>monitor traffic - we use anonymous information to track how people are using the MotoMe site. This may include time of visit, pages&nbsp;visited and some system information about the type of computer you are using;<\\/p>\\r\\n<p><span class=\\\"Apple-tab-span\\\"> <\\/span>\\u2022<span class=\\\"Apple-converted-space\\\">&nbsp;<\\/span>monitor your use of our website - if we have identified you as a result of you logging into a MotoMe client portal, accessing our website&nbsp;from a personalised communication or providing us with personal information by completing a form online, we may use cookies and\\/or&nbsp;local storage to collect personal information about you.<\\/p>\\r\\n<p>You can configure how your browser stores cookies and local storage data, which may include the ability to accept, reject or notify you about&nbsp;attempts to store this data (Each browser is different, so check the \\\"Help\\\" menu of your browser to learn how to change your cookie and site&nbsp;data preferences).<br>If you disable the use of cookies and\\/or local storage on your web browser or remove or reject specific cookies and\\/or local storage from&nbsp;MotoMe or linked sites, then you may not be able to gain access to all of the content and features on those websites.<br>Changes to this Policy<br>We may make changes to this Privacy Policy at any time. If we make material changes to the Privacy Policy, we will advise you either by posting&nbsp;the changed Privacy Policy on MotoMe or by sending you an email.<br>If you do not wish to agree to the new Privacy Policy, then we cannot continue to provide MotoMe to you, and you should stop accessing MotoMe&nbsp;and, if you have a MotoMe account, you should delete it.<br>Contact us<br>If you have any questions or complaints regarding privacy or information handling, please write to&nbsp;privacy@motome.com.au. We will respond to&nbsp;let you know when you can expect a further response.<br>If your concerns are not resolved to your satisfaction, you may be able to escalate your complaint to an external dispute resolution scheme or to&nbsp;a regulatory authority. We can provide details of the appropriate scheme\\/regulator for you, as these may vary by jurisdiction or product.<br>Other important information<br>These are general and privacy terms that apply to MotoMe, the trading name and business operated by Macquarie Leasing Pty Limited ABN 38&nbsp;002 674 982, Australian Credit Licence 394925, a subsidiary of Macquarie Group Limited ACN 122 169 279 (\\\"Macquarie Group\\\") and its related&nbsp;bodies corporate.<br>MotoMe is not a motor vehicle dealer. MotoMe is a car finance and buying service provider. It has business arrangements with a network of&nbsp;motor vehicle dealers across Australia to whom it may refer customer or from whom it may obtain quotes for customers, and will receive a fee&nbsp;for referrals or completed transactions under those arrangements.<br>MotoMe operates a platform that helps car buyers to find the car that is right for their personal circumstances and then test drive that car at a&nbsp;car dealer or purchase that car for a competitive price, whether through our website or mobile applications (\\\"Platform\\\" or \\\"Services\\\").<br>As MotoMe is a business operated by a Macquarie Group company, you should also read and understand the&nbsp;Terms of Use&nbsp;,&nbsp;Important&nbsp;Information&nbsp;and&nbsp;Privacy Policy&nbsp;, and&nbsp;Regulatory Disclosures&nbsp;of Macquarie Group (collectively the \\\"Policies and Procedures of Macquarie Group\\\"),&nbsp;as these will also apply when you use any Macquarie-branded features or services on MotoMe.<\\/p>\"}}', '2018-10-04 08:38:56', '2018-10-04 08:38:56', '2cef55d8-c81f-4622-b5c6-07e3e844e3ea'),
 ('19', '5', '5', '1', 'en_au', '3', '', '{\"typeId\":null,\"authorId\":null,\"title\":\"Privacy\",\"slug\":\"privacy\",\"postDate\":1538636685,\"expiryDate\":null,\"enabled\":1,\"parentId\":null,\"fields\":{\"27\":\"\\r\\n<p><strong>MotoMe Privacy Policy<\\/strong><\\/p>The MotoMe Privacy Policy (\\\"Privacy Policy\\\") sets out:<br><ul><li>why we need to collect personal information;<\\/li><li>how we collect it;<\\/li><li>what we do with it;<\\/li><li>how it\'s stored; and<\\/li><li>who we might share it with and why.<\\/li><\\/ul>\\r\\n<p>The Privacy Policy also describes:<br> \\u2022 how you can access or correct information we hold about you;<\\/p>\\r\\n<p> \\u2022 how you can ask further questions or make a complaint; and<\\/p>\\r\\n<p> \\u2022 information about our websites and online activities.<\\/p>\\r\\n<p>Personal information<br>\'Personal information\' is defined within The Privacy Act (1988) as any \\\"information or an opinion, whether true or not, and whether recorded in a material form or not, about an identified individual, or an individual who is reasonably identifiable.\\\"<br>The Privacy Act (1988)<br>MotoMe is bound by the Privacy Act (1988).<br>The information we collect and why<br>In providing you with the MotoMe Applications and Services (\\\"MotoMe\\\") we will occasionally receive, store and process \'personal information\' about you that you make available to us.<br>The \'Personal information\' we may collect from you includes (but is not limited to):<br> \\u2022 Your name;<\\/p>\\r\\n<p> \\u2022 Your email address;<\\/p>\\r\\n<p> \\u2022 Your phone number;<\\/p>\\r\\n<p> \\u2022 Your postcode;<\\/p>\\r\\n<p> \\u2022 Your device\'s IP Address.<\\/p>\\r\\n<p>Other information (that is not necessarily \'personal information\') we may collect about you during your use of MotoMe includes (but is not limited to): your car preferences, your car buying budget, your car buying timeframe, information about your car trade in and whether or not you are seeking finance.<br>Specific times you will provide personal information to us include (but are not limited to):<br> \\u2022 When you view drive away pricing, which is based on your location;<\\/p>\\r\\n<p> \\u2022 When you create an account with MotoMe;<\\/p>\\r\\n<p> \\u2022 When you request MotoMe assistance in purchasing a car (also referred to as \\\"getting a quote\\\");<\\/p>\\r\\n<p> \\u2022 When you request a test drive of a car;<\\/p>\\r\\n<p> \\u2022 When you communicate with MotoMe in person, phone calls, emails and via social media;<\\/p>\\r\\n<p> \\u2022 When you link your account on a third party site (e.g. Facebook) to your MotoMe account, in which case we will obtain the Personal Information that you have provided to the third party site, to the extent allowed by your settings with the third party site and authorised by you.<\\/p>\\r\\n<p>Without such information, we may not be able to provide you with an appropriate level of service.<br>How we store and secure your information<br>We keep personal information in physical and electronic records, at our premises and the premises of our service providers, which includes storage on the cloud. Where this occurs, we take steps to protect personal information against misuse or loss.<br>We also keep records of our interactions with you (including by telephone, email and online) and your enquiries or complaints.<br><br>Keeping your information secure<br>We use security procedures and technology to protect the information we hold. Access to and use of personal information within MotoMe seeks to prevent misuse or unlawful disclosure of the information, this includes internal policies, auditing, training and monitoring of staff.<br>If other organisations provide support services, we require them to appropriately safeguard the privacy of the information provided to them.<br>Where the personal information we collect is no longer required, we delete the information or permanently de-identify it in accordance with relevant laws and our records management policy.<br>How we use your information<br>We use personal information about you for the purpose for which it was provided to us, including:<br> \\u2022 To provide you with drive away pricing on the cars you browse;<\\/p>\\r\\n<p> \\u2022 To create a MotoMe account for you and store your information and preferences;<\\/p>\\r\\n<p> \\u2022 To personalise your experience with MotoMe based on your information and preferences;<\\/p>\\r\\n<p> \\u2022 To assist you with purchasing a car (also referred to as \\\"getting a quote\\\");<\\/p>\\r\\n<p> \\u2022 To assist you in arranging a test drive of a car;<\\/p>\\r\\n<p> \\u2022 To communicate with you and deal with or investigate any complaints or enquiries.<\\/p>\\r\\n<p>We may also use information you provide \\u2013 de-identified wherever possible \\u2013 to:<br> \\u2022 administer, manage, improve and optimise MotoMe (including monitoring, auditing, and evaluating MotoMe);<\\/p>\\r\\n<p> \\u2022 model and test data (in a controlled environment);<\\/p>\\r\\n<p> \\u2022 develop scores, risk assessments and related analytical tools;<\\/p>\\r\\n<p> \\u2022 conduct market research, new product development and fraud mitigation;<\\/p>\\r\\n<p> \\u2022 undertake related purposes which would reasonably be expected without your express permission. For example, we may from time to time use your personal information to inform you of products and services which we expect may be of interest to you. However, if you do not want to receive such communications you can tell us:<\\/p>\\r\\n<p> \\u2022 At the time of collection of your personal information;<\\/p>\\r\\n<p> \\u2022 By following the instructions to \'unsubscribe\' or \'opt-out\' which will be included in any such communications sent to you, which may include accessing a web-link or replying to a message;<\\/p>\\r\\n<p> \\u2022 By writing to us at privacy@motome.com.au requesting that you be unsubscribed from such communications.<\\/p>\\r\\n<p>While we may sometimes \\u2013 where it is lawful and with your permission if necessary \\u2013 share personal information with companies we do business with (e.g. in product development, joint venture arrangements or distribution arrangements), we do not sell personal information for marketing purposes to other organisations or allow such companies to do this.<br>When your information is disclosed<br>We may share personal information within MotoMe and, where necessary to provide the requested service to you, may disclose your personal information outside MotoMe in the following situations:<br><br>Requesting a test drive<br>When you request a test drive via MotoMe, we must necessarily disclose the information you provide to the car dealer who will fulfil your test drive request. Any information expressly provided by you when you request a test drive may be passed on to the car dealer, including your preference as to whether or not you would like to receive promotional communications from the car dealer; by default, you will be opted-out of receiving such communications.<br><br>Requesting assistance buying a car<br>When you request assistance purchasing a car (also referred to as \\\"getting a quote\\\") via MotoMe, we must necessarily disclose the information you provide to the car dealer who you select to purchase the car from. Any information expressly provided by you when you request assistance purchasing a car may be passed on to this car dealer, including your preference as to whether or not you would like to receive promotional communications from the car dealer; by default, you will be opted-out of receiving such communications.<br><br>Other:<br>We may also share personal information within MotoMe, and may disclose personal information outside MotoMe as required by law or regulations.<br>When you interact with Macquarie finance tools<br>Products and services relating to finance on MotoMe are provided by Macquarie Leasing Pty Ltd ABN 38 002 674 982, Australian Credit Licence 394925, a subsidiary of Macquarie Group Limited ACN 122 169 279 (\\\"Macquarie Group\\\") and its related bodies corporate.<br>Should you interact with Macquarie Group products and services, you may, in the course of using those products and services, be required to provide \'personal information\' to Macquarie Group. In such instances, your \'personal information\' will be handled in accordance with the Macquarie Group Privacy Policy , Terms of Use , Important Information and Regulatory Disclosures (collectively the \\\"Policies and Procedures of Macquarie Group\\\").<br>If you do not agree to any part of the Policies and Procedures of Macquarie Group, then we cannot provide the Macquarie Group products and services to you, and you should stop accessing Macquarie Group products and services.<br>Keeping information accurate and up-to-date<br>We take reasonable steps to ensure that all information we hold is as accurate and up-to-date. You are able to contact us at any time and ask for its correction if you feel the information we have about you is inaccurate or incomplete. You can do so by writing to privacy@motome.com.au.<br>Keeping your information secure and its deletion when no longer required<br>We use security procedures and technology to protect the information we hold. Access to and use of personal information within MotoMe seeks to prevent misuse or unlawful disclosure of the information, this includes internal policies, auditing, training and monitoring of staff.<br>If other organisations provide support services, we require them to appropriately safeguard the privacy of the information provided to them.<br>Where the personal information we collect is no longer required, we delete the information or permanently de-identify it in accordance with relevant laws and our records management policy.<br><br>When you create an account with MotoMe<br>When you create a MotoMe account, any information you provide will be retained indefinitely so long as your account remains active (\'active\' in this case means you have not explicitly advised us you wish to delete the account).<br>When you delete your MotoMe account, your account data, including any personal information, will be immediately and permanently deleted. Non-personal information may be retained in a de-identified state.<br>We may otherwise retain related information, which may include personal information, in such a state and for a period of time as required by law or regulations. For example, we are required by law to keep records of your transactions with us for a period of at least 7-years.<br>How you can access or correct your information<br>You can contact us to request access to or correction of your personal information. In normal circumstances we will give you full access or make the requested corrections to your information. However, there may be some legal or administrative reasons to deny these requests. If your request is denied, we will provide you with the reason why (if we can). Where we decide not to make a requested correction to your personal information and you disagree, you may ask us to make a note of your requested correction with the information.<br>To request access or a correction to your personal information, please write to us at privacy@motome.com.au.<br>Dealing with MotoMe online<br>When you visit MotoMe websites you will browse anonymously unless you have logged into your MotoMe account or accessed the website from a personalised communication from MotoMe.<br>For all visitors to our web site, we use cookies and\\/or browser local storage to collect anonymous information such as the server your computer is logged on to, your browser type (for example, Internet Explorer, Chrome or Firefox), and your IP address. (An IP address is a number that is assigned to your computer automatically and required for using the Internet). We may also derive the location associated with an IP address.<br>Once you have logged into your MotoMe account, accessed our website from an e-mail or other personalised communication sent to you, or provided us with personal information by completing a form online, we may be able to identify you and we may combine that with other information in order to provide you with a better online experience. If you would prefer not to be identified you can delete the cookies and\\/or local storage data and reconfigure the tracking preferences on your internet browser (see the \'Cookies and local storage\' section below).<br>While you may disable tracking through your browser settings, we do not change our practices in response to a \\\"Do Not Track\\\" signal in the HTTP header from your browser or mobile application. We track your activities if you click on advertisements for MotoMe services on third party platforms such as search engines and social networks, and may use analytics to track what you do in response to those advertisements.<br>Cookies and local storage<br>A \'cookie\' is a packet of information placed on a user\'s computer by a website for record keeping purposes.<br>\'Local storage\' is a standard facility provided by HTML5-compliant browsers used to retain data on your computer across visits to the same website.<br>While cookies and local storage are not considered personal information, they are generally used on MotoMe sites to:<br> \\u2022 access online services - if you log into secure areas on our website we will use cookies and\\/or local storage to authorise your access and save your preferences;<\\/p>\\r\\n<p> \\u2022 manage advertising - when you see one of our ads on a third party website, cookies are sometimes used to collect anonymous information about the page you visit and the type of software you are using;<\\/p>\\r\\n<p> \\u2022 monitor traffic - we use anonymous information to track how people are using the MotoMe site. This may include time of visit, pages visited and some system information about the type of computer you are using;<\\/p>\\r\\n<p> \\u2022 monitor your use of our website - if we have identified you as a result of you logging into a MotoMe client portal, accessing our website from a personalised communication or providing us with personal information by completing a form online, we may use cookies and\\/or local storage to collect personal information about you.<\\/p>\\r\\n<p>You can configure how your browser stores cookies and local storage data, which may include the ability to accept, reject or notify you about attempts to store this data (Each browser is different, so check the \\\"Help\\\" menu of your browser to learn how to change your cookie and site data preferences).<br>If you disable the use of cookies and\\/or local storage on your web browser or remove or reject specific cookies and\\/or local storage from MotoMe or linked sites, then you may not be able to gain access to all of the content and features on those websites.<br>Changes to this Policy<br>We may make changes to this Privacy Policy at any time. If we make material changes to the Privacy Policy, we will advise you either by posting the changed Privacy Policy on MotoMe or by sending you an email.<br>If you do not wish to agree to the new Privacy Policy, then we cannot continue to provide MotoMe to you, and you should stop accessing MotoMe and, if you have a MotoMe account, you should delete it.<br>Contact us<br>If you have any questions or complaints regarding privacy or information handling, please write to privacy@motome.com.au. We will respond to let you know when you can expect a further response.<br>If your concerns are not resolved to your satisfaction, you may be able to escalate your complaint to an external dispute resolution scheme or to a regulatory authority. We can provide details of the appropriate scheme\\/regulator for you, as these may vary by jurisdiction or product.<br>Other important information<br>These are general and privacy terms that apply to MotoMe, the trading name and business operated by Macquarie Leasing Pty Limited ABN 38 002 674 982, Australian Credit Licence 394925, a subsidiary of Macquarie Group Limited ACN 122 169 279 (\\\"Macquarie Group\\\") and its related bodies corporate.<br>MotoMe is not a motor vehicle dealer. MotoMe is a car finance and buying service provider. It has business arrangements with a network of motor vehicle dealers across Australia to whom it may refer customer or from whom it may obtain quotes for customers, and will receive a fee for referrals or completed transactions under those arrangements.<br>MotoMe operates a platform that helps car buyers to find the car that is right for their personal circumstances and then test drive that car at a car dealer or purchase that car for a competitive price, whether through our website or mobile applications (\\\"Platform\\\" or \\\"Services\\\").<br>As MotoMe is a business operated by a Macquarie Group company, you should also read and understand the Terms of Use , Important Information and Privacy Policy , and Regulatory Disclosures of Macquarie Group (collectively the \\\"Policies and Procedures of Macquarie Group\\\"), as these will also apply when you use any Macquarie-branded features or services on MotoMe.<\\/p>\"}}', '2018-10-04 08:39:57', '2018-10-04 08:39:57', '485aa9a4-8119-4682-839f-5415db5f928a'),
 ('20', '5', '5', '1', 'en_au', '4', '', '{\"typeId\":null,\"authorId\":null,\"title\":\"Privacy\",\"slug\":\"privacy\",\"postDate\":1538636685,\"expiryDate\":null,\"enabled\":1,\"parentId\":null,\"fields\":{\"27\":\"<p><strong>MotoMe Privacy Policy<\\/strong><\\/p>\\r\\n<p>Last updated: 25 September, 2018<br><\\/p><p>The MotoMe Privacy Policy (\\\"Privacy Policy\\\") sets out:<\\/p>\\r\\n<ul><li>why we need to collect personal information;<\\/li><li>how we collect it;<\\/li><li>what we do with it;<\\/li><li>how it\'s stored; and<\\/li><li>who we might share it with and why.<\\/li><\\/ul>\\r\\n<p>The Privacy Policy also describes:<br><\\/p><ul><li>how you can access or correct information we hold about you;<\\/li><li>how you can ask further questions or make a complaint; and<\\/li><li>information about our websites and online activities.<\\/li><\\/ul>\\r\\n<p><strong>Personal information<\\/strong><br>\'Personal information\' is defined within The Privacy Act (1988) as any \\\"information or an opinion, whether true or not, and whether recorded in a material form or not, about an identified individual, or an individual who is reasonably identifiable.\\\"<\\/p><p><br><strong>The Privacy Act (1988)<\\/strong><br>MotoMe is bound by the Privacy Act (1988).<\\/p><p><br><strong>The information we collect and why<\\/strong><br>In providing you with the MotoMe Applications and Services (\\\"MotoMe\\\") we will occasionally receive, store and process \'personal information\' about you that you make available to us.<br>The \'Personal information\' we may collect from you includes (but is not limited to):<\\/p><ul><li>Your name;<\\/li><li>Your email address;<\\/li><li>Your phone number;<\\/li><li>Your postcode;<\\/li><li>Your device\'s IP Address.<\\/li><\\/ul>\\r\\n<p>Other information (that is not necessarily \'personal information\') we may collect about you during your use of MotoMe includes (but is not limited to): your car preferences, your car buying budget, your car buying timeframe, information about your car trade in and whether or not you are seeking finance.<br>Specific times you will provide personal information to us include (but are not limited to):<br><\\/p>\\r\\n<ul><li>When you view drive away pricing, which is based on your location;<\\/li><li>When you create an account with MotoMe;<\\/li><li>When you request MotoMe assistance in purchasing a car (also referred to as \\\"getting a quote\\\");<\\/li><li>When you request a test drive of a car;<\\/li><li>When you communicate with MotoMe in person, phone calls, emails and via social media;<\\/li><li>When you link your account on a third party site (e.g. Facebook) to your MotoMe account, in which case we will obtain the Personal Information that you have provided to the third party site, to the extent allowed by your settings with the third party site and authorised by you.<\\/li><\\/ul>\\r\\n<p>Without such information, we may not be able to provide you with an appropriate level of service.<\\/p><p><br><strong>How we store and secure your information<\\/strong><br>We keep personal information in physical and electronic records, at our premises and the premises of our service providers, which includes storage on the cloud. Where this occurs, we take steps to protect personal information against misuse or loss.<br>We also keep records of our interactions with you (including by telephone, email and online) and your enquiries or complaints.<br><br><strong>Keeping your information secure<\\/strong><br>We use security procedures and technology to protect the information we hold. Access to and use of personal information within MotoMe seeks to prevent misuse or unlawful disclosure of the information, this includes internal policies, auditing, training and monitoring of staff.<br>If other organisations provide support services, we require them to appropriately safeguard the privacy of the information provided to them.<br>Where the personal information we collect is no longer required, we delete the information or permanently de-identify it in accordance with relevant laws and our records management policy.<\\/p><p><br><strong>How we use your information<\\/strong><br>We use personal information about you for the purpose for which it was provided to us, including:<br><\\/p>\\r\\n<ul><li>To provide you with drive away pricing on the cars you browse;<\\/li><li>To create a MotoMe account for you and store your information and preferences;<\\/li><li>To personalise your experience with MotoMe based on your information and preferences;<\\/li><li>To assist you with purchasing a car (also referred to as \\\"getting a quote\\\");<\\/li><li>To assist you in arranging a test drive of a car;<\\/li><li>To communicate with you and deal with or investigate any complaints or enquiries.<\\/li><\\/ul>\\r\\n<p>We may also use information you provide \\u2013 de-identified wherever possible \\u2013 to:<br><\\/p>\\r\\n<ul><li>administer, manage, improve and optimise MotoMe (including monitoring, auditing, and evaluating MotoMe);<\\/li><li>model and test data (in a controlled environment);<\\/li><li>develop scores, risk assessments and related analytical tools;<\\/li><li>conduct market research, new product development and fraud mitigation;<\\/li><li>undertake related purposes which would reasonably be expected without your express permission. For example, we may from time to time use your personal information to inform you of products and services which we expect may be of interest to you. However, if you do not want to receive such communications you can tell us:<\\/li><li>At the time of collection of your personal information;<\\/li><li>By following the instructions to \'unsubscribe\' or \'opt-out\' which will be included in any such communications sent to you, which may include accessing a web-link or replying to a message;<\\/li><li>By writing to us at privacy@motome.com.au requesting that you be unsubscribed from such communications.<\\/li><\\/ul>\\r\\n<p>While we may sometimes \\u2013 where it is lawful and with your permission if necessary \\u2013 share personal information with companies we do business with (e.g. in product development, joint venture arrangements or distribution arrangements), we do not sell personal information for marketing purposes to other organisations or allow such companies to do this.<\\/p><p><br><strong>When your information is disclosed<\\/strong><br>We may share personal information within MotoMe and, where necessary to provide the requested service to you, may disclose your personal information outside MotoMe in the following situations:<br><br><strong>Requesting a test drive<\\/strong><br>When you request a test drive via MotoMe, we must necessarily disclose the information you provide to the car dealer who will fulfil your test drive request. Any information expressly provided by you when you request a test drive may be passed on to the car dealer, including your preference as to whether or not you would like to receive promotional communications from the car dealer; by default, you will be opted-out of receiving such communications.<br><br><strong>Requesting assistance buying a car<\\/strong><br>When you request assistance purchasing a car (also referred to as \\\"getting a quote\\\") via MotoMe, we must necessarily disclose the information you provide to the car dealer who you select to purchase the car from. Any information expressly provided by you when you request assistance purchasing a car may be passed on to this car dealer, including your preference as to whether or not you would like to receive promotional communications from the car dealer; by default, you will be opted-out of receiving such communications.<br><br><strong>Other:<\\/strong><br>We may also share personal information within MotoMe, and may disclose personal information outside MotoMe as required by law or regulations.<\\/p><p><br><strong>When you interact with Macquarie finance tools<\\/strong><br>Products and services relating to finance on MotoMe are provided by Macquarie Leasing Pty Ltd ABN 38 002 674 982, Australian Credit Licence 394925, a subsidiary of Macquarie Group Limited ACN 122 169 279 (\\\"Macquarie Group\\\") and its related bodies corporate.<br>Should you interact with Macquarie Group products and services, you may, in the course of using those products and services, be required to provide \'personal information\' to Macquarie Group. In such instances, your \'personal information\' will be handled in accordance with the Macquarie Group Privacy Policy , Terms of Use , Important Information and Regulatory Disclosures (collectively the \\\"Policies and Procedures of Macquarie Group\\\").<br>If you do not agree to any part of the Policies and Procedures of Macquarie Group, then we cannot provide the Macquarie Group products and services to you, and you should stop accessing Macquarie Group products and services.<br>Keeping information accurate and up-to-date<br>We take reasonable steps to ensure that all information we hold is as accurate and up-to-date. You are able to contact us at any time and ask for its correction if you feel the information we have about you is inaccurate or incomplete. You can do so by writing to privacy@motome.com.au.<br>Keeping your information secure and its deletion when no longer required<br>We use security procedures and technology to protect the information we hold. Access to and use of personal information within MotoMe seeks to prevent misuse or unlawful disclosure of the information, this includes internal policies, auditing, training and monitoring of staff.<br>If other organisations provide support services, we require them to appropriately safeguard the privacy of the information provided to them.<br>Where the personal information we collect is no longer required, we delete the information or permanently de-identify it in accordance with relevant laws and our records management policy.<br><br>When you create an account with MotoMe<br>When you create a MotoMe account, any information you provide will be retained indefinitely so long as your account remains active (\'active\' in this case means you have not explicitly advised us you wish to delete the account).<br>When you delete your MotoMe account, your account data, including any personal information, will be immediately and permanently deleted. Non-personal information may be retained in a de-identified state.<br>We may otherwise retain related information, which may include personal information, in such a state and for a period of time as required by law or regulations. For example, we are required by law to keep records of your transactions with us for a period of at least 7-years.<br>How you can access or correct your information<br>You can contact us to request access to or correction of your personal information. In normal circumstances we will give you full access or make the requested corrections to your information. However, there may be some legal or administrative reasons to deny these requests. If your request is denied, we will provide you with the reason why (if we can). Where we decide not to make a requested correction to your personal information and you disagree, you may ask us to make a note of your requested correction with the information.<br>To request access or a correction to your personal information, please write to us at privacy@motome.com.au.<br>Dealing with MotoMe online<br>When you visit MotoMe websites you will browse anonymously unless you have logged into your MotoMe account or accessed the website from a personalised communication from MotoMe.<br>For all visitors to our web site, we use cookies and\\/or browser local storage to collect anonymous information such as the server your computer is logged on to, your browser type (for example, Internet Explorer, Chrome or Firefox), and your IP address. (An IP address is a number that is assigned to your computer automatically and required for using the Internet). We may also derive the location associated with an IP address.<br>Once you have logged into your MotoMe account, accessed our website from an e-mail or other personalised communication sent to you, or provided us with personal information by completing a form online, we may be able to identify you and we may combine that with other information in order to provide you with a better online experience. If you would prefer not to be identified you can delete the cookies and\\/or local storage data and reconfigure the tracking preferences on your internet browser (see the \'Cookies and local storage\' section below).<br>While you may disable tracking through your browser settings, we do not change our practices in response to a \\\"Do Not Track\\\" signal in the HTTP header from your browser or mobile application. We track your activities if you click on advertisements for MotoMe services on third party platforms such as search engines and social networks, and may use analytics to track what you do in response to those advertisements.<br>Cookies and local storage<br>A \'cookie\' is a packet of information placed on a user\'s computer by a website for record keeping purposes.<br>\'Local storage\' is a standard facility provided by HTML5-compliant browsers used to retain data on your computer across visits to the same website.<br>While cookies and local storage are not considered personal information, they are generally used on MotoMe sites to:<br> \\u2022 access online services - if you log into secure areas on our website we will use cookies and\\/or local storage to authorise your access and save your preferences;<\\/p>\\r\\n<p> \\u2022 manage advertising - when you see one of our ads on a third party website, cookies are sometimes used to collect anonymous information about the page you visit and the type of software you are using;<\\/p>\\r\\n<p> \\u2022 monitor traffic - we use anonymous information to track how people are using the MotoMe site. This may include time of visit, pages visited and some system information about the type of computer you are using;<\\/p>\\r\\n<p> \\u2022 monitor your use of our website - if we have identified you as a result of you logging into a MotoMe client portal, accessing our website from a personalised communication or providing us with personal information by completing a form online, we may use cookies and\\/or local storage to collect personal information about you.<\\/p>\\r\\n<p>You can configure how your browser stores cookies and local storage data, which may include the ability to accept, reject or notify you about attempts to store this data (Each browser is different, so check the \\\"Help\\\" menu of your browser to learn how to change your cookie and site data preferences).<br>If you disable the use of cookies and\\/or local storage on your web browser or remove or reject specific cookies and\\/or local storage from MotoMe or linked sites, then you may not be able to gain access to all of the content and features on those websites.<br>Changes to this Policy<br>We may make changes to this Privacy Policy at any time. If we make material changes to the Privacy Policy, we will advise you either by posting the changed Privacy Policy on MotoMe or by sending you an email.<br>If you do not wish to agree to the new Privacy Policy, then we cannot continue to provide MotoMe to you, and you should stop accessing MotoMe and, if you have a MotoMe account, you should delete it.<br>Contact us<br>If you have any questions or complaints regarding privacy or information handling, please write to privacy@motome.com.au. We will respond to let you know when you can expect a further response.<br>If your concerns are not resolved to your satisfaction, you may be able to escalate your complaint to an external dispute resolution scheme or to a regulatory authority. We can provide details of the appropriate scheme\\/regulator for you, as these may vary by jurisdiction or product.<br>Other important information<br>These are general and privacy terms that apply to MotoMe, the trading name and business operated by Macquarie Leasing Pty Limited ABN 38 002 674 982, Australian Credit Licence 394925, a subsidiary of Macquarie Group Limited ACN 122 169 279 (\\\"Macquarie Group\\\") and its related bodies corporate.<br>MotoMe is not a motor vehicle dealer. MotoMe is a car finance and buying service provider. It has business arrangements with a network of motor vehicle dealers across Australia to whom it may refer customer or from whom it may obtain quotes for customers, and will receive a fee for referrals or completed transactions under those arrangements.<br>MotoMe operates a platform that helps car buyers to find the car that is right for their personal circumstances and then test drive that car at a car dealer or purchase that car for a competitive price, whether through our website or mobile applications (\\\"Platform\\\" or \\\"Services\\\").<br>As MotoMe is a business operated by a Macquarie Group company, you should also read and understand the Terms of Use , Important Information and Privacy Policy , and Regulatory Disclosures of Macquarie Group (collectively the \\\"Policies and Procedures of Macquarie Group\\\"), as these will also apply when you use any Macquarie-branded features or services on MotoMe.<\\/p>\"}}', '2018-10-04 08:45:10', '2018-10-04 08:45:10', 'a6bc6468-1d98-4138-b845-d52750a579e5'),
 ('21', '5', '5', '1', 'en_au', '5', '', '{\"typeId\":null,\"authorId\":null,\"title\":\"Privacy\",\"slug\":\"privacy\",\"postDate\":1538636685,\"expiryDate\":null,\"enabled\":1,\"parentId\":null,\"fields\":{\"27\":\"<p><strong>MotoMe Privacy Policy<\\/strong><\\/p>\\r\\n<p>Last updated: 25 September, 2018<br><\\/p>\\r\\n<p>The MotoMe Privacy Policy (\\\"Privacy Policy\\\") sets out:<\\/p>\\r\\n<ul><li>why we need to collect personal information;<\\/li><li>how we collect it;<\\/li><li>what we do with it;<\\/li><li>how it\'s stored; and<\\/li><li>who we might share it with and why.<\\/li><\\/ul>\\r\\n<p>The Privacy Policy also describes:<br><\\/p>\\r\\n<ul><li>how you can access or correct information we hold about you;<\\/li><li>how you can ask further questions or make a complaint; and<\\/li><li>information about our websites and online activities.<\\/li><\\/ul>\\r\\n<p><strong>Personal information<\\/strong><br>\'Personal information\' is defined within The Privacy Act (1988) as any \\\"information or an opinion, whether true or not, and whether recorded in a material form or not, about an identified individual, or an individual who is reasonably identifiable.\\\"<\\/p>\\r\\n<p><br><strong>The Privacy Act (1988)<\\/strong><br>MotoMe is bound by the Privacy Act (1988).<\\/p>\\r\\n<p><br><strong>The information we collect and why<\\/strong><br>In providing you with the MotoMe Applications and Services (\\\"MotoMe\\\") we will occasionally receive, store and process \'personal information\' about you that you make available to us.<br>The \'Personal information\' we may collect from you includes (but is not limited to):<\\/p>\\r\\n<ul><li>Your name;<\\/li><li>Your email address;<\\/li><li>Your phone number;<\\/li><li>Your postcode;<\\/li><li>Your device\'s IP Address.<\\/li><\\/ul>\\r\\n<p>Other information (that is not necessarily \'personal information\') we may collect about you during your use of MotoMe includes (but is not limited to): your car preferences, your car buying budget, your car buying timeframe, information about your car trade in and whether or not you are seeking finance.<br>Specific times you will provide personal information to us include (but are not limited to):<br><\\/p>\\r\\n<ul><li>When you view drive away pricing, which is based on your location;<\\/li><li>When you create an account with MotoMe;<\\/li><li>When you request MotoMe assistance in purchasing a car (also referred to as \\\"getting a quote\\\");<\\/li><li>When you request a test drive of a car;<\\/li><li>When you communicate with MotoMe in person, phone calls, emails and via social media;<\\/li><li>When you link your account on a third party site (e.g. Facebook) to your MotoMe account, in which case we will obtain the Personal Information that you have provided to the third party site, to the extent allowed by your settings with the third party site and authorised by you.<\\/li><\\/ul>\\r\\n<p>Without such information, we may not be able to provide you with an appropriate level of service.<\\/p>\\r\\n<p><br><strong>How we store and secure your information<\\/strong><br>We keep personal information in physical and electronic records, at our premises and the premises of our service providers, which includes storage on the cloud. Where this occurs, we take steps to protect personal information against misuse or loss.<br>We also keep records of our interactions with you (including by telephone, email and online) and your enquiries or complaints.<br><br><strong>Keeping your information secure<\\/strong><br>We use security procedures and technology to protect the information we hold. Access to and use of personal information within MotoMe seeks to prevent misuse or unlawful disclosure of the information, this includes internal policies, auditing, training and monitoring of staff.<br>If other organisations provide support services, we require them to appropriately safeguard the privacy of the information provided to them.<br>Where the personal information we collect is no longer required, we delete the information or permanently de-identify it in accordance with relevant laws and our records management policy.<\\/p>\\r\\n<p><br><strong>How we use your information<\\/strong><br>We use personal information about you for the purpose for which it was provided to us, including:<br><\\/p>\\r\\n<ul><li>To provide you with drive away pricing on the cars you browse;<\\/li><li>To create a MotoMe account for you and store your information and preferences;<\\/li><li>To personalise your experience with MotoMe based on your information and preferences;<\\/li><li>To assist you with purchasing a car (also referred to as \\\"getting a quote\\\");<\\/li><li>To assist you in arranging a test drive of a car;<\\/li><li>To communicate with you and deal with or investigate any complaints or enquiries.<\\/li><\\/ul>\\r\\n<p>We may also use information you provide \\u2013 de-identified wherever possible \\u2013 to:<br><\\/p>\\r\\n<ul><li>administer, manage, improve and optimise MotoMe (including monitoring, auditing, and evaluating MotoMe);<\\/li><li>model and test data (in a controlled environment);<\\/li><li>develop scores, risk assessments and related analytical tools;<\\/li><li>conduct market research, new product development and fraud mitigation;<\\/li><li>undertake related purposes which would reasonably be expected without your express permission. For example, we may from time to time use your personal information to inform you of products and services which we expect may be of interest to you. However, if you do not want to receive such communications you can tell us:<\\/li><li>At the time of collection of your personal information;<\\/li><li>By following the instructions to \'unsubscribe\' or \'opt-out\' which will be included in any such communications sent to you, which may include accessing a web-link or replying to a message;<\\/li><li>By writing to us at privacy@motome.com.au requesting that you be unsubscribed from such communications.<\\/li><\\/ul>\\r\\n<p>While we may sometimes \\u2013 where it is lawful and with your permission if necessary \\u2013 share personal information with companies we do business with (e.g. in product development, joint venture arrangements or distribution arrangements), we do not sell personal information for marketing purposes to other organisations or allow such companies to do this.<\\/p>\\r\\n<p><br><strong>When your information is disclosed<\\/strong><br>We may share personal information within MotoMe and, where necessary to provide the requested service to you, may disclose your personal information outside MotoMe in the following situations:<br><br><strong>Requesting a test drive<\\/strong><br>When you request a test drive via MotoMe, we must necessarily disclose the information you provide to the car dealer who will fulfil your test drive request. Any information expressly provided by you when you request a test drive may be passed on to the car dealer, including your preference as to whether or not you would like to receive promotional communications from the car dealer; by default, you will be opted-out of receiving such communications.<br><br><strong>Requesting assistance buying a car<\\/strong><br>When you request assistance purchasing a car (also referred to as \\\"getting a quote\\\") via MotoMe, we must necessarily disclose the information you provide to the car dealer who you select to purchase the car from. Any information expressly provided by you when you request assistance purchasing a car may be passed on to this car dealer, including your preference as to whether or not you would like to receive promotional communications from the car dealer; by default, you will be opted-out of receiving such communications.<br><br><strong>Other:<\\/strong><br>We may also share personal information within MotoMe, and may disclose personal information outside MotoMe as required by law or regulations.<\\/p>\\r\\n<p><br><strong>When you interact with Macquarie finance tools<\\/strong><br>Products and services relating to finance on MotoMe are provided by Macquarie Leasing Pty Ltd ABN 38 002 674 982, Australian Credit Licence 394925, a subsidiary of Macquarie Group Limited ACN 122 169 279 (\\\"Macquarie Group\\\") and its related bodies corporate.<br>Should you interact with Macquarie Group products and services, you may, in the course of using those products and services, be required to provide \'personal information\' to Macquarie Group. In such instances, your \'personal information\' will be handled in accordance with the Macquarie Group Privacy Policy , Terms of Use , Important Information and Regulatory Disclosures (collectively the \\\"Policies and Procedures of Macquarie Group\\\").<br>If you do not agree to any part of the Policies and Procedures of Macquarie Group, then we cannot provide the Macquarie Group products and services to you, and you should stop accessing Macquarie Group products and services.<\\/p><p><br><strong>Keeping information accurate and up-to-date<\\/strong><br>We take reasonable steps to ensure that all information we hold is as accurate and up-to-date. You are able to contact us at any time and ask for its correction if you feel the information we have about you is inaccurate or incomplete. You can do so by writing to privacy@motome.com.au.<\\/p><p><br><strong>Keeping your information secure and its deletion when no longer required<\\/strong><br>We use security procedures and technology to protect the information we hold. Access to and use of personal information within MotoMe seeks to prevent misuse or unlawful disclosure of the information, this includes internal policies, auditing, training and monitoring of staff.<br>If other organisations provide support services, we require them to appropriately safeguard the privacy of the information provided to them.<br>Where the personal information we collect is no longer required, we delete the information or permanently de-identify it in accordance with relevant laws and our records management policy.<br><br><strong>When you create an account with MotoMe<\\/strong><br>When you create a MotoMe account, any information you provide will be retained indefinitely so long as your account remains active (\'active\' in this case means you have not explicitly advised us you wish to delete the account).<br>When you delete your MotoMe account, your account data, including any personal information, will be immediately and permanently deleted. Non-personal information may be retained in a de-identified state.<br>We may otherwise retain related information, which may include personal information, in such a state and for a period of time as required by law or regulations. For example, we are required by law to keep records of your transactions with us for a period of at least 7-years.<\\/p><p><br><strong>How you can access or correct your information<\\/strong><br>You can contact us to request access to or correction of your personal information. In normal circumstances we will give you full access or make the requested corrections to your information. However, there may be some legal or administrative reasons to deny these requests. If your request is denied, we will provide you with the reason why (if we can). Where we decide not to make a requested correction to your personal information and you disagree, you may ask us to make a note of your requested correction with the information.<br>To request access or a correction to your personal information, please write to us at privacy@motome.com.au.<\\/p><p><br><strong>Dealing with MotoMe online<\\/strong><br>When you visit MotoMe websites you will browse anonymously unless you have logged into your MotoMe account or accessed the website from a personalised communication from MotoMe.<br>For all visitors to our web site, we use cookies and\\/or browser local storage to collect anonymous information such as the server your computer is logged on to, your browser type (for example, Internet Explorer, Chrome or Firefox), and your IP address. (An IP address is a number that is assigned to your computer automatically and required for using the Internet). We may also derive the location associated with an IP address.<br>Once you have logged into your MotoMe account, accessed our website from an e-mail or other personalised communication sent to you, or provided us with personal information by completing a form online, we may be able to identify you and we may combine that with other information in order to provide you with a better online experience. If you would prefer not to be identified you can delete the cookies and\\/or local storage data and reconfigure the tracking preferences on your internet browser (see the \'Cookies and local storage\' section below).<br>While you may disable tracking through your browser settings, we do not change our practices in response to a \\\"Do Not Track\\\" signal in the HTTP header from your browser or mobile application. We track your activities if you click on advertisements for MotoMe services on third party platforms such as search engines and social networks, and may use analytics to track what you do in response to those advertisements.<\\/p><p><br><strong>Cookies and local storage<\\/strong><br>A \'cookie\' is a packet of information placed on a user\'s computer by a website for record keeping purposes.<br>\'Local storage\' is a standard facility provided by HTML5-compliant browsers used to retain data on your computer across visits to the same website.<br>While cookies and local storage are not considered personal information, they are generally used on MotoMe sites to:<\\/p>\\r\\n<ul><li>access online services - if you log into secure areas on our website we will use cookies and\\/or local storage to authorise your access and save your preferences;<\\/li><li>manage advertising - when you see one of our ads on a third party website, cookies are sometimes used to collect anonymous information about the page you visit and the type of software you are using;<\\/li><li>monitor traffic - we use anonymous information to track how people are using the MotoMe site. This may include time of visit, pages visited and some system information about the type of computer you are using;<\\/li><li>monitor your use of our website - if we have identified you as a result of you logging into a MotoMe client portal, accessing our website from a personalised communication or providing us with personal information by completing a form online, we may use cookies and\\/or local storage to collect personal information about you.<\\/li><\\/ul>\\r\\n<p>You can configure how your browser stores cookies and local storage data, which may include the ability to accept, reject or notify you about attempts to store this data (Each browser is different, so check the \\\"Help\\\" menu of your browser to learn how to change your cookie and site data preferences).<\\/p><p>If you disable the use of cookies and\\/or local storage on your web browser or remove or reject specific cookies and\\/or local storage from MotoMe or linked sites, then you may not be able to gain access to all of the content and features on those websites.<\\/p><p><strong>Changes to this Policy<\\/strong><br>We may make changes to this Privacy Policy at any time. If we make material changes to the Privacy Policy, we will advise you either by posting the changed Privacy Policy on MotoMe or by sending you an email.&nbsp;<br>If you do not wish to agree to the new Privacy Policy, then we cannot continue to provide MotoMe to you, and you should stop accessing MotoMe and, if you have a MotoMe account, you should delete it.<\\/p><p><br><strong>Contact us<\\/strong><br>If you have any questions or complaints regarding privacy or information handling, please write to privacy@motome.com.au. We will respond to let you know when you can expect a further response.<br>If your concerns are not resolved to your satisfaction, you may be able to escalate your complaint to an external dispute resolution scheme or to a regulatory authority. We can provide details of the appropriate scheme\\/regulator for you, as these may vary by jurisdiction or product.<\\/p><p><br><strong>Other important information<\\/strong><br>These are general and privacy terms that apply to MotoMe, the trading name and business operated by Macquarie Leasing Pty Limited ABN 38 002 674 982, Australian Credit Licence 394925, a subsidiary of Macquarie Group Limited ACN 122 169 279 (\\\"Macquarie Group\\\") and its related bodies corporate.<br>MotoMe is not a motor vehicle dealer. MotoMe is a car finance and buying service provider. It has business arrangements with a network of motor vehicle dealers across Australia to whom it may refer customer or from whom it may obtain quotes for customers, and will receive a fee for referrals or completed transactions under those arrangements.<br>MotoMe operates a platform that helps car buyers to find the car that is right for their personal circumstances and then test drive that car at a car dealer or purchase that car for a competitive price, whether through our website or mobile applications (\\\"Platform\\\" or \\\"Services\\\").<br>As MotoMe is a business operated by a Macquarie Group company, you should also read and understand the Terms of Use , Important Information and Privacy Policy , and Regulatory Disclosures of Macquarie Group (collectively the \\\"Policies and Procedures of Macquarie Group\\\"), as these will also apply when you use any Macquarie-branded features or services on MotoMe.<\\/p>\"}}', '2018-10-04 08:47:57', '2018-10-04 08:47:57', 'fc2170f8-e138-4e91-9a76-3cf198aaf887'),
 ('22', '5', '5', '1', 'en_au', '6', '', '{\"typeId\":null,\"authorId\":null,\"title\":\"Privacy\",\"slug\":\"privacy\",\"postDate\":1538636685,\"expiryDate\":null,\"enabled\":1,\"parentId\":null,\"fields\":{\"27\":\"<p><strong>MotoMe Privacy Policy<\\/strong><\\/p>\\r\\n<p>Last updated: 25 September, 2018<br><\\/p>\\r\\n<p>The MotoMe Privacy Policy (\\\"Privacy Policy\\\") sets out:<\\/p>\\r\\n<ul><li>why we need to collect personal information;<\\/li><li>how we collect it;<\\/li><li>what we do with it;<\\/li><li>how it\'s stored; and<\\/li><li>who we might share it with and why.<\\/li><\\/ul>\\r\\n<p>The Privacy Policy also describes:<br><\\/p>\\r\\n<ul><li>how you can access or correct information we hold about you;<\\/li><li>how you can ask further questions or make a complaint; and<\\/li><li>information about our websites and online activities.<\\/li><\\/ul>\\r\\n<p><strong>Personal information<\\/strong><br>\'Personal information\' is defined within The Privacy Act (1988) as any \\\"information or an opinion, whether true or not, and whether recorded in a material form or not, about an identified individual, or an individual who is reasonably identifiable.\\\"<\\/p>\\r\\n<p><br><strong>The Privacy Act (1988)<\\/strong><br>MotoMe is bound by the Privacy Act (1988).<\\/p>\\r\\n<p><br><strong>The information we collect and why<\\/strong><br>In providing you with the MotoMe Applications and Services (\\\"MotoMe\\\") we will occasionally receive, store and process \'personal information\' about you that you make available to us.<\\/p><p>The \'Personal information\' we may collect from you includes (but is not limited to):<\\/p>\\r\\n<ul><li>Your name;<\\/li><li>Your email address;<\\/li><li>Your phone number;<\\/li><li>Your postcode;<\\/li><li>Your device\'s IP Address.<\\/li><\\/ul>\\r\\n<p>Other information (that is not necessarily \'personal information\') we may collect about you during your use of MotoMe includes (but is not limited to): your car preferences, your car buying budget, your car buying timeframe, information about your car trade in and whether or not you are seeking finance.<\\/p><p>Specific times you will provide personal information to us include (but are not limited to):<br><\\/p>\\r\\n<ul><li>When you view drive away pricing, which is based on your location;<\\/li><li>When you create an account with MotoMe;<\\/li><li>When you request MotoMe assistance in purchasing a car (also referred to as \\\"getting a quote\\\");<\\/li><li>When you request a test drive of a car;<\\/li><li>When you communicate with MotoMe in person, phone calls, emails and via social media;<\\/li><li>When you link your account on a third party site (e.g. Facebook) to your MotoMe account, in which case we will obtain the Personal Information that you have provided to the third party site, to the extent allowed by your settings with the third party site and authorised by you.<\\/li><\\/ul>\\r\\n<p>Without such information, we may not be able to provide you with an appropriate level of service.<\\/p><p><strong>How we store and secure your information<\\/strong><br>We keep personal information in physical and electronic records, at our premises and the premises of our service providers, which includes storage on the cloud. Where this occurs, we take steps to protect personal information against misuse or loss.<\\/p><p>We also keep records of our interactions with you (including by telephone, email and online) and your enquiries or complaints.<br><br><strong>Keeping your information secure<\\/strong><br>We use security procedures and technology to protect the information we hold. Access to and use of personal information within MotoMe seeks to prevent misuse or unlawful disclosure of the information, this includes internal policies, auditing, training and monitoring of staff.<\\/p><p>If other organisations provide support services, we require them to appropriately safeguard the privacy of the information provided to them.<br>Where the personal information we collect is no longer required, we delete the information or permanently de-identify it in accordance with relevant laws and our records management policy.<\\/p><p><strong>How we use your information<\\/strong><br>We use personal information about you for the purpose for which it was provided to us, including:<br><\\/p>\\r\\n<ul><li>To provide you with drive away pricing on the cars you browse;<\\/li><li>To create a MotoMe account for you and store your information and preferences;<\\/li><li>To personalise your experience with MotoMe based on your information and preferences;<\\/li><li>To assist you with purchasing a car (also referred to as \\\"getting a quote\\\");<\\/li><li>To assist you in arranging a test drive of a car;<\\/li><li>To communicate with you and deal with or investigate any complaints or enquiries.<\\/li><\\/ul>\\r\\n<p>We may also use information you provide \\u2013 de-identified wherever possible \\u2013 to:<br><\\/p>\\r\\n<ul><li>administer, manage, improve and optimise MotoMe (including monitoring, auditing, and evaluating MotoMe);<\\/li><li>model and test data (in a controlled environment);<\\/li><li>develop scores, risk assessments and related analytical tools;<\\/li><li>conduct market research, new product development and fraud mitigation;<\\/li><li>undertake related purposes which would reasonably be expected without your express permission. For example, we may from time to time use your personal information to inform you of products and services which we expect may be of interest to you. However, if you do not want to receive such communications you can tell us:<\\/li><li>At the time of collection of your personal information;<\\/li><li>By following the instructions to \'unsubscribe\' or \'opt-out\' which will be included in any such communications sent to you, which may include accessing a web-link or replying to a message;<\\/li><li>By writing to us at privacy@motome.com.au requesting that you be unsubscribed from such communications.<\\/li><\\/ul>\\r\\n<p>While we may sometimes \\u2013 where it is lawful and with your permission if necessary \\u2013 share personal information with companies we do business with (e.g. in product development, joint venture arrangements or distribution arrangements), we do not sell personal information for marketing purposes to other organisations or allow such companies to do this.<\\/p><p><strong>When your information is disclosed<\\/strong><br>We may share personal information within MotoMe and, where necessary to provide the requested service to you, may disclose your personal information outside MotoMe in the following situations:<br><br><strong>Requesting a test drive<\\/strong><br>When you request a test drive via MotoMe, we must necessarily disclose the information you provide to the car dealer who will fulfil your test drive request. Any information expressly provided by you when you request a test drive may be passed on to the car dealer, including your preference as to whether or not you would like to receive promotional communications from the car dealer; by default, you will be opted-out of receiving such communications.<br><br><strong>Requesting assistance buying a car<\\/strong><br>When you request assistance purchasing a car (also referred to as \\\"getting a quote\\\") via MotoMe, we must necessarily disclose the information you provide to the car dealer who you select to purchase the car from. Any information expressly provided by you when you request assistance purchasing a car may be passed on to this car dealer, including your preference as to whether or not you would like to receive promotional communications from the car dealer; by default, you will be opted-out of receiving such communications.<br><br><strong>Other:<\\/strong><br>We may also share personal information within MotoMe, and may disclose personal information outside MotoMe as required by law or regulations.<\\/p><p><strong>When you interact with Macquarie finance tools<\\/strong><br>Products and services relating to finance on MotoMe are provided by Macquarie Leasing Pty Ltd ABN 38 002 674 982, Australian Credit Licence 394925, a subsidiary of Macquarie Group Limited ACN 122 169 279 (\\\"Macquarie Group\\\") and its related bodies corporate.<\\/p><p>Should you interact with Macquarie Group products and services, you may, in the course of using those products and services, be required to provide \'personal information\' to Macquarie Group. In such instances, your \'personal information\' will be handled in accordance with the Macquarie Group Privacy Policy , Terms of Use , Important Information and Regulatory Disclosures (collectively the \\\"Policies and Procedures of Macquarie Group\\\").<\\/p><p>If you do not agree to any part of the Policies and Procedures of Macquarie Group, then we cannot provide the Macquarie Group products and services to you, and you should stop accessing Macquarie Group products and services.<\\/p><p><strong>Keeping information accurate and up-to-date<\\/strong><br>We take reasonable steps to ensure that all information we hold is as accurate and up-to-date. You are able to contact us at any time and ask for its correction if you feel the information we have about you is inaccurate or incomplete. You can do so by writing to privacy@motome.com.au.<\\/p><p><strong>Keeping your information secure and its deletion when no longer required<\\/strong><br>We use security procedures and technology to protect the information we hold. Access to and use of personal information within MotoMe seeks to prevent misuse or unlawful disclosure of the information, this includes internal policies, auditing, training and monitoring of staff.<\\/p><p>If other organisations provide support services, we require them to appropriately safeguard the privacy of the information provided to them.<br>Where the personal information we collect is no longer required, we delete the information or permanently de-identify it in accordance with relevant laws and our records management policy.<br><br><strong>When you create an account with MotoMe<\\/strong><br>When you create a MotoMe account, any information you provide will be retained indefinitely so long as your account remains active (\'active\' in this case means you have not explicitly advised us you wish to delete the account).<\\/p><p>When you delete your MotoMe account, your account data, including any personal information, will be immediately and permanently deleted. Non-personal information may be retained in a de-identified state.<\\/p><p>We may otherwise retain related information, which may include personal information, in such a state and for a period of time as required by law or regulations. For example, we are required by law to keep records of your transactions with us for a period of at least 7-years.<\\/p><p><strong>How you can access or correct your information<\\/strong><br>You can contact us to request access to or correction of your personal information. In normal circumstances we will give you full access or make the requested corrections to your information. However, there may be some legal or administrative reasons to deny these requests. If your request is denied, we will provide you with the reason why (if we can). Where we decide not to make a requested correction to your personal information and you disagree, you may ask us to make a note of your requested correction with the information.<\\/p><p>To request access or a correction to your personal information, please write to us at privacy@motome.com.au.<\\/p><p><strong>Dealing with MotoMe online<\\/strong><br>When you visit MotoMe websites you will browse anonymously unless you have logged into your MotoMe account or accessed the website from a personalised communication from MotoMe.<\\/p><p>For all visitors to our web site, we use cookies and\\/or browser local storage to collect anonymous information such as the server your computer is logged on to, your browser type (for example, Internet Explorer, Chrome or Firefox), and your IP address. (An IP address is a number that is assigned to your computer automatically and required for using the Internet). We may also derive the location associated with an IP address.<\\/p><p>Once you have logged into your MotoMe account, accessed our website from an e-mail or other personalised communication sent to you, or provided us with personal information by completing a form online, we may be able to identify you and we may combine that with other information in order to provide you with a better online experience. If you would prefer not to be identified you can delete the cookies and\\/or local storage data and reconfigure the tracking preferences on your internet browser (see the \'Cookies and local storage\' section below).<\\/p><p>While you may disable tracking through your browser settings, we do not change our practices in response to a \\\"Do Not Track\\\" signal in the HTTP header from your browser or mobile application. We track your activities if you click on advertisements for MotoMe services on third party platforms such as search engines and social networks, and may use analytics to track what you do in response to those advertisements.<\\/p><p><strong>Cookies and local storage<\\/strong><br>A \'cookie\' is a packet of information placed on a user\'s computer by a website for record keeping purposes.<\\/p><p>\'Local storage\' is a standard facility provided by HTML5-compliant browsers used to retain data on your computer across visits to the same website.<br>While cookies and local storage are not considered personal information, they are generally used on MotoMe sites to:<\\/p>\\r\\n<ul><li>access online services - if you log into secure areas on our website we will use cookies and\\/or local storage to authorise your access and save your preferences;<\\/li><li>manage advertising - when you see one of our ads on a third party website, cookies are sometimes used to collect anonymous information about the page you visit and the type of software you are using;<\\/li><li>monitor traffic - we use anonymous information to track how people are using the MotoMe site. This may include time of visit, pages visited and some system information about the type of computer you are using;<\\/li><li>monitor your use of our website - if we have identified you as a result of you logging into a MotoMe client portal, accessing our website from a personalised communication or providing us with personal information by completing a form online, we may use cookies and\\/or local storage to collect personal information about you.<\\/li><\\/ul>\\r\\n<p>You can configure how your browser stores cookies and local storage data, which may include the ability to accept, reject or notify you about attempts to store this data (Each browser is different, so check the \\\"Help\\\" menu of your browser to learn how to change your cookie and site data preferences).<\\/p>\\r\\n<p>If you disable the use of cookies and\\/or local storage on your web browser or remove or reject specific cookies and\\/or local storage from MotoMe or linked sites, then you may not be able to gain access to all of the content and features on those websites.<\\/p>\\r\\n<p><strong>Changes to this Policy<\\/strong><br>We may make changes to this Privacy Policy at any time. If we make material changes to the Privacy Policy, we will advise you either by posting the changed Privacy Policy on MotoMe or by sending you an email.&nbsp;<\\/p><p>If you do not wish to agree to the new Privacy Policy, then we cannot continue to provide MotoMe to you, and you should stop accessing MotoMe and, if you have a MotoMe account, you should delete it.<\\/p><p><strong>Contact us<\\/strong><br>If you have any questions or complaints regarding privacy or information handling, please write to privacy@motome.com.au. We will respond to let you know when you can expect a further response.<\\/p><p>If your concerns are not resolved to your satisfaction, you may be able to escalate your complaint to an external dispute resolution scheme or to a regulatory authority. We can provide details of the appropriate scheme\\/regulator for you, as these may vary by jurisdiction or product.<\\/p><p><strong>Other important information<\\/strong><br>These are general and privacy terms that apply to MotoMe, the trading name and business operated by Macquarie Leasing Pty Limited ABN 38 002 674 982, Australian Credit Licence 394925, a subsidiary of Macquarie Group Limited ACN 122 169 279 (\\\"Macquarie Group\\\") and its related bodies corporate.<\\/p><p>MotoMe is not a motor vehicle dealer. MotoMe is a car finance and buying service provider. It has business arrangements with a network of motor vehicle dealers across Australia to whom it may refer customer or from whom it may obtain quotes for customers, and will receive a fee for referrals or completed transactions under those arrangements.<\\/p><p>MotoMe operates a platform that helps car buyers to find the car that is right for their personal circumstances and then test drive that car at a car dealer or purchase that car for a competitive price, whether through our website or mobile applications (\\\"Platform\\\" or \\\"Services\\\").<\\/p><p>As MotoMe is a business operated by a Macquarie Group company, you should also read and understand the Terms of Use , Important Information and Privacy Policy , and Regulatory Disclosures of Macquarie Group (collectively the \\\"Policies and Procedures of Macquarie Group\\\"), as these will also apply when you use any Macquarie-branded features or services on MotoMe.<\\/p>\"}}', '2018-10-04 08:50:00', '2018-10-04 08:50:00', 'c0b4687c-7f31-4666-a605-060e397e3452'),
 ('23', '5', '5', '1', 'en_au', '7', '', '{\"typeId\":null,\"authorId\":null,\"title\":\"Privacy\",\"slug\":\"privacy\",\"postDate\":1538636685,\"expiryDate\":null,\"enabled\":1,\"parentId\":null,\"fields\":{\"27\":\"<p><strong>MotoMe Privacy Policy<\\/strong><\\/p>\\r\\n<p>Last updated: 25 September, 2018<br><\\/p>\\r\\n<p>The MotoMe Privacy Policy (\\\"Privacy Policy\\\") sets out:<\\/p>\\r\\n<ul><li>why we need to collect personal information;<\\/li><li>how we collect it;<\\/li><li>what we do with it;<\\/li><li>how it\'s stored; and<\\/li><li>who we might share it with and why.<\\/li><\\/ul>\\r\\n<p>The Privacy Policy also describes:<br><\\/p>\\r\\n<ul><li>how you can access or correct information we hold about you;<\\/li><li>how you can ask further questions or make a complaint; and<\\/li><li>information about our websites and online activities.<\\/li><\\/ul>\\r\\n<p><strong>Personal information<\\/strong><br>\'Personal information\' is defined within The Privacy Act (1988) as any \\\"information or an opinion, whether true or not, and whether recorded in a material form or not, about an identified individual, or an individual who is reasonably identifiable.\\\"<\\/p><p><strong>The Privacy Act (1988)<\\/strong><br>MotoMe is bound by the Privacy Act (1988).<\\/p><p><strong>The information we collect and why<\\/strong><br>In providing you with the MotoMe Applications and Services (\\\"MotoMe\\\") we will occasionally receive, store and process \'personal information\' about you that you make available to us.<\\/p>\\r\\n<p>The \'Personal information\' we may collect from you includes (but is not limited to):<\\/p>\\r\\n<ul><li>Your name;<\\/li><li>Your email address;<\\/li><li>Your phone number;<\\/li><li>Your postcode;<\\/li><li>Your device\'s IP Address.<\\/li><\\/ul>\\r\\n<p>Other information (that is not necessarily \'personal information\') we may collect about you during your use of MotoMe includes (but is not limited to): your car preferences, your car buying budget, your car buying timeframe, information about your car trade in and whether or not you are seeking finance.<\\/p>\\r\\n<p>Specific times you will provide personal information to us include (but are not limited to):<br><\\/p>\\r\\n<ul><li>When you view drive away pricing, which is based on your location;<\\/li><li>When you create an account with MotoMe;<\\/li><li>When you request MotoMe assistance in purchasing a car (also referred to as \\\"getting a quote\\\");<\\/li><li>When you request a test drive of a car;<\\/li><li>When you communicate with MotoMe in person, phone calls, emails and via social media;<\\/li><li>When you link your account on a third party site (e.g. Facebook) to your MotoMe account, in which case we will obtain the Personal Information that you have provided to the third party site, to the extent allowed by your settings with the third party site and authorised by you.<\\/li><\\/ul>\\r\\n<p>Without such information, we may not be able to provide you with an appropriate level of service.<\\/p>\\r\\n<p><strong>How we store and secure your information<\\/strong><br>We keep personal information in physical and electronic records, at our premises and the premises of our service providers, which includes storage on the cloud. Where this occurs, we take steps to protect personal information against misuse or loss.<\\/p>\\r\\n<p>We also keep records of our interactions with you (including by telephone, email and online) and your enquiries or complaints.<br><br><strong>Keeping your information secure<\\/strong><br>We use security procedures and technology to protect the information we hold. Access to and use of personal information within MotoMe seeks to prevent misuse or unlawful disclosure of the information, this includes internal policies, auditing, training and monitoring of staff.<\\/p>\\r\\n<p>If other organisations provide support services, we require them to appropriately safeguard the privacy of the information provided to them.<br>Where the personal information we collect is no longer required, we delete the information or permanently de-identify it in accordance with relevant laws and our records management policy.<\\/p>\\r\\n<p><strong>How we use your information<\\/strong><br>We use personal information about you for the purpose for which it was provided to us, including:<br><\\/p>\\r\\n<ul><li>To provide you with drive away pricing on the cars you browse;<\\/li><li>To create a MotoMe account for you and store your information and preferences;<\\/li><li>To personalise your experience with MotoMe based on your information and preferences;<\\/li><li>To assist you with purchasing a car (also referred to as \\\"getting a quote\\\");<\\/li><li>To assist you in arranging a test drive of a car;<\\/li><li>To communicate with you and deal with or investigate any complaints or enquiries.<\\/li><\\/ul>\\r\\n<p>We may also use information you provide \\u2013 de-identified wherever possible \\u2013 to:<br><\\/p>\\r\\n<ul><li>administer, manage, improve and optimise MotoMe (including monitoring, auditing, and evaluating MotoMe);<\\/li><li>model and test data (in a controlled environment);<\\/li><li>develop scores, risk assessments and related analytical tools;<\\/li><li>conduct market research, new product development and fraud mitigation;<\\/li><li>undertake related purposes which would reasonably be expected without your express permission. For example, we may from time to time use your personal information to inform you of products and services which we expect may be of interest to you. However, if you do not want to receive such communications you can tell us:<\\/li><li>At the time of collection of your personal information;<\\/li><li>By following the instructions to \'unsubscribe\' or \'opt-out\' which will be included in any such communications sent to you, which may include accessing a web-link or replying to a message;<\\/li><li>By writing to us at privacy@motome.com.au requesting that you be unsubscribed from such communications.<\\/li><\\/ul>\\r\\n<p>While we may sometimes \\u2013 where it is lawful and with your permission if necessary \\u2013 share personal information with companies we do business with (e.g. in product development, joint venture arrangements or distribution arrangements), we do not sell personal information for marketing purposes to other organisations or allow such companies to do this.<\\/p>\\r\\n<p><strong>When your information is disclosed<\\/strong><br>We may share personal information within MotoMe and, where necessary to provide the requested service to you, may disclose your personal information outside MotoMe in the following situations:<br><br><strong>Requesting a test drive<\\/strong><br>When you request a test drive via MotoMe, we must necessarily disclose the information you provide to the car dealer who will fulfil your test drive request. Any information expressly provided by you when you request a test drive may be passed on to the car dealer, including your preference as to whether or not you would like to receive promotional communications from the car dealer; by default, you will be opted-out of receiving such communications.<br><br><strong>Requesting assistance buying a car<\\/strong><br>When you request assistance purchasing a car (also referred to as \\\"getting a quote\\\") via MotoMe, we must necessarily disclose the information you provide to the car dealer who you select to purchase the car from. Any information expressly provided by you when you request assistance purchasing a car may be passed on to this car dealer, including your preference as to whether or not you would like to receive promotional communications from the car dealer; by default, you will be opted-out of receiving such communications.<br><br><strong>Other:<\\/strong><br>We may also share personal information within MotoMe, and may disclose personal information outside MotoMe as required by law or regulations.<\\/p>\\r\\n<p><strong>When you interact with Macquarie finance tools<\\/strong><br>Products and services relating to finance on MotoMe are provided by Macquarie Leasing Pty Ltd ABN 38 002 674 982, Australian Credit Licence 394925, a subsidiary of Macquarie Group Limited ACN 122 169 279 (\\\"Macquarie Group\\\") and its related bodies corporate.<\\/p>\\r\\n<p>Should you interact with Macquarie Group products and services, you may, in the course of using those products and services, be required to provide \'personal information\' to Macquarie Group. In such instances, your \'personal information\' will be handled in accordance with the Macquarie Group Privacy Policy , Terms of Use , Important Information and Regulatory Disclosures (collectively the \\\"Policies and Procedures of Macquarie Group\\\").<\\/p>\\r\\n<p>If you do not agree to any part of the Policies and Procedures of Macquarie Group, then we cannot provide the Macquarie Group products and services to you, and you should stop accessing Macquarie Group products and services.<\\/p>\\r\\n<p><strong>Keeping information accurate and up-to-date<\\/strong><br>We take reasonable steps to ensure that all information we hold is as accurate and up-to-date. You are able to contact us at any time and ask for its correction if you feel the information we have about you is inaccurate or incomplete. You can do so by writing to privacy@motome.com.au.<\\/p>\\r\\n<p><strong>Keeping your information secure and its deletion when no longer required<\\/strong><br>We use security procedures and technology to protect the information we hold. Access to and use of personal information within MotoMe seeks to prevent misuse or unlawful disclosure of the information, this includes internal policies, auditing, training and monitoring of staff.<\\/p>\\r\\n<p>If other organisations provide support services, we require them to appropriately safeguard the privacy of the information provided to them.<br>Where the personal information we collect is no longer required, we delete the information or permanently de-identify it in accordance with relevant laws and our records management policy.<br><br><strong>When you create an account with MotoMe<\\/strong><br>When you create a MotoMe account, any information you provide will be retained indefinitely so long as your account remains active (\'active\' in this case means you have not explicitly advised us you wish to delete the account).<\\/p>\\r\\n<p>When you delete your MotoMe account, your account data, including any personal information, will be immediately and permanently deleted. Non-personal information may be retained in a de-identified state.<\\/p>\\r\\n<p>We may otherwise retain related information, which may include personal information, in such a state and for a period of time as required by law or regulations. For example, we are required by law to keep records of your transactions with us for a period of at least 7-years.<\\/p>\\r\\n<p><strong>How you can access or correct your information<\\/strong><br>You can contact us to request access to or correction of your personal information. In normal circumstances we will give you full access or make the requested corrections to your information. However, there may be some legal or administrative reasons to deny these requests. If your request is denied, we will provide you with the reason why (if we can). Where we decide not to make a requested correction to your personal information and you disagree, you may ask us to make a note of your requested correction with the information.<\\/p>\\r\\n<p>To request access or a correction to your personal information, please write to us at privacy@motome.com.au.<\\/p>\\r\\n<p><strong>Dealing with MotoMe online<\\/strong><br>When you visit MotoMe websites you will browse anonymously unless you have logged into your MotoMe account or accessed the website from a personalised communication from MotoMe.<\\/p>\\r\\n<p>For all visitors to our web site, we use cookies and\\/or browser local storage to collect anonymous information such as the server your computer is logged on to, your browser type (for example, Internet Explorer, Chrome or Firefox), and your IP address. (An IP address is a number that is assigned to your computer automatically and required for using the Internet). We may also derive the location associated with an IP address.<\\/p>\\r\\n<p>Once you have logged into your MotoMe account, accessed our website from an e-mail or other personalised communication sent to you, or provided us with personal information by completing a form online, we may be able to identify you and we may combine that with other information in order to provide you with a better online experience. If you would prefer not to be identified you can delete the cookies and\\/or local storage data and reconfigure the tracking preferences on your internet browser (see the \'Cookies and local storage\' section below).<\\/p>\\r\\n<p>While you may disable tracking through your browser settings, we do not change our practices in response to a \\\"Do Not Track\\\" signal in the HTTP header from your browser or mobile application. We track your activities if you click on advertisements for MotoMe services on third party platforms such as search engines and social networks, and may use analytics to track what you do in response to those advertisements.<\\/p>\\r\\n<p><strong>Cookies and local storage<\\/strong><br>A \'cookie\' is a packet of information placed on a user\'s computer by a website for record keeping purposes.<\\/p>\\r\\n<p>\'Local storage\' is a standard facility provided by HTML5-compliant browsers used to retain data on your computer across visits to the same website.<br>While cookies and local storage are not considered personal information, they are generally used on MotoMe sites to:<\\/p>\\r\\n<ul><li>access online services - if you log into secure areas on our website we will use cookies and\\/or local storage to authorise your access and save your preferences;<\\/li><li>manage advertising - when you see one of our ads on a third party website, cookies are sometimes used to collect anonymous information about the page you visit and the type of software you are using;<\\/li><li>monitor traffic - we use anonymous information to track how people are using the MotoMe site. This may include time of visit, pages visited and some system information about the type of computer you are using;<\\/li><li>monitor your use of our website - if we have identified you as a result of you logging into a MotoMe client portal, accessing our website from a personalised communication or providing us with personal information by completing a form online, we may use cookies and\\/or local storage to collect personal information about you.<\\/li><\\/ul>\\r\\n<p>You can configure how your browser stores cookies and local storage data, which may include the ability to accept, reject or notify you about attempts to store this data (Each browser is different, so check the \\\"Help\\\" menu of your browser to learn how to change your cookie and site data preferences).<\\/p>\\r\\n<p>If you disable the use of cookies and\\/or local storage on your web browser or remove or reject specific cookies and\\/or local storage from MotoMe or linked sites, then you may not be able to gain access to all of the content and features on those websites.<\\/p>\\r\\n<p><strong>Changes to this Policy<\\/strong><br>We may make changes to this Privacy Policy at any time. If we make material changes to the Privacy Policy, we will advise you either by posting the changed Privacy Policy on MotoMe or by sending you an email. <\\/p>\\r\\n<p>If you do not wish to agree to the new Privacy Policy, then we cannot continue to provide MotoMe to you, and you should stop accessing MotoMe and, if you have a MotoMe account, you should delete it.<\\/p>\\r\\n<p><strong>Contact us<\\/strong><br>If you have any questions or complaints regarding privacy or information handling, please write to privacy@motome.com.au. We will respond to let you know when you can expect a further response.<\\/p>\\r\\n<p>If your concerns are not resolved to your satisfaction, you may be able to escalate your complaint to an external dispute resolution scheme or to a regulatory authority. We can provide details of the appropriate scheme\\/regulator for you, as these may vary by jurisdiction or product.<\\/p>\\r\\n<p><strong>Other important information<\\/strong><br>These are general and privacy terms that apply to MotoMe, the trading name and business operated by Macquarie Leasing Pty Limited ABN 38 002 674 982, Australian Credit Licence 394925, a subsidiary of Macquarie Group Limited ACN 122 169 279 (\\\"Macquarie Group\\\") and its related bodies corporate.<\\/p>\\r\\n<p>MotoMe is not a motor vehicle dealer. MotoMe is a car finance and buying service provider. It has business arrangements with a network of motor vehicle dealers across Australia to whom it may refer customer or from whom it may obtain quotes for customers, and will receive a fee for referrals or completed transactions under those arrangements.<\\/p>\\r\\n<p>MotoMe operates a platform that helps car buyers to find the car that is right for their personal circumstances and then test drive that car at a car dealer or purchase that car for a competitive price, whether through our website or mobile applications (\\\"Platform\\\" or \\\"Services\\\").<\\/p>\\r\\n<p>As MotoMe is a business operated by a Macquarie Group company, you should also read and understand the Terms of Use , Important Information and Privacy Policy , and Regulatory Disclosures of Macquarie Group (collectively the \\\"Policies and Procedures of Macquarie Group\\\"), as these will also apply when you use any Macquarie-branded features or services on MotoMe.<\\/p>\"}}', '2018-10-04 08:55:56', '2018-10-04 08:55:56', '146a9b2a-73df-43bf-9ec2-ef48e52dcad7'),
 ('24', '5', '5', '1', 'en_au', '8', '', '{\"typeId\":null,\"authorId\":null,\"title\":\"Privacy\",\"slug\":\"privacy\",\"postDate\":1538636685,\"expiryDate\":null,\"enabled\":1,\"parentId\":null,\"fields\":{\"27\":\"<p><strong>MotoMe Privacy Policy<\\/strong><\\/p>\\r\\n<p>Last updated: 25 September, 2018<br><\\/p>\\r\\n<p>The MotoMe Privacy Policy (\\\"Privacy Policy\\\") sets out:<\\/p>\\r\\n<ul><li>why we need to collect personal information;<\\/li><li>how we collect it;<\\/li><li>what we do with it;<\\/li><li>how it\'s stored; and<\\/li><li>who we might share it with and why.<\\/li><\\/ul>\\r\\n<p>The Privacy Policy also describes:<br><\\/p>\\r\\n<ul><li>how you can access or correct information we hold about you;<\\/li><li>how you can ask further questions or make a complaint; and<\\/li><li>information about our websites and online activities.<\\/li><\\/ul>\\r\\n<p><strong>Personal information<\\/strong><br>\'Personal information\' is defined within The Privacy Act (1988) as any \\\"information or an opinion, whether true or not, and whether recorded in a material form or not, about an identified individual, or an individual who is reasonably identifiable.\\\"<\\/p>\\r\\n<p><strong>The Privacy Act (1988)<\\/strong><br>MotoMe is bound by the Privacy Act (1988).<\\/p>\\r\\n<p><strong>The information we collect and why<\\/strong><br>In providing you with the MotoMe Applications and Services (\\\"MotoMe\\\") we will occasionally receive, store and process \'personal information\' about you that you make available to us.<\\/p>\\r\\n<p>The \'Personal information\' we may collect from you includes (but is not limited to):<\\/p>\\r\\n<ul><li>Your name;<\\/li><li>Your email address;<\\/li><li>Your phone number;<\\/li><li>Your postcode;<\\/li><li>Your device\'s IP Address.<\\/li><\\/ul>\\r\\n<p>Other information (that is not necessarily \'personal information\') we may collect about you during your use of MotoMe includes (but is not limited to): your car preferences, your car buying budget, your car buying timeframe, information about your car trade in and whether or not you are seeking finance.<\\/p>\\r\\n<p>Specific times you will provide personal information to us include (but are not limited to):<br><\\/p>\\r\\n<ul><li>When you view drive away pricing, which is based on your location;<\\/li><li>When you create an account with MotoMe;<\\/li><li>When you request MotoMe assistance in purchasing a car (also referred to as \\\"getting a quote\\\");<\\/li><li>When you request a test drive of a car;<\\/li><li>When you communicate with MotoMe in person, phone calls, emails and via social media;<\\/li><li>When you link your account on a third party site (e.g. Facebook) to your MotoMe account, in which case we will obtain the Personal Information that you have provided to the third party site, to the extent allowed by your settings with the third party site and authorised by you.<\\/li><\\/ul>\\r\\n<p>Without such information, we may not be able to provide you with an appropriate level of service.<\\/p>\\r\\n<p><strong>How we store and secure your information<\\/strong><br>We keep personal information in physical and electronic records, at our premises and the premises of our service providers, which includes storage on the cloud. Where this occurs, we take steps to protect personal information against misuse or loss.<\\/p>\\r\\n<p>We also keep records of our interactions with you (including by telephone, email and online) and your enquiries or complaints.<br><br><strong>Keeping your information secure<\\/strong><br>We use security procedures and technology to protect the information we hold. Access to and use of personal information within MotoMe seeks to prevent misuse or unlawful disclosure of the information, this includes internal policies, auditing, training and monitoring of staff.<\\/p>\\r\\n<p>If other organisations provide support services, we require them to appropriately safeguard the privacy of the information provided to them.<br>Where the personal information we collect is no longer required, we delete the information or permanently de-identify it in accordance with relevant laws and our records management policy.<\\/p>\\r\\n<p><strong>How we use your information<\\/strong><br>We use personal information about you for the purpose for which it was provided to us, including:<br><\\/p>\\r\\n<ul><li>To provide you with drive away pricing on the cars you browse;<\\/li><li>To create a MotoMe account for you and store your information and preferences;<\\/li><li>To personalise your experience with MotoMe based on your information and preferences;<\\/li><li>To assist you with purchasing a car (also referred to as \\\"getting a quote\\\");<\\/li><li>To assist you in arranging a test drive of a car;<\\/li><li>To communicate with you and deal with or investigate any complaints or enquiries.<\\/li><\\/ul>\\r\\n<p>We may also use information you provide \\u2013 de-identified wherever possible \\u2013 to:<br><\\/p>\\r\\n<ul><li>administer, manage, improve and optimise MotoMe (including monitoring, auditing, and evaluating MotoMe);<\\/li><li>model and test data (in a controlled environment);<\\/li><li>develop scores, risk assessments and related analytical tools;<\\/li><li>conduct market research, new product development and fraud mitigation;<\\/li><li>undertake related purposes which would reasonably be expected without your express permission. For example, we may from time to time use your personal information to inform you of products and services which we expect may be of interest to you. However, if you do not want to receive such communications you can tell us:<\\/li><li>At the time of collection of your personal information;<\\/li><li>By following the instructions to \'unsubscribe\' or \'opt-out\' which will be included in any such communications sent to you, which may include accessing a web-link or replying to a message;<\\/li><li>By writing to us at privacy@motome.com.au requesting that you be unsubscribed from such communications.<\\/li><\\/ul>\\r\\n<p>While we may sometimes \\u2013 where it is lawful and with your permission if necessary \\u2013 share personal information with companies we do business with (e.g. in product development, joint venture arrangements or distribution arrangements), we do not sell personal information for marketing purposes to other organisations or allow such companies to do this.<\\/p>\\r\\n<p><strong>When your information is disclosed<\\/strong><br>We may share personal information within MotoMe and, where necessary to provide the requested service to you, may disclose your personal information outside MotoMe in the following situations:<br><br><strong>Requesting a test drive<\\/strong><br>When you request a test drive via MotoMe, we must necessarily disclose the information you provide to the car dealer who will fulfil your test drive request. Any information expressly provided by you when you request a test drive may be passed on to the car dealer, including your preference as to whether or not you would like to receive promotional communications from the car dealer; by default, you will be opted-out of receiving such communications.<br><br><strong>Requesting assistance buying a car<\\/strong><br>When you request assistance purchasing a car (also referred to as \\\"getting a quote\\\") via MotoMe, we must necessarily disclose the information you provide to the car dealer who you select to purchase the car from. Any information expressly provided by you when you request assistance purchasing a car may be passed on to this car dealer, including your preference as to whether or not you would like to receive promotional communications from the car dealer; by default, you will be opted-out of receiving such communications.<br><br><strong>Other:<\\/strong><br>We may also share personal information within MotoMe, and may disclose personal information outside MotoMe as required by law or regulations.<\\/p>\\r\\n<p><strong>When you interact with Macquarie finance tools<\\/strong><br>Products and services relating to finance on MotoMe are provided by Macquarie Leasing Pty Ltd ABN 38 002 674 982, Australian Credit Licence 394925, a subsidiary of Macquarie Group Limited ACN 122 169 279 (\\\"Macquarie Group\\\") and its related bodies corporate.<\\/p>\\r\\n<p>Should you interact with Macquarie Group products and services, you may, in the course of using those products and services, be required to provide \'personal information\' to Macquarie Group. In such instances, your \'personal information\' will be handled in accordance with the Macquarie Group Privacy Policy , Terms of Use , Important Information and Regulatory Disclosures (collectively the \\\"Policies and Procedures of Macquarie Group\\\").<\\/p>\\r\\n<p>If you do not agree to any part of the Policies and Procedures of Macquarie Group, then we cannot provide the Macquarie Group products and services to you, and you should stop accessing Macquarie Group products and services.<\\/p>\\r\\n<p><strong>Keeping information accurate and up-to-date<\\/strong><br>We take reasonable steps to ensure that all information we hold is as accurate and up-to-date. You are able to contact us at any time and ask for its correction if you feel the information we have about you is inaccurate or incomplete. You can do so by writing to privacy@motome.com.au.<\\/p>\\r\\n<p><strong>Keeping your information secure and its deletion when no longer required<\\/strong><br>We use security procedures and technology to protect the information we hold. Access to and use of personal information within MotoMe seeks to prevent misuse or unlawful disclosure of the information, this includes internal policies, auditing, training and monitoring of staff.<\\/p>\\r\\n<p>If other organisations provide support services, we require them to appropriately safeguard the privacy of the information provided to them.<br>Where the personal information we collect is no longer required, we delete the information or permanently de-identify it in accordance with relevant laws and our records management policy.<br><br><strong>When you create an account with MotoMe<\\/strong><br>When you create a MotoMe account, any information you provide will be retained indefinitely so long as your account remains active (\'active\' in this case means you have not explicitly advised us you wish to delete the account).<\\/p>\\r\\n<p>When you delete your MotoMe account, your account data, including any personal information, will be immediately and permanently deleted. Non-personal information may be retained in a de-identified state.<\\/p>\\r\\n<p>We may otherwise retain related information, which may include personal information, in such a state and for a period of time as required by law or regulations. For example, we are required by law to keep records of your transactions with us for a period of at least 7-years.<\\/p>\\r\\n<p><strong>How you can access or correct your information<\\/strong><br>You can contact us to request access to or correction of your personal information. In normal circumstances we will give you full access or make the requested corrections to your information. However, there may be some legal or administrative reasons to deny these requests. If your request is denied, we will provide you with the reason why (if we can). Where we decide not to make a requested correction to your personal information and you disagree, you may ask us to make a note of your requested correction with the information.<\\/p>\\r\\n<p>To request access or a correction to your personal information, please write to us at privacy@motome.com.au.<\\/p>\\r\\n<p><strong>Dealing with MotoMe online<\\/strong><br>When you visit MotoMe websites you will browse anonymously unless you have logged into your MotoMe account or accessed the website from a personalised communication from MotoMe.<\\/p>\\r\\n<p>For all visitors to our web site, we use cookies and\\/or browser local storage to collect anonymous information such as the server your computer is logged on to, your browser type (for example, Internet Explorer, Chrome or Firefox), and your IP address. (An IP address is a number that is assigned to your computer automatically and required for using the Internet). We may also derive the location associated with an IP address.<\\/p>\\r\\n<p>Once you have logged into your MotoMe account, accessed our website from an e-mail or other personalised communication sent to you, or provided us with personal information by completing a form online, we may be able to identify you and we may combine that with other information in order to provide you with a better online experience. If you would prefer not to be identified you can delete the cookies and\\/or local storage data and reconfigure the tracking preferences on your internet browser (see the \'Cookies and local storage\' section below).<\\/p>\\r\\n<p>While you may disable tracking through your browser settings, we do not change our practices in response to a \\\"Do Not Track\\\" signal in the HTTP header from your browser or mobile application. We track your activities if you click on advertisements for MotoMe services on third party platforms such as search engines and social networks, and may use analytics to track what you do in response to those advertisements.<\\/p>\\r\\n<p><strong>Cookies and local storage<\\/strong><br>A \'cookie\' is a packet of information placed on a user\'s computer by a website for record keeping purposes.<\\/p>\\r\\n<p>\'Local storage\' is a standard facility provided by HTML5-compliant browsers used to retain data on your computer across visits to the same website.<br>While cookies and local storage are not considered personal information, they are generally used on MotoMe sites to:<\\/p>\\r\\n<ul><li>access online services - if you log into secure areas on our website we will use cookies and\\/or local storage to authorise your access and save your preferences;<\\/li><li>manage advertising - when you see one of our ads on a third party website, cookies are sometimes used to collect anonymous information about the page you visit and the type of software you are using;<\\/li><li>monitor traffic - we use anonymous information to track how people are using the MotoMe site. This may include time of visit, pages visited and some system information about the type of computer you are using;<\\/li><li>monitor your use of our website - if we have identified you as a result of you logging into a MotoMe client portal, accessing our website from a personalised communication or providing us with personal information by completing a form online, we may use cookies and\\/or local storage to collect personal information about you.<\\/li><\\/ul>\\r\\n<p>You can configure how your browser stores cookies and local storage data, which may include the ability to accept, reject or notify you about attempts to store this data (Each browser is different, so check the \\\"Help\\\" menu of your browser to learn how to change your cookie and site data preferences).<\\/p>\\r\\n<p>If you disable the use of cookies and\\/or local storage on your web browser or remove or reject specific cookies and\\/or local storage from MotoMe or linked sites, then you may not be able to gain access to all of the content and features on those websites.<\\/p>\\r\\n<p><strong>Changes to this Policy<\\/strong><br>We may make changes to this Privacy Policy at any time. If we make material changes to the Privacy Policy, we will advise you either by posting the changed Privacy Policy on MotoMe or by sending you an email. <\\/p>\\r\\n<p>If you do not wish to agree to the new Privacy Policy, then we cannot continue to provide MotoMe to you, and you should stop accessing MotoMe and, if you have a MotoMe account, you should delete it.<\\/p>\\r\\n<p><strong>Contact us<\\/strong><br>If you have any questions or complaints regarding privacy or information handling, please write to privacy@motome.com.au. We will respond to let you know when you can expect a further response.<\\/p>\\r\\n<p>If your concerns are not resolved to your satisfaction, you may be able to escalate your complaint to an external dispute resolution scheme or to a regulatory authority. We can provide details of the appropriate scheme\\/regulator for you, as these may vary by jurisdiction or product.<\\/p>\\r\\n<p><strong>Other important information<\\/strong><br>These are general and privacy terms that apply to MotoMe, the trading name and business operated by Macquarie Leasing Pty Limited ABN 38 002 674 982, Australian Credit Licence 394925, a subsidiary of Macquarie Group Limited ACN 122 169 279 (\\\"Macquarie Group\\\") and its related bodies corporate.<\\/p>\\r\\n<p>MotoMe is not a motor vehicle dealer. MotoMe is a car finance and buying service provider. It has business arrangements with a network of motor vehicle dealers across Australia to whom it may refer customer or from whom it may obtain quotes for customers, and will receive a fee for referrals or completed transactions under those arrangements.<\\/p>\\r\\n<p>MotoMe operates a platform that helps car buyers to find the car that is right for their personal circumstances and then test drive that car at a car dealer or purchase that car for a competitive price, whether through our website or mobile applications (\\\"Platform\\\" or \\\"Services\\\").<\\/p>\\r\\n<p>As MotoMe is a business operated by a Macquarie Group company, you should also read and understand the Terms of Use , Important Information and Privacy Policy , and Regulatory Disclosures of Macquarie Group (collectively the \\\"Policies and Procedures of Macquarie Group\\\"), as these will also apply when you use any Macquarie-branded features or services on MotoMe.<\\/p>\"}}', '2018-10-04 09:13:15', '2018-10-04 09:13:15', 'c3313d80-4fa3-4ef7-afea-17abe36d2aed');



DROP TABLE IF EXISTS `craft_fieldgroups`;


--
-- Schema for table `craft_fieldgroups`
--
CREATE TABLE `craft_fieldgroups` (
  `id` int(11) NOT NULL AUTO_INCREMENT,
  `name` varchar(255) COLLATE utf8_unicode_ci NOT NULL,
  `dateCreated` datetime NOT NULL,
  `dateUpdated` datetime NOT NULL,
  `uid` char(36) COLLATE utf8_unicode_ci NOT NULL DEFAULT '0',
  PRIMARY KEY (`id`),
  UNIQUE KEY `craft_fieldgroups_name_unq_idx` (`name`)
) ENGINE=InnoDB AUTO_INCREMENT=3 DEFAULT CHARSET=utf8 COLLATE=utf8_unicode_ci;

--
-- Data for table `craft_fieldgroups`
--

INSERT INTO `craft_fieldgroups` (`id`, `name`, `dateCreated`, `dateUpdated`, `uid`) VALUES
 ('1', 'Default', '2018-10-03 15:50:55', '2018-10-03 15:50:55', '39655a8a-0013-4e6a-91cc-b287dace9653'),
 ('2', 'Cars', '2018-10-04 07:05:49', '2018-10-04 07:05:49', '7d8420ec-9259-4fbe-ba2f-3203264393f8');



DROP TABLE IF EXISTS `craft_fieldlayoutfields`;


--
-- Schema for table `craft_fieldlayoutfields`
--
CREATE TABLE `craft_fieldlayoutfields` (
  `id` int(11) NOT NULL AUTO_INCREMENT,
  `layoutId` int(11) NOT NULL,
  `tabId` int(11) NOT NULL,
  `fieldId` int(11) NOT NULL,
  `required` tinyint(1) unsigned NOT NULL DEFAULT '0',
  `sortOrder` smallint(6) unsigned DEFAULT NULL,
  `dateCreated` datetime NOT NULL,
  `dateUpdated` datetime NOT NULL,
  `uid` char(36) COLLATE utf8_unicode_ci NOT NULL DEFAULT '0',
  PRIMARY KEY (`id`),
  UNIQUE KEY `craft_fieldlayoutfields_layoutId_fieldId_unq_idx` (`layoutId`,`fieldId`),
  KEY `craft_fieldlayoutfields_sortOrder_idx` (`sortOrder`),
  KEY `craft_fieldlayoutfields_tabId_fk` (`tabId`),
  KEY `craft_fieldlayoutfields_fieldId_fk` (`fieldId`)
) ENGINE=InnoDB AUTO_INCREMENT=73 DEFAULT CHARSET=utf8 COLLATE=utf8_unicode_ci;

--
-- Data for table `craft_fieldlayoutfields`
--

INSERT INTO `craft_fieldlayoutfields` (`id`, `layoutId`, `tabId`, `fieldId`, `required`, `sortOrder`, `dateCreated`, `dateUpdated`, `uid`) VALUES
 ('49', '25', '22', '18', '0', '1', '2018-10-04 08:23:01', '2018-10-04 08:23:01', '7fc0766e-ded1-45bb-bedd-beb862caeca3'),
 ('50', '25', '22', '19', '0', '2', '2018-10-04 08:23:01', '2018-10-04 08:23:01', '2fa9036c-2a74-459d-b781-3c7504a71bc2'),
 ('51', '25', '22', '20', '0', '3', '2018-10-04 08:23:01', '2018-10-04 08:23:01', 'c0aae198-b1bd-40f1-a1c2-7148540f815b'),
 ('52', '25', '22', '21', '0', '4', '2018-10-04 08:23:01', '2018-10-04 08:23:01', 'd80b8697-a8fd-4ab6-bab0-6bb0df9d44bb'),
 ('57', '27', '24', '15', '0', '1', '2018-10-04 08:24:28', '2018-10-04 08:24:28', 'afdfe04e-f6c9-4e60-b298-593be337dc9e'),
 ('58', '27', '24', '14', '0', '2', '2018-10-04 08:24:28', '2018-10-04 08:24:28', '4879d34a-4042-454b-bc09-6a57850bbd39'),
 ('59', '27', '25', '17', '0', '1', '2018-10-04 08:24:28', '2018-10-04 08:24:28', '66530207-be1e-4cad-8015-87b008f28281'),
 ('60', '27', '26', '22', '0', '1', '2018-10-04 08:24:28', '2018-10-04 08:24:28', 'a034c21e-c796-466a-a4ff-cf87c1015aff'),
 ('61', '28', '27', '23', '0', '1', '2018-10-04 08:25:08', '2018-10-04 08:25:08', '08b1e353-195e-413c-a9b1-84c0236fa968'),
 ('62', '28', '27', '24', '0', '2', '2018-10-04 08:25:08', '2018-10-04 08:25:08', '4f6f6502-680f-44f1-a0fb-fb726eced689'),
 ('63', '28', '27', '25', '0', '3', '2018-10-04 08:25:08', '2018-10-04 08:25:08', '54120cd0-ab4c-413c-9df4-981566fc9897'),
 ('64', '28', '27', '26', '0', '4', '2018-10-04 08:25:08', '2018-10-04 08:25:08', 'd43f8845-fe48-4a80-83ad-0d2894b7f03f'),
 ('68', '32', '31', '1', '0', '1', '2018-10-04 08:29:43', '2018-10-04 08:29:43', 'e31aa82e-b4ed-4450-b819-8485ef78dee8'),
 ('71', '36', '34', '1', '0', '1', '2018-10-04 08:35:13', '2018-10-04 08:35:13', '86483989-4210-44be-83ca-30568dd3c242'),
 ('72', '37', '35', '27', '0', '1', '2018-10-04 08:35:17', '2018-10-04 08:35:17', '15ed935d-c5d2-488c-ad25-c6637285d797');



DROP TABLE IF EXISTS `craft_fieldlayouts`;


--
-- Schema for table `craft_fieldlayouts`
--
CREATE TABLE `craft_fieldlayouts` (
  `id` int(11) NOT NULL AUTO_INCREMENT,
  `type` varchar(150) COLLATE utf8_unicode_ci NOT NULL,
  `dateCreated` datetime NOT NULL,
  `dateUpdated` datetime NOT NULL,
  `uid` char(36) COLLATE utf8_unicode_ci NOT NULL DEFAULT '0',
  PRIMARY KEY (`id`),
  KEY `craft_fieldlayouts_type_idx` (`type`)
) ENGINE=InnoDB AUTO_INCREMENT=38 DEFAULT CHARSET=utf8 COLLATE=utf8_unicode_ci;

--
-- Data for table `craft_fieldlayouts`
--

INSERT INTO `craft_fieldlayouts` (`id`, `type`, `dateCreated`, `dateUpdated`, `uid`) VALUES
 ('1', 'Tag', '2018-10-03 15:50:55', '2018-10-03 15:50:55', '980406f0-38ce-476c-8041-91ece623a466'),
 ('14', 'Asset', '2018-10-04 07:37:27', '2018-10-04 07:37:27', '2b3d0c68-f398-45f6-9079-7797d325d711'),
 ('15', 'Asset', '2018-10-04 07:37:43', '2018-10-04 07:37:43', '961e725c-c3e1-4286-b46e-adfd143ca5b9'),
 ('25', 'MatrixBlock', '2018-10-04 08:23:01', '2018-10-04 08:23:01', 'dd621f37-fa53-48a0-bb85-e1f0243dd549'),
 ('27', 'Entry', '2018-10-04 08:24:28', '2018-10-04 08:24:28', '54b77c5f-e735-4dce-a4c2-010d4385297d'),
 ('28', 'MatrixBlock', '2018-10-04 08:25:08', '2018-10-04 08:25:08', '1a63e9a1-be70-4de3-a646-d46a45bb3568'),
 ('32', 'Entry', '2018-10-04 08:29:43', '2018-10-04 08:29:43', '92831518-bff0-45ec-bd64-e08bb94694e0'),
 ('36', 'Entry', '2018-10-04 08:35:13', '2018-10-04 08:35:13', 'd5b89eef-adcb-4c23-81c5-c2bae05202a0'),
 ('37', 'Entry', '2018-10-04 08:35:17', '2018-10-04 08:35:17', 'b534d1b8-7151-4fc8-92d1-4e4e62507781');



DROP TABLE IF EXISTS `craft_fieldlayouttabs`;


--
-- Schema for table `craft_fieldlayouttabs`
--
CREATE TABLE `craft_fieldlayouttabs` (
  `id` int(11) NOT NULL AUTO_INCREMENT,
  `layoutId` int(11) NOT NULL,
  `name` varchar(255) COLLATE utf8_unicode_ci NOT NULL,
  `sortOrder` smallint(6) unsigned DEFAULT NULL,
  `dateCreated` datetime NOT NULL,
  `dateUpdated` datetime NOT NULL,
  `uid` char(36) COLLATE utf8_unicode_ci NOT NULL DEFAULT '0',
  PRIMARY KEY (`id`),
  KEY `craft_fieldlayouttabs_sortOrder_idx` (`sortOrder`),
  KEY `craft_fieldlayouttabs_layoutId_fk` (`layoutId`)
) ENGINE=InnoDB AUTO_INCREMENT=36 DEFAULT CHARSET=utf8 COLLATE=utf8_unicode_ci;

--
-- Data for table `craft_fieldlayouttabs`
--

INSERT INTO `craft_fieldlayouttabs` (`id`, `layoutId`, `name`, `sortOrder`, `dateCreated`, `dateUpdated`, `uid`) VALUES
 ('22', '25', 'Content', '1', '2018-10-04 08:23:01', '2018-10-04 08:23:01', '24cc7977-0f9f-49a3-b500-0af110ffaf9c'),
 ('24', '27', 'Car', '1', '2018-10-04 08:24:28', '2018-10-04 08:24:28', '5d869b28-5ebd-43fe-8073-dc4a87626aba'),
 ('25', '27', 'Exterior', '2', '2018-10-04 08:24:28', '2018-10-04 08:24:28', 'b2ec8674-e9d9-4414-8d55-5bd81b1cb45c'),
 ('26', '27', 'Interior', '3', '2018-10-04 08:24:28', '2018-10-04 08:24:28', '8154595b-0372-4258-a44b-7a73bfd49752'),
 ('27', '28', 'Content', '1', '2018-10-04 08:25:08', '2018-10-04 08:25:08', '154ce1a5-33a4-4d12-9013-7b644228574b'),
 ('31', '32', 'Content', '1', '2018-10-04 08:29:43', '2018-10-04 08:29:43', '6339afac-73bf-4d3f-9a68-aa4d2da072fc'),
 ('34', '36', 'Content', '1', '2018-10-04 08:35:13', '2018-10-04 08:35:13', '08c4f5b6-be50-472a-b33f-03d8461fa9fc'),
 ('35', '37', 'Content', '1', '2018-10-04 08:35:17', '2018-10-04 08:35:17', 'd610a0e7-b376-45e9-8f74-93ddf5dc92c2');



DROP TABLE IF EXISTS `craft_fields`;


--
-- Schema for table `craft_fields`
--
CREATE TABLE `craft_fields` (
  `id` int(11) NOT NULL AUTO_INCREMENT,
  `groupId` int(11) DEFAULT NULL,
  `name` varchar(255) COLLATE utf8_unicode_ci NOT NULL,
  `handle` varchar(58) COLLATE utf8_unicode_ci NOT NULL,
  `context` varchar(255) COLLATE utf8_unicode_ci NOT NULL DEFAULT 'global',
  `instructions` text COLLATE utf8_unicode_ci,
  `translatable` tinyint(1) unsigned NOT NULL DEFAULT '0',
  `type` varchar(150) COLLATE utf8_unicode_ci NOT NULL,
  `settings` text COLLATE utf8_unicode_ci,
  `dateCreated` datetime NOT NULL,
  `dateUpdated` datetime NOT NULL,
  `uid` char(36) COLLATE utf8_unicode_ci NOT NULL DEFAULT '0',
  PRIMARY KEY (`id`),
  UNIQUE KEY `craft_fields_handle_context_unq_idx` (`handle`,`context`),
  KEY `craft_fields_context_idx` (`context`),
  KEY `craft_fields_groupId_fk` (`groupId`)
) ENGINE=InnoDB AUTO_INCREMENT=28 DEFAULT CHARSET=utf8 COLLATE=utf8_unicode_ci;

--
-- Data for table `craft_fields`
--

INSERT INTO `craft_fields` (`id`, `groupId`, `name`, `handle`, `context`, `instructions`, `translatable`, `type`, `settings`, `dateCreated`, `dateUpdated`, `uid`) VALUES
 ('1', '1', 'About Body', 'homepageBody', 'global', '', '0', 'PlainText', '{\"placeholder\":\"\",\"maxLength\":\"\",\"multiline\":\"1\",\"initialRows\":\"4\"}', '2018-10-03 15:50:55', '2018-10-04 08:34:29', 'f1f899b5-a149-47f8-a6f6-43fd4f20871e'),
 ('14', '2', 'Intro Body', 'carIntroBody', 'global', '', '0', 'PlainText', '{\"placeholder\":\"\",\"maxLength\":\"\",\"multiline\":\"1\",\"initialRows\":\"4\"}', '2018-10-04 07:42:50', '2018-10-04 07:44:07', 'b059e5eb-577f-4d87-a218-c8a35ef80954'),
 ('15', '2', 'Intro Title', 'carIntroTitle', 'global', '', '0', 'PlainText', '{\"placeholder\":\"\",\"maxLength\":\"\",\"multiline\":\"\",\"initialRows\":\"4\"}', '2018-10-04 07:44:23', '2018-10-04 07:44:23', '8c20c07d-7947-45d1-81e5-5b7717a63f92'),
 ('17', '2', 'Exterior Hotspot', 'exteriorHotspot', 'global', '', '0', 'Matrix', '{\"maxBlocks\":null}', '2018-10-04 08:12:50', '2018-10-04 08:23:00', 'd6793d22-731e-483f-828e-55092137e596'),
 ('18', NULL, 'Heading', 'heading', 'matrixBlockType:2', '', '0', 'PlainText', '{\"placeholder\":\"\",\"maxLength\":\"\",\"multiline\":\"\",\"initialRows\":\"4\"}', '2018-10-04 08:12:51', '2018-10-04 08:23:01', '38ebd6c8-24c9-4fb8-afea-b84589fc0fca'),
 ('19', NULL, 'Body', 'body', 'matrixBlockType:2', '', '0', 'PlainText', '{\"placeholder\":\"\",\"maxLength\":\"\",\"multiline\":\"1\",\"initialRows\":\"4\"}', '2018-10-04 08:12:52', '2018-10-04 08:23:01', 'e71c9f31-b245-4bc3-9233-b5958224f1b9'),
 ('20', NULL, 'Images', 'images', 'matrixBlockType:2', '', '0', 'Assets', '{\"useSingleFolder\":\"\",\"sources\":[\"folder:1\"],\"defaultUploadLocationSource\":\"1\",\"defaultUploadLocationSubpath\":\"\",\"singleUploadLocationSource\":\"1\",\"singleUploadLocationSubpath\":\"\",\"restrictFiles\":\"1\",\"allowedKinds\":[\"image\"],\"limit\":\"\",\"viewMode\":\"large\",\"selectionLabel\":\"\"}', '2018-10-04 08:12:52', '2018-10-04 08:23:01', '43a930fd-a373-4180-b692-8dedc3556d82'),
 ('21', NULL, 'Point', 'point', 'matrixBlockType:2', '', '0', 'Donkeytail_Canvas', '{\"canvasImageId\":[\"6\"],\"showSiblings\":\"1\",\"dotType\":\"circle\",\"dotWidth\":\"40\",\"dotColor\":\"#fe2b55\"}', '2018-10-04 08:12:52', '2018-10-04 08:23:01', '06574af3-4f0a-4819-80b5-0e56d342b27a'),
 ('22', '2', 'Interior Hotspot', 'interiorHotspot', 'global', '', '0', 'Matrix', '{\"maxBlocks\":null}', '2018-10-04 08:22:20', '2018-10-04 08:25:08', '05e1ed66-6d56-4794-a056-c713c4ef5b64'),
 ('23', NULL, 'Heading', 'heading', 'matrixBlockType:3', '', '0', 'PlainText', '{\"placeholder\":\"\",\"maxLength\":\"\",\"multiline\":\"\",\"initialRows\":\"4\"}', '2018-10-04 08:24:06', '2018-10-04 08:25:08', '944e7dd1-4c31-4c56-b461-2baf640c8da3'),
 ('24', NULL, 'Body', 'body', 'matrixBlockType:3', '', '0', 'PlainText', '{\"placeholder\":\"\",\"maxLength\":\"\",\"multiline\":\"1\",\"initialRows\":\"4\"}', '2018-10-04 08:24:06', '2018-10-04 08:25:08', '91c3ddbf-ad8b-449f-8aa3-e3c47a979758'),
 ('25', NULL, 'Images', 'images', 'matrixBlockType:3', '', '0', 'Assets', '{\"useSingleFolder\":\"\",\"sources\":[\"folder:1\"],\"defaultUploadLocationSource\":\"1\",\"defaultUploadLocationSubpath\":\"\",\"singleUploadLocationSource\":\"1\",\"singleUploadLocationSubpath\":\"\",\"restrictFiles\":\"1\",\"allowedKinds\":[\"image\"],\"limit\":\"\",\"viewMode\":\"large\",\"selectionLabel\":\"\"}', '2018-10-04 08:24:06', '2018-10-04 08:25:08', '004091a6-aca4-42a0-ad82-17806e505170'),
 ('26', NULL, 'Point', 'point', 'matrixBlockType:3', '', '0', 'Donkeytail_Canvas', '{\"canvasImageId\":[\"7\"],\"showSiblings\":\"1\",\"dotType\":\"circle\",\"dotWidth\":\"40\",\"dotColor\":\"#fe2b55\"}', '2018-10-04 08:24:06', '2018-10-04 08:25:08', 'b02dd795-1882-425e-8c68-d1853763a821'),
 ('27', '1', 'Privacy Body', 'privacyBody', 'global', '', '0', 'RichText', '{\"configFile\":\"Standard.json\",\"availableAssetSources\":\"*\",\"availableTransforms\":\"*\",\"cleanupHtml\":\"1\",\"purifyHtml\":\"1\",\"purifierConfig\":\"\",\"columnType\":\"text\"}', '2018-10-04 08:32:57', '2018-10-04 08:50:53', '4d2989b5-8fbf-4d36-b740-de86647a593b');



DROP TABLE IF EXISTS `craft_globalsets`;


--
-- Schema for table `craft_globalsets`
--
CREATE TABLE `craft_globalsets` (
  `id` int(11) NOT NULL,
  `name` varchar(255) COLLATE utf8_unicode_ci NOT NULL,
  `handle` varchar(255) COLLATE utf8_unicode_ci NOT NULL,
  `fieldLayoutId` int(10) DEFAULT NULL,
  `dateCreated` datetime NOT NULL,
  `dateUpdated` datetime NOT NULL,
  `uid` char(36) COLLATE utf8_unicode_ci NOT NULL DEFAULT '0',
  PRIMARY KEY (`id`),
  UNIQUE KEY `craft_globalsets_name_unq_idx` (`name`),
  UNIQUE KEY `craft_globalsets_handle_unq_idx` (`handle`),
  KEY `craft_globalsets_fieldLayoutId_fk` (`fieldLayoutId`)
) ENGINE=InnoDB DEFAULT CHARSET=utf8 COLLATE=utf8_unicode_ci;

DROP TABLE IF EXISTS `craft_info`;


--
-- Schema for table `craft_info`
--
CREATE TABLE `craft_info` (
  `id` int(11) NOT NULL AUTO_INCREMENT,
  `version` varchar(50) COLLATE utf8_unicode_ci NOT NULL,
  `schemaVersion` varchar(15) COLLATE utf8_unicode_ci NOT NULL,
  `edition` tinyint(1) unsigned NOT NULL DEFAULT '0',
  `siteName` varchar(100) COLLATE utf8_unicode_ci NOT NULL,
  `siteUrl` varchar(255) COLLATE utf8_unicode_ci NOT NULL,
  `timezone` varchar(30) COLLATE utf8_unicode_ci DEFAULT NULL,
  `on` tinyint(1) unsigned NOT NULL DEFAULT '0',
  `maintenance` tinyint(1) unsigned NOT NULL DEFAULT '0',
  `dateCreated` datetime NOT NULL,
  `dateUpdated` datetime NOT NULL,
  `uid` char(36) COLLATE utf8_unicode_ci NOT NULL DEFAULT '0',
  PRIMARY KEY (`id`)
) ENGINE=InnoDB AUTO_INCREMENT=2 DEFAULT CHARSET=utf8 COLLATE=utf8_unicode_ci;

--
-- Data for table `craft_info`
--

INSERT INTO `craft_info` (`id`, `version`, `schemaVersion`, `edition`, `siteName`, `siteUrl`, `timezone`, `on`, `maintenance`, `dateCreated`, `dateUpdated`, `uid`) VALUES
 ('1', '2.7.2', '2.6.14', '0', 'Motome Kiosk', 'http://dev.motome.pixelproject.com', 'UTC', '1', '0', '2018-10-03 15:50:50', '2018-10-03 15:50:50', '87c70c1d-5d0e-4bd2-b1ff-5cede4d66442');



DROP TABLE IF EXISTS `craft_locales`;


--
-- Schema for table `craft_locales`
--
CREATE TABLE `craft_locales` (
  `locale` char(12) COLLATE utf8_unicode_ci NOT NULL,
  `sortOrder` smallint(6) unsigned DEFAULT NULL,
  `dateCreated` datetime NOT NULL,
  `dateUpdated` datetime NOT NULL,
  `uid` char(36) COLLATE utf8_unicode_ci NOT NULL DEFAULT '0',
  PRIMARY KEY (`locale`),
  KEY `craft_locales_sortOrder_idx` (`sortOrder`)
) ENGINE=InnoDB DEFAULT CHARSET=utf8 COLLATE=utf8_unicode_ci;

--
-- Data for table `craft_locales`
--

INSERT INTO `craft_locales` (`locale`, `sortOrder`, `dateCreated`, `dateUpdated`, `uid`) VALUES
 ('en_au', '1', '2018-10-03 15:50:53', '2018-10-03 15:50:53', '49a5ee91-ca68-4765-a1cb-598d21a37ef8');



DROP TABLE IF EXISTS `craft_matrixblocks`;


--
-- Schema for table `craft_matrixblocks`
--
CREATE TABLE `craft_matrixblocks` (
  `id` int(11) NOT NULL,
  `ownerId` int(11) NOT NULL,
  `fieldId` int(11) NOT NULL,
  `typeId` int(11) DEFAULT NULL,
  `sortOrder` smallint(6) unsigned DEFAULT NULL,
  `ownerLocale` char(12) COLLATE utf8_unicode_ci DEFAULT NULL,
  `dateCreated` datetime NOT NULL,
  `dateUpdated` datetime NOT NULL,
  `uid` char(36) COLLATE utf8_unicode_ci NOT NULL DEFAULT '0',
  PRIMARY KEY (`id`),
  KEY `craft_matrixblocks_ownerId_idx` (`ownerId`),
  KEY `craft_matrixblocks_fieldId_idx` (`fieldId`),
  KEY `craft_matrixblocks_typeId_idx` (`typeId`),
  KEY `craft_matrixblocks_sortOrder_idx` (`sortOrder`),
  KEY `craft_matrixblocks_ownerLocale_fk` (`ownerLocale`)
) ENGINE=InnoDB DEFAULT CHARSET=utf8 COLLATE=utf8_unicode_ci;

--
-- Data for table `craft_matrixblocks`
--

INSERT INTO `craft_matrixblocks` (`id`, `ownerId`, `fieldId`, `typeId`, `sortOrder`, `ownerLocale`, `dateCreated`, `dateUpdated`, `uid`) VALUES
 ('10', '8', '17', '2', '1', NULL, '2018-10-04 08:16:19', '2018-10-04 08:26:42', '806cf3e0-c7c3-4717-9a55-2e6a00672ed1'),
 ('12', '8', '17', '2', '2', NULL, '2018-10-04 08:17:46', '2018-10-04 08:26:42', '1aa5c788-3508-4abf-9b4a-b2c42a298605'),
 ('13', '8', '22', '3', '1', NULL, '2018-10-04 08:24:54', '2018-10-04 08:26:42', 'fe0e1bf1-244a-4a73-a7d8-35cb70aa9501');



DROP TABLE IF EXISTS `craft_matrixblocktypes`;


--
-- Schema for table `craft_matrixblocktypes`
--
CREATE TABLE `craft_matrixblocktypes` (
  `id` int(11) NOT NULL AUTO_INCREMENT,
  `fieldId` int(11) NOT NULL,
  `fieldLayoutId` int(11) DEFAULT NULL,
  `name` varchar(255) COLLATE utf8_unicode_ci NOT NULL,
  `handle` varchar(255) COLLATE utf8_unicode_ci NOT NULL,
  `sortOrder` smallint(6) unsigned DEFAULT NULL,
  `dateCreated` datetime NOT NULL,
  `dateUpdated` datetime NOT NULL,
  `uid` char(36) COLLATE utf8_unicode_ci NOT NULL DEFAULT '0',
  PRIMARY KEY (`id`),
  UNIQUE KEY `craft_matrixblocktypes_name_fieldId_unq_idx` (`name`,`fieldId`),
  UNIQUE KEY `craft_matrixblocktypes_handle_fieldId_unq_idx` (`handle`,`fieldId`),
  KEY `craft_matrixblocktypes_fieldId_fk` (`fieldId`),
  KEY `craft_matrixblocktypes_fieldLayoutId_fk` (`fieldLayoutId`)
) ENGINE=InnoDB AUTO_INCREMENT=4 DEFAULT CHARSET=utf8 COLLATE=utf8_unicode_ci;

--
-- Data for table `craft_matrixblocktypes`
--

INSERT INTO `craft_matrixblocktypes` (`id`, `fieldId`, `fieldLayoutId`, `name`, `handle`, `sortOrder`, `dateCreated`, `dateUpdated`, `uid`) VALUES
 ('2', '17', '25', 'Hotspot', 'hotpspot', '1', '2018-10-04 08:12:51', '2018-10-04 08:23:01', '5707d2bb-91ca-4a53-bf2d-e5935eb99cde'),
 ('3', '22', '28', 'Hotspot', 'hotspot', '1', '2018-10-04 08:24:05', '2018-10-04 08:25:08', 'b60762ce-cefb-46b4-9781-c616ebd0224b');



DROP TABLE IF EXISTS `craft_matrixcontent_exteriorhotspot`;


--
-- Schema for table `craft_matrixcontent_exteriorhotspot`
--
CREATE TABLE `craft_matrixcontent_exteriorhotspot` (
  `id` int(11) NOT NULL AUTO_INCREMENT,
  `elementId` int(11) NOT NULL,
  `locale` char(12) COLLATE utf8_unicode_ci NOT NULL,
  `field_hotpspot_heading` text COLLATE utf8_unicode_ci,
  `field_hotpspot_body` text COLLATE utf8_unicode_ci,
  `field_hotpspot_point` varchar(255) COLLATE utf8_unicode_ci DEFAULT NULL,
  `dateCreated` datetime NOT NULL,
  `dateUpdated` datetime NOT NULL,
  `uid` char(36) COLLATE utf8_unicode_ci NOT NULL DEFAULT '0',
  PRIMARY KEY (`id`),
  UNIQUE KEY `craft_matrixcontent_exteriorhotspot_elementId_locale_unq_idx` (`elementId`,`locale`),
  KEY `craft_matrixcontent_exteriorhotspot_locale_fk` (`locale`)
) ENGINE=InnoDB AUTO_INCREMENT=3 DEFAULT CHARSET=utf8 COLLATE=utf8_unicode_ci;

--
-- Data for table `craft_matrixcontent_exteriorhotspot`
--

INSERT INTO `craft_matrixcontent_exteriorhotspot` (`id`, `elementId`, `locale`, `field_hotpspot_heading`, `field_hotpspot_body`, `field_hotpspot_point`, `dateCreated`, `dateUpdated`, `uid`) VALUES
 ('1', '10', 'en_au', 'Lane Departure warning ', 'A video sensor installed on the windscreen recognises the lane markings on the road surface and alerts the driver with audio and visual warnings, if the driver moves out of the lane involuntarily or fails to use turn signals.', '{\"leftPercentage\":\"69.2963\",\"topPercentage\":\"28.8240\"}', '2018-10-04 08:16:19', '2018-10-04 08:26:42', '00cf5394-beb7-4fa7-a1e0-896d0b044a1a'),
 ('2', '12', 'en_au', 'Forward Collison / Autonomous Emergency braking ', 'Forward Collison / Autonomous Emergency braking detects when a vehicle or pedestrian is in a close forward proximity, firstly activating acoustic and visual signals, before activating the braking system as necessary in an attempt to mitigate a potential collision. ', '{\"leftPercentage\":\"50.9214\",\"topPercentage\":\"73.1577\"}', '2018-10-04 08:17:46', '2018-10-04 08:26:42', 'a10dc2cd-7a8f-4819-8b29-96f70725223a');



DROP TABLE IF EXISTS `craft_matrixcontent_interiorhotspot`;


--
-- Schema for table `craft_matrixcontent_interiorhotspot`
--
CREATE TABLE `craft_matrixcontent_interiorhotspot` (
  `id` int(11) NOT NULL AUTO_INCREMENT,
  `elementId` int(11) NOT NULL,
  `locale` char(12) COLLATE utf8_unicode_ci NOT NULL,
  `field_hotspot_heading` text COLLATE utf8_unicode_ci,
  `field_hotspot_body` text COLLATE utf8_unicode_ci,
  `field_hotspot_point` varchar(255) COLLATE utf8_unicode_ci DEFAULT NULL,
  `dateCreated` datetime NOT NULL,
  `dateUpdated` datetime NOT NULL,
  `uid` char(36) COLLATE utf8_unicode_ci NOT NULL DEFAULT '0',
  PRIMARY KEY (`id`),
  UNIQUE KEY `craft_matrixcontent_interiorhotspot_elementId_locale_unq_idx` (`elementId`,`locale`),
  KEY `craft_matrixcontent_interiorhotspot_locale_fk` (`locale`)
) ENGINE=InnoDB AUTO_INCREMENT=2 DEFAULT CHARSET=utf8 COLLATE=utf8_unicode_ci;

--
-- Data for table `craft_matrixcontent_interiorhotspot`
--

INSERT INTO `craft_matrixcontent_interiorhotspot` (`id`, `elementId`, `locale`, `field_hotspot_heading`, `field_hotspot_body`, `field_hotspot_point`, `dateCreated`, `dateUpdated`, `uid`) VALUES
 ('1', '13', 'en_au', 'Alfa DNA ', 'Alfa’s DNA driving mode sector allows for three different driving modes to choose from, which completely transform the car\'s dynamic performance. Standard across the Alfa Romeo range, DNA is an acronym for “Dynamic,” “Natural,” and “Advanced Efficiency”. The Dynamic mode allows the driver more control behind the wheel, with the engine and brakes operating in a more reactive manner. The ‘Natural’ mode is perfect for daily driving and ‘Advanced Efficiency’ enables controlled engine response and fuel efficiency. ', '{\"leftPercentage\":\"48.3228\",\"topPercentage\":\"87.4752\"}', '2018-10-04 08:24:54', '2018-10-04 08:26:42', 'a884b9a2-d104-4c50-96c5-a3c919789490');



DROP TABLE IF EXISTS `craft_migrations`;


--
-- Schema for table `craft_migrations`
--
CREATE TABLE `craft_migrations` (
  `id` int(11) NOT NULL AUTO_INCREMENT,
  `pluginId` int(11) DEFAULT NULL,
  `version` varchar(255) COLLATE utf8_unicode_ci NOT NULL,
  `applyTime` datetime NOT NULL,
  `dateCreated` datetime NOT NULL,
  `dateUpdated` datetime NOT NULL,
  `uid` char(36) COLLATE utf8_unicode_ci NOT NULL DEFAULT '0',
  PRIMARY KEY (`id`),
  UNIQUE KEY `craft_migrations_version_unq_idx` (`version`),
  KEY `craft_migrations_pluginId_fk` (`pluginId`)
) ENGINE=InnoDB AUTO_INCREMENT=44 DEFAULT CHARSET=utf8 COLLATE=utf8_unicode_ci;

--
-- Data for table `craft_migrations`
--

INSERT INTO `craft_migrations` (`id`, `pluginId`, `version`, `applyTime`, `dateCreated`, `dateUpdated`, `uid`) VALUES
 ('1', NULL, 'm000000_000000_base', '2018-10-03 15:50:50', '2018-10-03 15:50:50', '2018-10-03 15:50:50', 'd782973d-61c1-408b-a07e-291844dfe047'),
 ('2', NULL, 'm140730_000001_add_filename_and_format_to_transformindex', '2018-10-03 15:50:50', '2018-10-03 15:50:50', '2018-10-03 15:50:50', 'f33ee4de-bcd3-4c44-9bb3-28156a1c29d4'),
 ('3', NULL, 'm140815_000001_add_format_to_transforms', '2018-10-03 15:50:50', '2018-10-03 15:50:50', '2018-10-03 15:50:50', '00dc17db-85e7-4f66-b484-2fcc53daa9a5'),
 ('4', NULL, 'm140822_000001_allow_more_than_128_items_per_field', '2018-10-03 15:50:50', '2018-10-03 15:50:51', '2018-10-03 15:50:51', 'e5a21814-a681-47ec-9492-b1d98f21d85d'),
 ('5', NULL, 'm140829_000001_single_title_formats', '2018-10-03 15:50:50', '2018-10-03 15:50:51', '2018-10-03 15:50:51', 'd4249dd1-7cff-4d09-9918-ae37153cf923'),
 ('6', NULL, 'm140831_000001_extended_cache_keys', '2018-10-03 15:50:50', '2018-10-03 15:50:51', '2018-10-03 15:50:51', 'f622cb12-3605-4b15-b700-6440ed6f2210'),
 ('7', NULL, 'm140922_000001_delete_orphaned_matrix_blocks', '2018-10-03 15:50:50', '2018-10-03 15:50:51', '2018-10-03 15:50:51', '6af60890-b4ea-4462-99b3-f889b61aa426'),
 ('8', NULL, 'm141008_000001_elements_index_tune', '2018-10-03 15:50:50', '2018-10-03 15:50:51', '2018-10-03 15:50:51', '3c7bca67-e6e3-4b9e-974a-06d3d7823fb9'),
 ('9', NULL, 'm141009_000001_assets_source_handle', '2018-10-03 15:50:50', '2018-10-03 15:50:51', '2018-10-03 15:50:51', '57c8eb94-aa79-4d93-b2d1-1d15620b288d'),
 ('10', NULL, 'm141024_000001_field_layout_tabs', '2018-10-03 15:50:50', '2018-10-03 15:50:51', '2018-10-03 15:50:51', '2f69558a-4a7a-4005-9024-85638633c798'),
 ('11', NULL, 'm141030_000000_plugin_schema_versions', '2018-10-03 15:50:50', '2018-10-03 15:50:51', '2018-10-03 15:50:51', '352d21ef-6784-4373-a6a6-e6e82b70604f'),
 ('12', NULL, 'm141030_000001_drop_structure_move_permission', '2018-10-03 15:50:50', '2018-10-03 15:50:51', '2018-10-03 15:50:51', '04470929-daf3-4752-ba0e-06a4f846c334'),
 ('13', NULL, 'm141103_000001_tag_titles', '2018-10-03 15:50:50', '2018-10-03 15:50:51', '2018-10-03 15:50:51', 'dfd45dc1-ea09-4657-b385-dd7af14c156e'),
 ('14', NULL, 'm141109_000001_user_status_shuffle', '2018-10-03 15:50:50', '2018-10-03 15:50:51', '2018-10-03 15:50:51', '04a30cc9-1363-4e27-b67c-e89274139232'),
 ('15', NULL, 'm141126_000001_user_week_start_day', '2018-10-03 15:50:50', '2018-10-03 15:50:51', '2018-10-03 15:50:51', '205e43ff-cd0d-4fc1-ab35-05126d925459'),
 ('16', NULL, 'm150210_000001_adjust_user_photo_size', '2018-10-03 15:50:50', '2018-10-03 15:50:51', '2018-10-03 15:50:51', 'fac13e3b-6781-4877-85dc-11a05bc27e1e'),
 ('17', NULL, 'm150724_000001_adjust_quality_settings', '2018-10-03 15:50:50', '2018-10-03 15:50:51', '2018-10-03 15:50:51', 'eff0f5ef-aa53-4c56-8762-69276360f7cf'),
 ('18', NULL, 'm150827_000000_element_index_settings', '2018-10-03 15:50:50', '2018-10-03 15:50:51', '2018-10-03 15:50:51', '47a39a14-90be-43c5-9365-cea81a4bcd0f'),
 ('19', NULL, 'm150918_000001_add_colspan_to_widgets', '2018-10-03 15:50:50', '2018-10-03 15:50:51', '2018-10-03 15:50:51', 'e40a61f5-378b-4b84-97b8-fb6b3f5a7f37'),
 ('20', NULL, 'm151007_000000_clear_asset_caches', '2018-10-03 15:50:50', '2018-10-03 15:50:51', '2018-10-03 15:50:51', '4ae2daa0-c52c-4182-959f-d373f8e9546f'),
 ('21', NULL, 'm151109_000000_text_url_formats', '2018-10-03 15:50:50', '2018-10-03 15:50:51', '2018-10-03 15:50:51', 'cdc96c01-240e-4621-8011-b9750e8be46b'),
 ('22', NULL, 'm151110_000000_move_logo', '2018-10-03 15:50:50', '2018-10-03 15:50:51', '2018-10-03 15:50:51', 'cd6aea6d-2ad0-4133-9231-3ca4e62bba8a'),
 ('23', NULL, 'm151117_000000_adjust_image_widthheight', '2018-10-03 15:50:50', '2018-10-03 15:50:51', '2018-10-03 15:50:51', '93d3f865-09e9-46e6-9d2f-d712596003bc'),
 ('24', NULL, 'm151127_000000_clear_license_key_status', '2018-10-03 15:50:50', '2018-10-03 15:50:51', '2018-10-03 15:50:51', '76842fb3-f1e4-4f1c-89ea-8c7e37cd07bf'),
 ('25', NULL, 'm151127_000000_plugin_license_keys', '2018-10-03 15:50:50', '2018-10-03 15:50:51', '2018-10-03 15:50:51', '94c5cb23-6ec8-44d4-b9fe-3e40564596d7'),
 ('26', NULL, 'm151130_000000_update_pt_widget_feeds', '2018-10-03 15:50:50', '2018-10-03 15:50:52', '2018-10-03 15:50:52', 'c471b897-1381-42e2-91bf-a6e320fb7af3'),
 ('27', NULL, 'm160114_000000_asset_sources_public_url_default_true', '2018-10-03 15:50:50', '2018-10-03 15:50:52', '2018-10-03 15:50:52', 'ddb36e35-fa30-4439-a0fa-10a30840df08'),
 ('28', NULL, 'm160223_000000_sortorder_to_smallint', '2018-10-03 15:50:50', '2018-10-03 15:50:52', '2018-10-03 15:50:52', '3bdcbcff-6a13-4041-93b2-8b581be93ade'),
 ('29', NULL, 'm160229_000000_set_default_entry_statuses', '2018-10-03 15:50:50', '2018-10-03 15:50:52', '2018-10-03 15:50:52', 'd544d58f-4f39-4af0-8f7f-fdb495ebf9ec'),
 ('30', NULL, 'm160304_000000_client_permissions', '2018-10-03 15:50:50', '2018-10-03 15:50:52', '2018-10-03 15:50:52', '68f4abe4-705d-451a-a838-aa59eff13f2b'),
 ('31', NULL, 'm160322_000000_asset_filesize', '2018-10-03 15:50:50', '2018-10-03 15:50:52', '2018-10-03 15:50:52', 'f61c8174-511b-449c-856e-e4a5c9b8d317'),
 ('32', NULL, 'm160503_000000_orphaned_fieldlayouts', '2018-10-03 15:50:50', '2018-10-03 15:50:52', '2018-10-03 15:50:52', '785743d3-754a-4497-a0f2-9dbb64528c7a'),
 ('33', NULL, 'm160510_000000_tasksettings', '2018-10-03 15:50:50', '2018-10-03 15:50:52', '2018-10-03 15:50:52', 'c544eaab-c2b6-41aa-8dbf-e7d8e6f8cd72'),
 ('34', NULL, 'm160829_000000_pending_user_content_cleanup', '2018-10-03 15:50:50', '2018-10-03 15:50:52', '2018-10-03 15:50:52', '8e696063-a2e2-422e-9827-f2e6b64cc871'),
 ('35', NULL, 'm160830_000000_asset_index_uri_increase', '2018-10-03 15:50:50', '2018-10-03 15:50:52', '2018-10-03 15:50:52', 'd4a906c1-b7e4-4884-878c-40c4aad7d7d3'),
 ('36', NULL, 'm160919_000000_usergroup_handle_title_unique', '2018-10-03 15:50:50', '2018-10-03 15:50:52', '2018-10-03 15:50:52', '970b5eb8-5e8d-40dd-8ead-93e9e1af1fc7'),
 ('37', NULL, 'm161108_000000_new_version_format', '2018-10-03 15:50:50', '2018-10-03 15:50:52', '2018-10-03 15:50:52', '1942fcc3-6125-45b4-b6cd-b7dac6a43686'),
 ('38', NULL, 'm161109_000000_index_shuffle', '2018-10-03 15:50:50', '2018-10-03 15:50:52', '2018-10-03 15:50:52', '29304fe6-d724-491e-a2ee-7c951dc75137'),
 ('39', NULL, 'm170612_000000_route_index_shuffle', '2018-10-03 15:50:50', '2018-10-03 15:50:52', '2018-10-03 15:50:52', '42342600-d258-4fa3-88bc-9683205fe05f'),
 ('40', NULL, 'm171107_000000_assign_group_permissions', '2018-10-03 15:50:50', '2018-10-03 15:50:52', '2018-10-03 15:50:52', '9aa204f7-8092-46e2-9eea-d773b61f961f'),
 ('41', NULL, 'm171117_000001_templatecache_index_tune', '2018-10-03 15:50:50', '2018-10-03 15:50:52', '2018-10-03 15:50:52', 'b7fba781-52e3-49f5-bbaa-80463f42936a'),
 ('42', NULL, 'm171204_000001_templatecache_index_tune_deux', '2018-10-03 15:50:50', '2018-10-03 15:50:52', '2018-10-03 15:50:52', '764ffd9e-1e6e-4fc4-ae8f-9c49bc73665b'),
 ('43', NULL, 'm180406_000000_pro_upgrade', '2018-10-03 15:50:50', '2018-10-03 15:50:52', '2018-10-03 15:50:52', '4efc40a4-6835-49fa-bf4f-be32f05293cd');



DROP TABLE IF EXISTS `craft_plugins`;


--
-- Schema for table `craft_plugins`
--
CREATE TABLE `craft_plugins` (
  `id` int(11) NOT NULL AUTO_INCREMENT,
  `class` varchar(150) COLLATE utf8_unicode_ci NOT NULL,
  `version` varchar(15) COLLATE utf8_unicode_ci NOT NULL,
  `schemaVersion` varchar(15) COLLATE utf8_unicode_ci DEFAULT NULL,
  `licenseKey` char(24) COLLATE utf8_unicode_ci DEFAULT NULL,
  `licenseKeyStatus` enum('valid','invalid','mismatched','unknown') COLLATE utf8_unicode_ci NOT NULL DEFAULT 'unknown',
  `enabled` tinyint(1) unsigned NOT NULL DEFAULT '0',
  `settings` text COLLATE utf8_unicode_ci,
  `installDate` datetime NOT NULL,
  `dateCreated` datetime NOT NULL,
  `dateUpdated` datetime NOT NULL,
  `uid` char(36) COLLATE utf8_unicode_ci NOT NULL DEFAULT '0',
  PRIMARY KEY (`id`)
) ENGINE=InnoDB AUTO_INCREMENT=2 DEFAULT CHARSET=utf8 COLLATE=utf8_unicode_ci;

--
-- Data for table `craft_plugins`
--

INSERT INTO `craft_plugins` (`id`, `class`, `version`, `schemaVersion`, `licenseKey`, `licenseKeyStatus`, `enabled`, `settings`, `installDate`, `dateCreated`, `dateUpdated`, `uid`) VALUES
 ('1', 'Donkeytail', '1.0.5', NULL, NULL, 'unknown', '1', NULL, '2018-10-04 07:21:47', '2018-10-04 07:21:47', '2018-10-04 07:21:47', '667b88f2-2507-428f-98eb-bf359eb242d7');



DROP TABLE IF EXISTS `craft_rackspaceaccess`;


--
-- Schema for table `craft_rackspaceaccess`
--
CREATE TABLE `craft_rackspaceaccess` (
  `id` int(11) NOT NULL AUTO_INCREMENT,
  `connectionKey` varchar(255) COLLATE utf8_unicode_ci NOT NULL,
  `token` varchar(255) COLLATE utf8_unicode_ci NOT NULL,
  `storageUrl` varchar(255) COLLATE utf8_unicode_ci NOT NULL,
  `cdnUrl` varchar(255) COLLATE utf8_unicode_ci NOT NULL,
  `dateCreated` datetime NOT NULL,
  `dateUpdated` datetime NOT NULL,
  `uid` char(36) COLLATE utf8_unicode_ci NOT NULL DEFAULT '0',
  PRIMARY KEY (`id`),
  UNIQUE KEY `craft_rackspaceaccess_connectionKey_unq_idx` (`connectionKey`)
) ENGINE=InnoDB DEFAULT CHARSET=utf8 COLLATE=utf8_unicode_ci;

DROP TABLE IF EXISTS `craft_relations`;


--
-- Schema for table `craft_relations`
--
CREATE TABLE `craft_relations` (
  `id` int(11) NOT NULL AUTO_INCREMENT,
  `fieldId` int(11) NOT NULL,
  `sourceId` int(11) NOT NULL,
  `sourceLocale` char(12) COLLATE utf8_unicode_ci DEFAULT NULL,
  `targetId` int(11) NOT NULL,
  `sortOrder` smallint(6) DEFAULT NULL,
  `dateCreated` datetime NOT NULL,
  `dateUpdated` datetime NOT NULL,
  `uid` char(36) COLLATE utf8_unicode_ci NOT NULL DEFAULT '0',
  PRIMARY KEY (`id`),
  UNIQUE KEY `craft_relations_fieldId_sourceId_sourceLocale_targetId_unq_idx` (`fieldId`,`sourceId`,`sourceLocale`,`targetId`),
  KEY `craft_relations_sourceId_fk` (`sourceId`),
  KEY `craft_relations_sourceLocale_fk` (`sourceLocale`),
  KEY `craft_relations_targetId_fk` (`targetId`)
) ENGINE=InnoDB AUTO_INCREMENT=12 DEFAULT CHARSET=utf8 COLLATE=utf8_unicode_ci;

--
-- Data for table `craft_relations`
--

INSERT INTO `craft_relations` (`id`, `fieldId`, `sourceId`, `sourceLocale`, `targetId`, `sortOrder`, `dateCreated`, `dateUpdated`, `uid`) VALUES
 ('9', '20', '10', NULL, '9', '1', '2018-10-04 08:26:42', '2018-10-04 08:26:42', '4a2b20f4-a66c-45fd-9b87-8ac84e9b37a0'),
 ('10', '20', '12', NULL, '11', '1', '2018-10-04 08:26:42', '2018-10-04 08:26:42', 'a7d0c620-3459-43e7-9bd7-db2d33f7fcca'),
 ('11', '25', '13', NULL, '14', '1', '2018-10-04 08:26:42', '2018-10-04 08:26:42', 'c849e01d-2d1e-4343-af61-2555ae5f903d');



DROP TABLE IF EXISTS `craft_routes`;


--
-- Schema for table `craft_routes`
--
CREATE TABLE `craft_routes` (
  `id` int(11) NOT NULL AUTO_INCREMENT,
  `locale` char(12) COLLATE utf8_unicode_ci DEFAULT NULL,
  `urlParts` varchar(255) COLLATE utf8_unicode_ci NOT NULL,
  `urlPattern` varchar(255) COLLATE utf8_unicode_ci NOT NULL,
  `template` varchar(255) COLLATE utf8_unicode_ci NOT NULL,
  `sortOrder` smallint(6) unsigned DEFAULT NULL,
  `dateCreated` datetime NOT NULL,
  `dateUpdated` datetime NOT NULL,
  `uid` char(36) COLLATE utf8_unicode_ci NOT NULL DEFAULT '0',
  PRIMARY KEY (`id`),
  KEY `craft_routes_locale_idx` (`locale`),
  KEY `craft_routes_urlPattern_idx` (`urlPattern`)
) ENGINE=InnoDB DEFAULT CHARSET=utf8 COLLATE=utf8_unicode_ci;

DROP TABLE IF EXISTS `craft_searchindex`;


--
-- Schema for table `craft_searchindex`
--
CREATE TABLE `craft_searchindex` (
  `elementId` int(11) NOT NULL,
  `attribute` varchar(25) COLLATE utf8_unicode_ci NOT NULL,
  `fieldId` int(11) NOT NULL,
  `locale` char(12) COLLATE utf8_unicode_ci NOT NULL,
  `keywords` text COLLATE utf8_unicode_ci NOT NULL,
  PRIMARY KEY (`elementId`,`attribute`,`fieldId`,`locale`),
  FULLTEXT KEY `craft_searchindex_keywords_idx` (`keywords`)
) ENGINE=MyISAM DEFAULT CHARSET=utf8 COLLATE=utf8_unicode_ci;

--
-- Data for table `craft_searchindex`
--

INSERT INTO `craft_searchindex` (`elementId`, `attribute`, `fieldId`, `locale`, `keywords`) VALUES
 ('1', 'username', '0', 'en_au', ' admin '),
 ('1', 'firstname', '0', 'en_au', ''),
 ('1', 'lastname', '0', 'en_au', ''),
 ('1', 'fullname', '0', 'en_au', ''),
 ('1', 'email', '0', 'en_au', ' wts motome pixelproject com '),
 ('1', 'slug', '0', 'en_au', ''),
 ('15', 'title', '0', 'en_au', ' about motome '),
 ('15', 'field', '1', 'en_au', ' about motome content goes here '),
 ('5', 'field', '27', 'en_au', ' motome privacy policy last updated 25 september 2018 the motome privacy policy privacy policy sets out why we need to collect personal information how we collect it what we do with it how it s stored andwho we might share it with and why the privacy policy also describes how you can access or correct information we hold about you how you can ask further questions or make a complaint andinformation about our websites and online activities personal information personal information is defined within the privacy act 1988 as any information or an opinion whether true or not and whether recorded in a material form or not about an identified individual or an individual who is reasonably identifiable the privacy act 1988 motome is bound by the privacy act 1988 the information we collect and whyin providing you with the motome applications and services motome we will occasionally receive store and process personal information about you that you make available to us the personal information we may collect from you includes but is not limited to your name your email address your phone number your postcode your device s ip address other information that is not necessarily personal information we may collect about you during your use of motome includes but is not limited to your car preferences your car buying budget your car buying timeframe information about your car trade in and whether or not you are seeking finance specific times you will provide personal information to us include but are not limited to when you view drive away pricing which is based on your location when you create an account with motome when you request motome assistance in purchasing a car also referred to as getting a quote when you request a test drive of a car when you communicate with motome in person phone calls emails and via social media when you link your account on a third party site e g facebook to your motome account in which case we will obtain the personal information that you have provided to the third party site to the extent allowed by your settings with the third party site and authorised by you without such information we may not be able to provide you with an appropriate level of service how we store and secure your informationwe keep personal information in physical and electronic records at our premises and the premises of our service providers which includes storage on the cloud where this occurs we take steps to protect personal information against misuse or loss we also keep records of our interactions with you including by telephone email and online and your enquiries or complaints keeping your information securewe use security procedures and technology to protect the information we hold access to and use of personal information within motome seeks to prevent misuse or unlawful disclosure of the information this includes internal policies auditing training and monitoring of staff if other organisations provide support services we require them to appropriately safeguard the privacy of the information provided to them where the personal information we collect is no longer required we delete the information or permanently de identify it in accordance with relevant laws and our records management policy how we use your informationwe use personal information about you for the purpose for which it was provided to us including to provide you with drive away pricing on the cars you browse to create a motome account for you and store your information and preferences to personalise your experience with motome based on your information and preferences to assist you with purchasing a car also referred to as getting a quote to assist you in arranging a test drive of a car to communicate with you and deal with or investigate any complaints or enquiries we may also use information you provide de identified wherever possible to administer manage improve and optimise motome including monitoring auditing and evaluating motome model and test data in a controlled environment develop scores risk assessments and related analytical tools conduct market research new product development and fraud mitigation undertake related purposes which would reasonably be expected without your express permission for example we may from time to time use your personal information to inform you of products and services which we expect may be of interest to you however if you do not want to receive such communications you can tell us at the time of collection of your personal information by following the instructions to unsubscribe or opt out which will be included in any such communications sent to you which may include accessing a web link or replying to a message by writing to us at privacy motome com au requesting that you be unsubscribed from such communications while we may sometimes where it is lawful and with your permission if necessary share personal information with companies we do business with e g in product development joint venture arrangements or distribution arrangements we do not sell personal information for marketing purposes to other organisations or allow such companies to do this when your information is disclosedwe may share personal information within motome and where necessary to provide the requested service to you may disclose your personal information outside motome in the following situations requesting a test drivewhen you request a test drive via motome we must necessarily disclose the information you provide to the car dealer who will fulfil your test drive request any information expressly provided by you when you request a test drive may be passed on to the car dealer including your preference as to whether or not you would like to receive promotional communications from the car dealer by default you will be opted out of receiving such communications requesting assistance buying a carwhen you request assistance purchasing a car also referred to as getting a quote via motome we must necessarily disclose the information you provide to the car dealer who you select to purchase the car from any information expressly provided by you when you request assistance purchasing a car may be passed on to this car dealer including your preference as to whether or not you would like to receive promotional communications from the car dealer by default you will be opted out of receiving such communications other we may also share personal information within motome and may disclose personal information outside motome as required by law or regulations when you interact with macquarie finance toolsproducts and services relating to finance on motome are provided by macquarie leasing pty ltd abn 38 002 674 982 australian credit licence 394925 a subsidiary of macquarie group limited acn 122 169 279 macquarie group and its related bodies corporate should you interact with macquarie group products and services you may in the course of using those products and services be required to provide personal information to macquarie group in such instances your personal information will be handled in accordance with the macquarie group privacy policy terms of use important information and regulatory disclosures collectively the policies and procedures of macquarie group if you do not agree to any part of the policies and procedures of macquarie group then we cannot provide the macquarie group products and services to you and you should stop accessing macquarie group products and services keeping information accurate and up to datewe take reasonable steps to ensure that all information we hold is as accurate and up to date you are able to contact us at any time and ask for its correction if you feel the information we have about you is inaccurate or incomplete you can do so by writing to privacy motome com au keeping your information secure and its deletion when no longer requiredwe use security procedures and technology to protect the information we hold access to and use of personal information within motome seeks to prevent misuse or unlawful disclosure of the information this includes internal policies auditing training and monitoring of staff if other organisations provide support services we require them to appropriately safeguard the privacy of the information provided to them where the personal information we collect is no longer required we delete the information or permanently de identify it in accordance with relevant laws and our records management policy when you create an account with motomewhen you create a motome account any information you provide will be retained indefinitely so long as your account remains active active in this case means you have not explicitly advised us you wish to delete the account when you delete your motome account your account data including any personal information will be immediately and permanently deleted non personal information may be retained in a de identified state we may otherwise retain related information which may include personal information in such a state and for a period of time as required by law or regulations for example we are required by law to keep records of your transactions with us for a period of at least 7 years how you can access or correct your informationyou can contact us to request access to or correction of your personal information in normal circumstances we will give you full access or make the requested corrections to your information however there may be some legal or administrative reasons to deny these requests if your request is denied we will provide you with the reason why if we can where we decide not to make a requested correction to your personal information and you disagree you may ask us to make a note of your requested correction with the information to request access or a correction to your personal information please write to us at privacy motome com au dealing with motome onlinewhen you visit motome websites you will browse anonymously unless you have logged into your motome account or accessed the website from a personalised communication from motome for all visitors to our web site we use cookies and or browser local storage to collect anonymous information such as the server your computer is logged on to your browser type for example internet explorer chrome or firefox and your ip address an ip address is a number that is assigned to your computer automatically and required for using the internet we may also derive the location associated with an ip address once you have logged into your motome account accessed our website from an e mail or other personalised communication sent to you or provided us with personal information by completing a form online we may be able to identify you and we may combine that with other information in order to provide you with a better online experience if you would prefer not to be identified you can delete the cookies and or local storage data and reconfigure the tracking preferences on your internet browser see the cookies and local storage section below while you may disable tracking through your browser settings we do not change our practices in response to a do not track signal in the http header from your browser or mobile application we track your activities if you click on advertisements for motome services on third party platforms such as search engines and social networks and may use analytics to track what you do in response to those advertisements cookies and local storagea cookie is a packet of information placed on a user s computer by a website for record keeping purposes local storage is a standard facility provided by html5 compliant browsers used to retain data on your computer across visits to the same website while cookies and local storage are not considered personal information they are generally used on motome sites to access online services if you log into secure areas on our website we will use cookies and or local storage to authorise your access and save your preferences manage advertising when you see one of our ads on a third party website cookies are sometimes used to collect anonymous information about the page you visit and the type of software you are using monitor traffic we use anonymous information to track how people are using the motome site this may include time of visit pages visited and some system information about the type of computer you are using monitor your use of our website if we have identified you as a result of you logging into a motome client portal accessing our website from a personalised communication or providing us with personal information by completing a form online we may use cookies and or local storage to collect personal information about you you can configure how your browser stores cookies and local storage data which may include the ability to accept reject or notify you about attempts to store this data each browser is different so check the help menu of your browser to learn how to change your cookie and site data preferences if you disable the use of cookies and or local storage on your web browser or remove or reject specific cookies and or local storage from motome or linked sites then you may not be able to gain access to all of the content and features on those websites changes to this policywe may make changes to this privacy policy at any time if we make material changes to the privacy policy we will advise you either by posting the changed privacy policy on motome or by sending you an email if you do not wish to agree to the new privacy policy then we cannot continue to provide motome to you and you should stop accessing motome and if you have a motome account you should delete it contact usif you have any questions or complaints regarding privacy or information handling please write to privacy motome com au we will respond to let you know when you can expect a further response if your concerns are not resolved to your satisfaction you may be able to escalate your complaint to an external dispute resolution scheme or to a regulatory authority we can provide details of the appropriate scheme regulator for you as these may vary by jurisdiction or product other important informationthese are general and privacy terms that apply to motome the trading name and business operated by macquarie leasing pty limited abn 38 002 674 982 australian credit licence 394925 a subsidiary of macquarie group limited acn 122 169 279 macquarie group and its related bodies corporate motome is not a motor vehicle dealer motome is a car finance and buying service provider it has business arrangements with a network of motor vehicle dealers across australia to whom it may refer customer or from whom it may obtain quotes for customers and will receive a fee for referrals or completed transactions under those arrangements motome operates a platform that helps car buyers to find the car that is right for their personal circumstances and then test drive that car at a car dealer or purchase that car for a competitive price whether through our website or mobile applications platform or services as motome is a business operated by a macquarie group company you should also read and understand the terms of use important information and privacy policy and regulatory disclosures of macquarie group collectively the policies and procedures of macquarie group as these will also apply when you use any macquarie branded features or services on motome '),
 ('15', 'slug', '0', 'en_au', ' info '),
 ('6', 'filename', '0', 'en_au', ' exterior_ref jpg '),
 ('6', 'extension', '0', 'en_au', ' jpg '),
 ('6', 'kind', '0', 'en_au', ' image '),
 ('6', 'slug', '0', 'en_au', ' exterior ref '),
 ('6', 'title', '0', 'en_au', ' exterior ref '),
 ('7', 'filename', '0', 'en_au', ' interior_ref jpg '),
 ('7', 'extension', '0', 'en_au', ' jpg '),
 ('7', 'kind', '0', 'en_au', ' image '),
 ('5', 'title', '0', 'en_au', ' privacy '),
 ('5', 'slug', '0', 'en_au', ' privacy '),
 ('4', 'slug', '0', 'en_au', ' screensaver '),
 ('4', 'title', '0', 'en_au', ' screensaver '),
 ('7', 'slug', '0', 'en_au', ' interior ref '),
 ('7', 'title', '0', 'en_au', ' interior ref '),
 ('8', 'field', '14', 'en_au', ' 2018 heralded another new chapter for alfa romeo with the launch of our first ever suv alfa romeo stelvio contradicted traditional suv values beautiful and functional the attention to detail in every design feature are designed to appeal to both your head and your heart '),
 ('8', 'field', '12', 'en_au', ' 73 8417 64 9171 top 64 9171% left 73 8417% '),
 ('8', 'field', '13', 'en_au', ' 37 2145 36 7004 top 36 7004% left 37 2145% '),
 ('8', 'field', '8', 'en_au', ''),
 ('8', 'slug', '0', 'en_au', ' alfa romeo stelvio '),
 ('8', 'title', '0', 'en_au', ' alfa romeo stelvio '),
 ('8', 'field', '15', 'en_au', ' intro into stelvio '),
 ('9', 'filename', '0', 'en_au', ' alpha_stevio_test jpg '),
 ('9', 'extension', '0', 'en_au', ' jpg '),
 ('9', 'kind', '0', 'en_au', ' image '),
 ('9', 'slug', '0', 'en_au', ' alpha stevio test '),
 ('9', 'title', '0', 'en_au', ' alpha stevio test '),
 ('8', 'field', '17', 'en_au', ' a video sensor installed on the windscreen recognises the lane markings on the road surface and alerts the driver with audio and visual warnings if the driver moves out of the lane involuntarily or fails to use turn signals lane departure warning alpha stevio test 69 2963 28 8240 top 28 8240% left 69 2963% forward collison autonomous emergency braking detects when a vehicle or pedestrian is in a close forward proximity firstly activating acoustic and visual signals before activating the braking system as necessary in an attempt to mitigate a potential collision forward collison autonomous emergency braking alpha stevio test2 50 9214 73 1577 top 73 1577% left 50 9214% '),
 ('10', 'field', '18', 'en_au', ' lane departure warning '),
 ('10', 'field', '19', 'en_au', ' a video sensor installed on the windscreen recognises the lane markings on the road surface and alerts the driver with audio and visual warnings if the driver moves out of the lane involuntarily or fails to use turn signals '),
 ('10', 'field', '20', 'en_au', ' alpha stevio test '),
 ('10', 'field', '21', 'en_au', ' 69 2963 28 8240 top 28 8240% left 69 2963% '),
 ('10', 'slug', '0', 'en_au', ''),
 ('11', 'filename', '0', 'en_au', ' alpha_stevio_test2 jpg '),
 ('11', 'extension', '0', 'en_au', ' jpg '),
 ('11', 'kind', '0', 'en_au', ' image '),
 ('11', 'slug', '0', 'en_au', ' alpha stevio test2 '),
 ('11', 'title', '0', 'en_au', ' alpha stevio test2 '),
 ('12', 'field', '18', 'en_au', ' forward collison autonomous emergency braking '),
 ('12', 'field', '19', 'en_au', ' forward collison autonomous emergency braking detects when a vehicle or pedestrian is in a close forward proximity firstly activating acoustic and visual signals before activating the braking system as necessary in an attempt to mitigate a potential collision '),
 ('12', 'field', '20', 'en_au', ' alpha stevio test2 '),
 ('12', 'field', '21', 'en_au', ' 50 9214 73 1577 top 73 1577% left 50 9214% '),
 ('12', 'slug', '0', 'en_au', ''),
 ('8', 'field', '22', 'en_au', ' alfa s dna driving mode sector allows for three different driving modes to choose from which completely transform the car s dynamic performance standard across the alfa romeo range dna is an acronym for dynamic natural and advanced efficiency the dynamic mode allows the driver more control behind the wheel with the engine and brakes operating in a more reactive manner the natural mode is perfect for daily driving and advanced efficiency enables controlled engine response and fuel efficiency alfa dna alpha stevio test3 48 3228 87 4752 top 87 4752% left 48 3228% '),
 ('13', 'field', '23', 'en_au', ' alfa dna '),
 ('13', 'field', '24', 'en_au', ' alfa s dna driving mode sector allows for three different driving modes to choose from which completely transform the car s dynamic performance standard across the alfa romeo range dna is an acronym for dynamic natural and advanced efficiency the dynamic mode allows the driver more control behind the wheel with the engine and brakes operating in a more reactive manner the natural mode is perfect for daily driving and advanced efficiency enables controlled engine response and fuel efficiency '),
 ('13', 'field', '25', 'en_au', ' alpha stevio test3 '),
 ('13', 'field', '26', 'en_au', ' 48 3228 87 4752 top 87 4752% left 48 3228% '),
 ('13', 'slug', '0', 'en_au', ''),
 ('14', 'filename', '0', 'en_au', ' alpha_stevio_test3 jpg '),
 ('14', 'extension', '0', 'en_au', ' jpg '),
 ('14', 'kind', '0', 'en_au', ' image '),
 ('14', 'slug', '0', 'en_au', ' alpha stevio test3 '),
 ('14', 'title', '0', 'en_au', ' alpha stevio test3 ');



DROP TABLE IF EXISTS `craft_sections`;


--
-- Schema for table `craft_sections`
--
CREATE TABLE `craft_sections` (
  `id` int(11) NOT NULL AUTO_INCREMENT,
  `structureId` int(11) DEFAULT NULL,
  `name` varchar(255) COLLATE utf8_unicode_ci NOT NULL,
  `handle` varchar(255) COLLATE utf8_unicode_ci NOT NULL,
  `type` enum('single','channel','structure') COLLATE utf8_unicode_ci NOT NULL DEFAULT 'channel',
  `hasUrls` tinyint(1) unsigned NOT NULL DEFAULT '1',
  `template` varchar(500) COLLATE utf8_unicode_ci DEFAULT NULL,
  `enableVersioning` tinyint(1) unsigned NOT NULL DEFAULT '0',
  `dateCreated` datetime NOT NULL,
  `dateUpdated` datetime NOT NULL,
  `uid` char(36) COLLATE utf8_unicode_ci NOT NULL DEFAULT '0',
  PRIMARY KEY (`id`),
  UNIQUE KEY `craft_sections_name_unq_idx` (`name`),
  UNIQUE KEY `craft_sections_handle_unq_idx` (`handle`),
  KEY `craft_sections_structureId_fk` (`structureId`)
) ENGINE=InnoDB AUTO_INCREMENT=7 DEFAULT CHARSET=utf8 COLLATE=utf8_unicode_ci;

--
-- Data for table `craft_sections`
--

INSERT INTO `craft_sections` (`id`, `structureId`, `name`, `handle`, `type`, `hasUrls`, `template`, `enableVersioning`, `dateCreated`, `dateUpdated`, `uid`) VALUES
 ('3', NULL, 'Cars', 'cars', 'channel', '1', 'cars/_entry', '1', '2018-10-04 07:03:49', '2018-10-04 07:45:21', '6b1203cf-0921-4a26-aee5-d5f1f30be540'),
 ('4', NULL, 'Screensaver', 'screensaver', 'single', '1', 'screensaver', '1', '2018-10-04 07:04:21', '2018-10-04 07:04:21', '249c54b0-8dad-4fa3-9415-b3724b8bdc74'),
 ('5', NULL, 'Privacy', 'privacy', 'single', '1', 'privacy', '1', '2018-10-04 07:04:45', '2018-10-04 07:04:45', '32cdc5a7-8472-4cd6-82ca-297be22bcb60'),
 ('6', NULL, 'About', 'about', 'single', '1', 'about', '1', '2018-10-04 08:30:04', '2018-10-04 08:33:54', 'a2edd9e3-70b8-462b-84c7-c3467fbc3f9f');



DROP TABLE IF EXISTS `craft_sections_i18n`;


--
-- Schema for table `craft_sections_i18n`
--
CREATE TABLE `craft_sections_i18n` (
  `id` int(11) NOT NULL AUTO_INCREMENT,
  `sectionId` int(11) NOT NULL,
  `locale` char(12) COLLATE utf8_unicode_ci NOT NULL,
  `enabledByDefault` tinyint(1) unsigned NOT NULL DEFAULT '1',
  `urlFormat` text COLLATE utf8_unicode_ci,
  `nestedUrlFormat` text COLLATE utf8_unicode_ci,
  `dateCreated` datetime NOT NULL,
  `dateUpdated` datetime NOT NULL,
  `uid` char(36) COLLATE utf8_unicode_ci NOT NULL DEFAULT '0',
  PRIMARY KEY (`id`),
  UNIQUE KEY `craft_sections_i18n_sectionId_locale_unq_idx` (`sectionId`,`locale`),
  KEY `craft_sections_i18n_locale_fk` (`locale`)
) ENGINE=InnoDB AUTO_INCREMENT=7 DEFAULT CHARSET=utf8 COLLATE=utf8_unicode_ci;

--
-- Data for table `craft_sections_i18n`
--

INSERT INTO `craft_sections_i18n` (`id`, `sectionId`, `locale`, `enabledByDefault`, `urlFormat`, `nestedUrlFormat`, `dateCreated`, `dateUpdated`, `uid`) VALUES
 ('3', '3', 'en_au', '0', 'cars/{slug}', NULL, '2018-10-04 07:03:49', '2018-10-04 07:45:21', '3feefc6a-be56-428d-8815-764c3afa39a2'),
 ('4', '4', 'en_au', '1', 'screensaver', NULL, '2018-10-04 07:04:21', '2018-10-04 07:04:21', '48cfc6fe-4fd7-47f9-aabc-e8f33c329652'),
 ('5', '5', 'en_au', '0', 'privacy', NULL, '2018-10-04 07:04:45', '2018-10-04 07:04:45', 'a5a96a56-401a-4efd-b2f2-e6784ce3809b'),
 ('6', '6', 'en_au', '1', 'about', NULL, '2018-10-04 08:30:04', '2018-10-04 08:33:54', '4c734d0e-6dec-49a2-af3e-74ed86ec6068');



DROP TABLE IF EXISTS `craft_sessions`;


--
-- Schema for table `craft_sessions`
--
CREATE TABLE `craft_sessions` (
  `id` int(11) NOT NULL AUTO_INCREMENT,
  `userId` int(11) NOT NULL,
  `token` char(100) COLLATE utf8_unicode_ci NOT NULL,
  `dateCreated` datetime NOT NULL,
  `dateUpdated` datetime NOT NULL,
  `uid` char(36) COLLATE utf8_unicode_ci NOT NULL DEFAULT '0',
  PRIMARY KEY (`id`),
  KEY `craft_sessions_uid_idx` (`uid`),
  KEY `craft_sessions_token_idx` (`token`),
  KEY `craft_sessions_dateUpdated_idx` (`dateUpdated`),
  KEY `craft_sessions_userId_fk` (`userId`)
) ENGINE=InnoDB AUTO_INCREMENT=6 DEFAULT CHARSET=utf8 COLLATE=utf8_unicode_ci;

DROP TABLE IF EXISTS `craft_shunnedmessages`;


--
-- Schema for table `craft_shunnedmessages`
--
CREATE TABLE `craft_shunnedmessages` (
  `id` int(11) NOT NULL AUTO_INCREMENT,
  `userId` int(11) NOT NULL,
  `message` varchar(255) COLLATE utf8_unicode_ci NOT NULL,
  `expiryDate` datetime DEFAULT NULL,
  `dateCreated` datetime NOT NULL,
  `dateUpdated` datetime NOT NULL,
  `uid` char(36) COLLATE utf8_unicode_ci NOT NULL DEFAULT '0',
  PRIMARY KEY (`id`),
  UNIQUE KEY `craft_shunnedmessages_userId_message_unq_idx` (`userId`,`message`)
) ENGINE=InnoDB DEFAULT CHARSET=utf8 COLLATE=utf8_unicode_ci;

DROP TABLE IF EXISTS `craft_structureelements`;


--
-- Schema for table `craft_structureelements`
--
CREATE TABLE `craft_structureelements` (
  `id` int(11) NOT NULL AUTO_INCREMENT,
  `structureId` int(11) NOT NULL,
  `elementId` int(11) DEFAULT NULL,
  `root` int(11) unsigned DEFAULT NULL,
  `lft` int(11) unsigned NOT NULL,
  `rgt` int(11) unsigned NOT NULL,
  `level` smallint(6) unsigned NOT NULL,
  `dateCreated` datetime NOT NULL,
  `dateUpdated` datetime NOT NULL,
  `uid` char(36) COLLATE utf8_unicode_ci NOT NULL DEFAULT '0',
  PRIMARY KEY (`id`),
  UNIQUE KEY `craft_structureelements_structureId_elementId_unq_idx` (`structureId`,`elementId`),
  KEY `craft_structureelements_root_idx` (`root`),
  KEY `craft_structureelements_lft_idx` (`lft`),
  KEY `craft_structureelements_rgt_idx` (`rgt`),
  KEY `craft_structureelements_level_idx` (`level`),
  KEY `craft_structureelements_elementId_fk` (`elementId`)
) ENGINE=InnoDB DEFAULT CHARSET=utf8 COLLATE=utf8_unicode_ci;

DROP TABLE IF EXISTS `craft_structures`;


--
-- Schema for table `craft_structures`
--
CREATE TABLE `craft_structures` (
  `id` int(11) NOT NULL AUTO_INCREMENT,
  `maxLevels` smallint(6) unsigned DEFAULT NULL,
  `dateCreated` datetime NOT NULL,
  `dateUpdated` datetime NOT NULL,
  `uid` char(36) COLLATE utf8_unicode_ci NOT NULL DEFAULT '0',
  PRIMARY KEY (`id`)
) ENGINE=InnoDB DEFAULT CHARSET=utf8 COLLATE=utf8_unicode_ci;

DROP TABLE IF EXISTS `craft_systemsettings`;


--
-- Schema for table `craft_systemsettings`
--
CREATE TABLE `craft_systemsettings` (
  `id` int(11) NOT NULL AUTO_INCREMENT,
  `category` varchar(15) COLLATE utf8_unicode_ci NOT NULL,
  `settings` text COLLATE utf8_unicode_ci,
  `dateCreated` datetime NOT NULL,
  `dateUpdated` datetime NOT NULL,
  `uid` char(36) COLLATE utf8_unicode_ci NOT NULL DEFAULT '0',
  PRIMARY KEY (`id`),
  UNIQUE KEY `craft_systemsettings_category_unq_idx` (`category`)
) ENGINE=InnoDB AUTO_INCREMENT=2 DEFAULT CHARSET=utf8 COLLATE=utf8_unicode_ci;

--
-- Data for table `craft_systemsettings`
--

INSERT INTO `craft_systemsettings` (`id`, `category`, `settings`, `dateCreated`, `dateUpdated`, `uid`) VALUES
 ('1', 'email', '{\"protocol\":\"php\",\"emailAddress\":\"wts.motome@pixelproject.com\",\"senderName\":\"Motome Kiosk\"}', '2018-10-03 15:50:55', '2018-10-03 15:50:55', '7b71438d-f35e-464e-9b2e-fe924d04089d');



DROP TABLE IF EXISTS `craft_taggroups`;


--
-- Schema for table `craft_taggroups`
--
CREATE TABLE `craft_taggroups` (
  `id` int(11) NOT NULL AUTO_INCREMENT,
  `name` varchar(255) COLLATE utf8_unicode_ci NOT NULL,
  `handle` varchar(255) COLLATE utf8_unicode_ci NOT NULL,
  `fieldLayoutId` int(10) DEFAULT NULL,
  `dateCreated` datetime NOT NULL,
  `dateUpdated` datetime NOT NULL,
  `uid` char(36) COLLATE utf8_unicode_ci NOT NULL DEFAULT '0',
  PRIMARY KEY (`id`),
  UNIQUE KEY `craft_taggroups_name_unq_idx` (`name`),
  UNIQUE KEY `craft_taggroups_handle_unq_idx` (`handle`),
  KEY `craft_taggroups_fieldLayoutId_fk` (`fieldLayoutId`)
) ENGINE=InnoDB AUTO_INCREMENT=2 DEFAULT CHARSET=utf8 COLLATE=utf8_unicode_ci;

--
-- Data for table `craft_taggroups`
--

INSERT INTO `craft_taggroups` (`id`, `name`, `handle`, `fieldLayoutId`, `dateCreated`, `dateUpdated`, `uid`) VALUES
 ('1', 'Default', 'default', '1', '2018-10-03 15:50:55', '2018-10-03 15:50:55', '3de81351-fd20-4963-bde1-f053141db2e8');



DROP TABLE IF EXISTS `craft_tags`;


--
-- Schema for table `craft_tags`
--
CREATE TABLE `craft_tags` (
  `id` int(11) NOT NULL,
  `groupId` int(11) NOT NULL,
  `dateCreated` datetime NOT NULL,
  `dateUpdated` datetime NOT NULL,
  `uid` char(36) COLLATE utf8_unicode_ci NOT NULL DEFAULT '0',
  PRIMARY KEY (`id`),
  KEY `craft_tags_groupId_fk` (`groupId`)
) ENGINE=InnoDB DEFAULT CHARSET=utf8 COLLATE=utf8_unicode_ci;

DROP TABLE IF EXISTS `craft_tasks`;


--
-- Schema for table `craft_tasks`
--
CREATE TABLE `craft_tasks` (
  `id` int(11) NOT NULL AUTO_INCREMENT,
  `root` int(11) unsigned DEFAULT NULL,
  `lft` int(11) unsigned NOT NULL,
  `rgt` int(11) unsigned NOT NULL,
  `level` smallint(6) unsigned NOT NULL,
  `currentStep` int(11) unsigned DEFAULT NULL,
  `totalSteps` int(11) unsigned DEFAULT NULL,
  `status` enum('pending','error','running') COLLATE utf8_unicode_ci DEFAULT NULL,
  `type` varchar(150) COLLATE utf8_unicode_ci NOT NULL,
  `description` varchar(255) COLLATE utf8_unicode_ci DEFAULT NULL,
  `settings` mediumtext COLLATE utf8_unicode_ci,
  `dateCreated` datetime NOT NULL,
  `dateUpdated` datetime NOT NULL,
  `uid` char(36) COLLATE utf8_unicode_ci NOT NULL DEFAULT '0',
  PRIMARY KEY (`id`),
  KEY `craft_tasks_root_idx` (`root`),
  KEY `craft_tasks_lft_idx` (`lft`),
  KEY `craft_tasks_rgt_idx` (`rgt`),
  KEY `craft_tasks_level_idx` (`level`)
) ENGINE=InnoDB AUTO_INCREMENT=31 DEFAULT CHARSET=utf8 COLLATE=utf8_unicode_ci;

DROP TABLE IF EXISTS `craft_templatecachecriteria`;


--
-- Schema for table `craft_templatecachecriteria`
--
CREATE TABLE `craft_templatecachecriteria` (
  `id` int(11) NOT NULL AUTO_INCREMENT,
  `cacheId` int(11) NOT NULL,
  `type` varchar(150) COLLATE utf8_unicode_ci NOT NULL,
  `criteria` text COLLATE utf8_unicode_ci NOT NULL,
  PRIMARY KEY (`id`),
  KEY `craft_templatecachecriteria_cacheId_fk` (`cacheId`),
  KEY `craft_templatecachecriteria_type_idx` (`type`)
) ENGINE=InnoDB DEFAULT CHARSET=utf8 COLLATE=utf8_unicode_ci;

DROP TABLE IF EXISTS `craft_templatecacheelements`;


--
-- Schema for table `craft_templatecacheelements`
--
CREATE TABLE `craft_templatecacheelements` (
  `cacheId` int(11) NOT NULL,
  `elementId` int(11) NOT NULL,
  KEY `craft_templatecacheelements_cacheId_fk` (`cacheId`),
  KEY `craft_templatecacheelements_elementId_fk` (`elementId`)
) ENGINE=InnoDB DEFAULT CHARSET=utf8 COLLATE=utf8_unicode_ci;

DROP TABLE IF EXISTS `craft_templatecaches`;


--
-- Schema for table `craft_templatecaches`
--
CREATE TABLE `craft_templatecaches` (
  `id` int(11) NOT NULL AUTO_INCREMENT,
  `cacheKey` varchar(255) COLLATE utf8_unicode_ci NOT NULL,
  `locale` char(12) COLLATE utf8_unicode_ci NOT NULL,
  `path` varchar(255) COLLATE utf8_unicode_ci DEFAULT NULL,
  `expiryDate` datetime NOT NULL,
  `body` mediumtext COLLATE utf8_unicode_ci NOT NULL,
  PRIMARY KEY (`id`),
  KEY `craft_templatecaches_cacheKey_locale_expiryDate_path_idx` (`cacheKey`,`locale`,`expiryDate`,`path`),
  KEY `craft_templatecaches_cacheKey_locale_expiryDate_idx` (`cacheKey`,`locale`,`expiryDate`),
  KEY `craft_templatecaches_locale_fk` (`locale`)
) ENGINE=InnoDB DEFAULT CHARSET=utf8 COLLATE=utf8_unicode_ci;

DROP TABLE IF EXISTS `craft_tokens`;


--
-- Schema for table `craft_tokens`
--
CREATE TABLE `craft_tokens` (
  `id` int(11) NOT NULL AUTO_INCREMENT,
  `token` char(32) COLLATE utf8_unicode_ci NOT NULL,
  `route` text COLLATE utf8_unicode_ci,
  `usageLimit` tinyint(3) unsigned DEFAULT NULL,
  `usageCount` tinyint(3) unsigned DEFAULT NULL,
  `expiryDate` datetime NOT NULL,
  `dateCreated` datetime NOT NULL,
  `dateUpdated` datetime NOT NULL,
  `uid` char(36) COLLATE utf8_unicode_ci NOT NULL DEFAULT '0',
  PRIMARY KEY (`id`),
  UNIQUE KEY `craft_tokens_token_unq_idx` (`token`),
  KEY `craft_tokens_expiryDate_idx` (`expiryDate`)
) ENGINE=InnoDB DEFAULT CHARSET=utf8 COLLATE=utf8_unicode_ci;

DROP TABLE IF EXISTS `craft_usergroups`;


--
-- Schema for table `craft_usergroups`
--
CREATE TABLE `craft_usergroups` (
  `id` int(11) NOT NULL AUTO_INCREMENT,
  `name` varchar(255) COLLATE utf8_unicode_ci NOT NULL,
  `handle` varchar(255) COLLATE utf8_unicode_ci NOT NULL,
  `dateCreated` datetime NOT NULL,
  `dateUpdated` datetime NOT NULL,
  `uid` char(36) COLLATE utf8_unicode_ci NOT NULL DEFAULT '0',
  PRIMARY KEY (`id`),
  UNIQUE KEY `craft_usergroups_name_unq_idx` (`name`),
  UNIQUE KEY `craft_usergroups_handle_unq_idx` (`handle`)
) ENGINE=InnoDB DEFAULT CHARSET=utf8 COLLATE=utf8_unicode_ci;

DROP TABLE IF EXISTS `craft_usergroups_users`;


--
-- Schema for table `craft_usergroups_users`
--
CREATE TABLE `craft_usergroups_users` (
  `id` int(11) NOT NULL AUTO_INCREMENT,
  `groupId` int(11) NOT NULL,
  `userId` int(11) NOT NULL,
  `dateCreated` datetime NOT NULL,
  `dateUpdated` datetime NOT NULL,
  `uid` char(36) COLLATE utf8_unicode_ci NOT NULL DEFAULT '0',
  PRIMARY KEY (`id`),
  UNIQUE KEY `craft_usergroups_users_groupId_userId_unq_idx` (`groupId`,`userId`),
  KEY `craft_usergroups_users_userId_fk` (`userId`)
) ENGINE=InnoDB DEFAULT CHARSET=utf8 COLLATE=utf8_unicode_ci;

DROP TABLE IF EXISTS `craft_userpermissions`;


--
-- Schema for table `craft_userpermissions`
--
CREATE TABLE `craft_userpermissions` (
  `id` int(11) NOT NULL AUTO_INCREMENT,
  `name` varchar(255) COLLATE utf8_unicode_ci NOT NULL,
  `dateCreated` datetime NOT NULL,
  `dateUpdated` datetime NOT NULL,
  `uid` char(36) COLLATE utf8_unicode_ci NOT NULL DEFAULT '0',
  PRIMARY KEY (`id`),
  UNIQUE KEY `craft_userpermissions_name_unq_idx` (`name`)
) ENGINE=InnoDB DEFAULT CHARSET=utf8 COLLATE=utf8_unicode_ci;

DROP TABLE IF EXISTS `craft_userpermissions_usergroups`;


--
-- Schema for table `craft_userpermissions_usergroups`
--
CREATE TABLE `craft_userpermissions_usergroups` (
  `id` int(11) NOT NULL AUTO_INCREMENT,
  `permissionId` int(11) NOT NULL,
  `groupId` int(11) NOT NULL,
  `dateCreated` datetime NOT NULL,
  `dateUpdated` datetime NOT NULL,
  `uid` char(36) COLLATE utf8_unicode_ci NOT NULL DEFAULT '0',
  PRIMARY KEY (`id`),
  UNIQUE KEY `craft_userpermissions_usergroups_permissionId_groupId_unq_idx` (`permissionId`,`groupId`),
  KEY `craft_userpermissions_usergroups_groupId_fk` (`groupId`)
) ENGINE=InnoDB DEFAULT CHARSET=utf8 COLLATE=utf8_unicode_ci;

DROP TABLE IF EXISTS `craft_userpermissions_users`;


--
-- Schema for table `craft_userpermissions_users`
--
CREATE TABLE `craft_userpermissions_users` (
  `id` int(11) NOT NULL AUTO_INCREMENT,
  `permissionId` int(11) NOT NULL,
  `userId` int(11) NOT NULL,
  `dateCreated` datetime NOT NULL,
  `dateUpdated` datetime NOT NULL,
  `uid` char(36) COLLATE utf8_unicode_ci NOT NULL DEFAULT '0',
  PRIMARY KEY (`id`),
  UNIQUE KEY `craft_userpermissions_users_permissionId_userId_unq_idx` (`permissionId`,`userId`),
  KEY `craft_userpermissions_users_userId_fk` (`userId`)
) ENGINE=InnoDB DEFAULT CHARSET=utf8 COLLATE=utf8_unicode_ci;

DROP TABLE IF EXISTS `craft_users`;


--
-- Schema for table `craft_users`
--
CREATE TABLE `craft_users` (
  `id` int(11) NOT NULL,
  `username` varchar(100) COLLATE utf8_unicode_ci NOT NULL,
  `photo` varchar(100) COLLATE utf8_unicode_ci DEFAULT NULL,
  `firstName` varchar(100) COLLATE utf8_unicode_ci DEFAULT NULL,
  `lastName` varchar(100) COLLATE utf8_unicode_ci DEFAULT NULL,
  `email` varchar(255) COLLATE utf8_unicode_ci NOT NULL,
  `password` char(255) COLLATE utf8_unicode_ci DEFAULT NULL,
  `preferredLocale` char(12) COLLATE utf8_unicode_ci DEFAULT NULL,
  `weekStartDay` tinyint(1) unsigned NOT NULL DEFAULT '0',
  `admin` tinyint(1) unsigned NOT NULL DEFAULT '0',
  `client` tinyint(1) unsigned NOT NULL DEFAULT '0',
  `locked` tinyint(1) unsigned NOT NULL DEFAULT '0',
  `suspended` tinyint(1) unsigned NOT NULL DEFAULT '0',
  `pending` tinyint(1) unsigned NOT NULL DEFAULT '0',
  `archived` tinyint(1) unsigned NOT NULL DEFAULT '0',
  `lastLoginDate` datetime DEFAULT NULL,
  `lastLoginAttemptIPAddress` varchar(45) COLLATE utf8_unicode_ci DEFAULT NULL,
  `invalidLoginWindowStart` datetime DEFAULT NULL,
  `invalidLoginCount` tinyint(4) unsigned DEFAULT NULL,
  `lastInvalidLoginDate` datetime DEFAULT NULL,
  `lockoutDate` datetime DEFAULT NULL,
  `verificationCode` char(100) COLLATE utf8_unicode_ci DEFAULT NULL,
  `verificationCodeIssuedDate` datetime DEFAULT NULL,
  `unverifiedEmail` varchar(255) COLLATE utf8_unicode_ci DEFAULT NULL,
  `passwordResetRequired` tinyint(1) unsigned NOT NULL DEFAULT '0',
  `lastPasswordChangeDate` datetime DEFAULT NULL,
  `dateCreated` datetime NOT NULL,
  `dateUpdated` datetime NOT NULL,
  `uid` char(36) COLLATE utf8_unicode_ci NOT NULL DEFAULT '0',
  PRIMARY KEY (`id`),
  UNIQUE KEY `craft_users_username_unq_idx` (`username`),
  UNIQUE KEY `craft_users_email_unq_idx` (`email`),
  KEY `craft_users_verificationCode_idx` (`verificationCode`),
  KEY `craft_users_uid_idx` (`uid`),
  KEY `craft_users_preferredLocale_fk` (`preferredLocale`)
) ENGINE=InnoDB DEFAULT CHARSET=utf8 COLLATE=utf8_unicode_ci;

--
-- Data for table `craft_users`
--

INSERT INTO `craft_users` (`id`, `username`, `photo`, `firstName`, `lastName`, `email`, `password`, `preferredLocale`, `weekStartDay`, `admin`, `client`, `locked`, `suspended`, `pending`, `archived`, `lastLoginDate`, `lastLoginAttemptIPAddress`, `invalidLoginWindowStart`, `invalidLoginCount`, `lastInvalidLoginDate`, `lockoutDate`, `verificationCode`, `verificationCodeIssuedDate`, `unverifiedEmail`, `passwordResetRequired`, `lastPasswordChangeDate`, `dateCreated`, `dateUpdated`, `uid`) VALUES
 ('1', 'admin', NULL, NULL, NULL, 'wts.motome@pixelproject.com', '$2y$13$KpiPXzC0MdJQry8ZyOqOuuJn9a1FUpRAafkxvnR6vfCr97JBSxnYS', NULL, '0', '1', '0', '0', '0', '0', '0', '2018-10-04 08:28:33', '1.144.106.40', NULL, NULL, NULL, NULL, NULL, NULL, NULL, '0', '2018-10-03 15:50:53', '2018-10-03 15:50:53', '2018-10-04 08:28:33', 'dc5722c2-116a-4adf-bb60-4987dde10dcc');



DROP TABLE IF EXISTS `craft_widgets`;


--
-- Schema for table `craft_widgets`
--
CREATE TABLE `craft_widgets` (
  `id` int(11) NOT NULL AUTO_INCREMENT,
  `userId` int(11) NOT NULL,
  `type` varchar(150) COLLATE utf8_unicode_ci NOT NULL,
  `sortOrder` smallint(6) unsigned DEFAULT NULL,
  `colspan` tinyint(4) unsigned DEFAULT NULL,
  `settings` text COLLATE utf8_unicode_ci,
  `enabled` tinyint(1) unsigned NOT NULL DEFAULT '1',
  `dateCreated` datetime NOT NULL,
  `dateUpdated` datetime NOT NULL,
  `uid` char(36) COLLATE utf8_unicode_ci NOT NULL DEFAULT '0',
  PRIMARY KEY (`id`),
  KEY `craft_widgets_userId_fk` (`userId`)
) ENGINE=InnoDB AUTO_INCREMENT=5 DEFAULT CHARSET=utf8 COLLATE=utf8_unicode_ci;

--
-- Data for table `craft_widgets`
--

INSERT INTO `craft_widgets` (`id`, `userId`, `type`, `sortOrder`, `colspan`, `settings`, `enabled`, `dateCreated`, `dateUpdated`, `uid`) VALUES
 ('1', '1', 'RecentEntries', '1', NULL, NULL, '1', '2018-10-03 15:50:59', '2018-10-03 15:50:59', '8201301c-b724-4bb7-8e4b-f12ccaf4f399'),
 ('2', '1', 'GetHelp', '2', NULL, NULL, '1', '2018-10-03 15:50:59', '2018-10-03 15:50:59', '2a6601aa-fe30-46d4-b3a7-e053b2e09e93'),
 ('3', '1', 'Updates', '3', NULL, NULL, '1', '2018-10-03 15:51:00', '2018-10-03 15:51:00', 'aabf8659-2eb7-473e-970e-5277049d0a83'),
 ('4', '1', 'Feed', '4', NULL, '{\"url\":\"https:\\/\\/craftcms.com\\/news.rss\",\"title\":\"Craft News\"}', '0', '2018-10-03 15:51:00', '2018-10-04 09:14:30', '208edca2-8555-43fd-a27e-592926f987d2');


--
-- Constraints for tables
--


--
-- Constraints for table `craft_assetfiles`
--
ALTER TABLE `craft_assetfiles`
	ADD CONSTRAINT `craft_assetfiles_folderId_fk` FOREIGN KEY (`folderId`) REFERENCES `craft_assetfolders` (`id`) ON DELETE CASCADE,
	ADD CONSTRAINT `craft_assetfiles_id_fk` FOREIGN KEY (`id`) REFERENCES `craft_elements` (`id`) ON DELETE CASCADE,
	ADD CONSTRAINT `craft_assetfiles_sourceId_fk` FOREIGN KEY (`sourceId`) REFERENCES `craft_assetsources` (`id`) ON DELETE CASCADE;

--
-- Constraints for table `craft_assetfolders`
--
ALTER TABLE `craft_assetfolders`
	ADD CONSTRAINT `craft_assetfolders_sourceId_fk` FOREIGN KEY (`sourceId`) REFERENCES `craft_assetsources` (`id`) ON DELETE CASCADE,
	ADD CONSTRAINT `craft_assetfolders_parentId_fk` FOREIGN KEY (`parentId`) REFERENCES `craft_assetfolders` (`id`) ON DELETE CASCADE;

--
-- Constraints for table `craft_assetindexdata`
--
ALTER TABLE `craft_assetindexdata`
	ADD CONSTRAINT `craft_assetindexdata_sourceId_fk` FOREIGN KEY (`sourceId`) REFERENCES `craft_assetsources` (`id`) ON DELETE CASCADE;

--
-- Constraints for table `craft_assetsources`
--
ALTER TABLE `craft_assetsources`
	ADD CONSTRAINT `craft_assetsources_fieldLayoutId_fk` FOREIGN KEY (`fieldLayoutId`) REFERENCES `craft_fieldlayouts` (`id`) ON DELETE SET NULL;

--
-- Constraints for table `craft_categories`
--
ALTER TABLE `craft_categories`
	ADD CONSTRAINT `craft_categories_groupId_fk` FOREIGN KEY (`groupId`) REFERENCES `craft_categorygroups` (`id`) ON DELETE CASCADE,
	ADD CONSTRAINT `craft_categories_id_fk` FOREIGN KEY (`id`) REFERENCES `craft_elements` (`id`) ON DELETE CASCADE;

--
-- Constraints for table `craft_categorygroups`
--
ALTER TABLE `craft_categorygroups`
	ADD CONSTRAINT `craft_categorygroups_fieldLayoutId_fk` FOREIGN KEY (`fieldLayoutId`) REFERENCES `craft_fieldlayouts` (`id`) ON DELETE SET NULL,
	ADD CONSTRAINT `craft_categorygroups_structureId_fk` FOREIGN KEY (`structureId`) REFERENCES `craft_structures` (`id`) ON DELETE CASCADE;

--
-- Constraints for table `craft_categorygroups_i18n`
--
ALTER TABLE `craft_categorygroups_i18n`
	ADD CONSTRAINT `craft_categorygroups_i18n_locale_fk` FOREIGN KEY (`locale`) REFERENCES `craft_locales` (`locale`) ON DELETE CASCADE ON UPDATE CASCADE,
	ADD CONSTRAINT `craft_categorygroups_i18n_groupId_fk` FOREIGN KEY (`groupId`) REFERENCES `craft_categorygroups` (`id`) ON DELETE CASCADE;

--
-- Constraints for table `craft_content`
--
ALTER TABLE `craft_content`
	ADD CONSTRAINT `craft_content_elementId_fk` FOREIGN KEY (`elementId`) REFERENCES `craft_elements` (`id`) ON DELETE CASCADE,
	ADD CONSTRAINT `craft_content_locale_fk` FOREIGN KEY (`locale`) REFERENCES `craft_locales` (`locale`) ON DELETE CASCADE ON UPDATE CASCADE;

--
-- Constraints for table `craft_elements_i18n`
--
ALTER TABLE `craft_elements_i18n`
	ADD CONSTRAINT `craft_elements_i18n_locale_fk` FOREIGN KEY (`locale`) REFERENCES `craft_locales` (`locale`) ON DELETE CASCADE ON UPDATE CASCADE,
	ADD CONSTRAINT `craft_elements_i18n_elementId_fk` FOREIGN KEY (`elementId`) REFERENCES `craft_elements` (`id`) ON DELETE CASCADE;

--
-- Constraints for table `craft_emailmessages`
--
ALTER TABLE `craft_emailmessages`
	ADD CONSTRAINT `craft_emailmessages_locale_fk` FOREIGN KEY (`locale`) REFERENCES `craft_locales` (`locale`) ON DELETE CASCADE ON UPDATE CASCADE;

--
-- Constraints for table `craft_entries`
--
ALTER TABLE `craft_entries`
	ADD CONSTRAINT `craft_entries_authorId_fk` FOREIGN KEY (`authorId`) REFERENCES `craft_users` (`id`) ON DELETE CASCADE,
	ADD CONSTRAINT `craft_entries_id_fk` FOREIGN KEY (`id`) REFERENCES `craft_elements` (`id`) ON DELETE CASCADE,
	ADD CONSTRAINT `craft_entries_sectionId_fk` FOREIGN KEY (`sectionId`) REFERENCES `craft_sections` (`id`) ON DELETE CASCADE,
	ADD CONSTRAINT `craft_entries_typeId_fk` FOREIGN KEY (`typeId`) REFERENCES `craft_entrytypes` (`id`) ON DELETE CASCADE;

--
-- Constraints for table `craft_entrydrafts`
--
ALTER TABLE `craft_entrydrafts`
	ADD CONSTRAINT `craft_entrydrafts_locale_fk` FOREIGN KEY (`locale`) REFERENCES `craft_locales` (`locale`) ON DELETE CASCADE ON UPDATE CASCADE,
	ADD CONSTRAINT `craft_entrydrafts_creatorId_fk` FOREIGN KEY (`creatorId`) REFERENCES `craft_users` (`id`) ON DELETE CASCADE,
	ADD CONSTRAINT `craft_entrydrafts_entryId_fk` FOREIGN KEY (`entryId`) REFERENCES `craft_entries` (`id`) ON DELETE CASCADE,
	ADD CONSTRAINT `craft_entrydrafts_sectionId_fk` FOREIGN KEY (`sectionId`) REFERENCES `craft_sections` (`id`) ON DELETE CASCADE;

--
-- Constraints for table `craft_entrytypes`
--
ALTER TABLE `craft_entrytypes`
	ADD CONSTRAINT `craft_entrytypes_fieldLayoutId_fk` FOREIGN KEY (`fieldLayoutId`) REFERENCES `craft_fieldlayouts` (`id`) ON DELETE SET NULL,
	ADD CONSTRAINT `craft_entrytypes_sectionId_fk` FOREIGN KEY (`sectionId`) REFERENCES `craft_sections` (`id`) ON DELETE CASCADE;

--
-- Constraints for table `craft_entryversions`
--
ALTER TABLE `craft_entryversions`
	ADD CONSTRAINT `craft_entryversions_locale_fk` FOREIGN KEY (`locale`) REFERENCES `craft_locales` (`locale`) ON DELETE CASCADE ON UPDATE CASCADE,
	ADD CONSTRAINT `craft_entryversions_creatorId_fk` FOREIGN KEY (`creatorId`) REFERENCES `craft_users` (`id`) ON DELETE SET NULL,
	ADD CONSTRAINT `craft_entryversions_entryId_fk` FOREIGN KEY (`entryId`) REFERENCES `craft_entries` (`id`) ON DELETE CASCADE,
	ADD CONSTRAINT `craft_entryversions_sectionId_fk` FOREIGN KEY (`sectionId`) REFERENCES `craft_sections` (`id`) ON DELETE CASCADE;

--
-- Constraints for table `craft_fieldlayoutfields`
--
ALTER TABLE `craft_fieldlayoutfields`
	ADD CONSTRAINT `craft_fieldlayoutfields_fieldId_fk` FOREIGN KEY (`fieldId`) REFERENCES `craft_fields` (`id`) ON DELETE CASCADE,
	ADD CONSTRAINT `craft_fieldlayoutfields_layoutId_fk` FOREIGN KEY (`layoutId`) REFERENCES `craft_fieldlayouts` (`id`) ON DELETE CASCADE,
	ADD CONSTRAINT `craft_fieldlayoutfields_tabId_fk` FOREIGN KEY (`tabId`) REFERENCES `craft_fieldlayouttabs` (`id`) ON DELETE CASCADE;

--
-- Constraints for table `craft_fieldlayouttabs`
--
ALTER TABLE `craft_fieldlayouttabs`
	ADD CONSTRAINT `craft_fieldlayouttabs_layoutId_fk` FOREIGN KEY (`layoutId`) REFERENCES `craft_fieldlayouts` (`id`) ON DELETE CASCADE;

--
-- Constraints for table `craft_fields`
--
ALTER TABLE `craft_fields`
	ADD CONSTRAINT `craft_fields_groupId_fk` FOREIGN KEY (`groupId`) REFERENCES `craft_fieldgroups` (`id`) ON DELETE CASCADE;

--
-- Constraints for table `craft_globalsets`
--
ALTER TABLE `craft_globalsets`
	ADD CONSTRAINT `craft_globalsets_fieldLayoutId_fk` FOREIGN KEY (`fieldLayoutId`) REFERENCES `craft_fieldlayouts` (`id`) ON DELETE SET NULL,
	ADD CONSTRAINT `craft_globalsets_id_fk` FOREIGN KEY (`id`) REFERENCES `craft_elements` (`id`) ON DELETE CASCADE;

--
-- Constraints for table `craft_matrixblocks`
--
ALTER TABLE `craft_matrixblocks`
	ADD CONSTRAINT `craft_matrixblocks_typeId_fk` FOREIGN KEY (`typeId`) REFERENCES `craft_matrixblocktypes` (`id`) ON DELETE CASCADE,
	ADD CONSTRAINT `craft_matrixblocks_fieldId_fk` FOREIGN KEY (`fieldId`) REFERENCES `craft_fields` (`id`) ON DELETE CASCADE,
	ADD CONSTRAINT `craft_matrixblocks_id_fk` FOREIGN KEY (`id`) REFERENCES `craft_elements` (`id`) ON DELETE CASCADE,
	ADD CONSTRAINT `craft_matrixblocks_ownerId_fk` FOREIGN KEY (`ownerId`) REFERENCES `craft_elements` (`id`) ON DELETE CASCADE,
	ADD CONSTRAINT `craft_matrixblocks_ownerLocale_fk` FOREIGN KEY (`ownerLocale`) REFERENCES `craft_locales` (`locale`) ON DELETE CASCADE ON UPDATE CASCADE;

--
-- Constraints for table `craft_matrixblocktypes`
--
ALTER TABLE `craft_matrixblocktypes`
	ADD CONSTRAINT `craft_matrixblocktypes_fieldLayoutId_fk` FOREIGN KEY (`fieldLayoutId`) REFERENCES `craft_fieldlayouts` (`id`) ON DELETE SET NULL,
	ADD CONSTRAINT `craft_matrixblocktypes_fieldId_fk` FOREIGN KEY (`fieldId`) REFERENCES `craft_fields` (`id`) ON DELETE CASCADE;

--
-- Constraints for table `craft_matrixcontent_exteriorhotspot`
--
ALTER TABLE `craft_matrixcontent_exteriorhotspot`
	ADD CONSTRAINT `craft_matrixcontent_exteriorhotspot_elementId_fk` FOREIGN KEY (`elementId`) REFERENCES `craft_elements` (`id`) ON DELETE CASCADE,
	ADD CONSTRAINT `craft_matrixcontent_exteriorhotspot_locale_fk` FOREIGN KEY (`locale`) REFERENCES `craft_locales` (`locale`) ON DELETE CASCADE ON UPDATE CASCADE;

--
-- Constraints for table `craft_matrixcontent_interiorhotspot`
--
ALTER TABLE `craft_matrixcontent_interiorhotspot`
	ADD CONSTRAINT `craft_matrixcontent_interiorhotspot_elementId_fk` FOREIGN KEY (`elementId`) REFERENCES `craft_elements` (`id`) ON DELETE CASCADE,
	ADD CONSTRAINT `craft_matrixcontent_interiorhotspot_locale_fk` FOREIGN KEY (`locale`) REFERENCES `craft_locales` (`locale`) ON DELETE CASCADE ON UPDATE CASCADE;

--
-- Constraints for table `craft_migrations`
--
ALTER TABLE `craft_migrations`
	ADD CONSTRAINT `craft_migrations_pluginId_fk` FOREIGN KEY (`pluginId`) REFERENCES `craft_plugins` (`id`) ON DELETE CASCADE;

--
-- Constraints for table `craft_relations`
--
ALTER TABLE `craft_relations`
	ADD CONSTRAINT `craft_relations_targetId_fk` FOREIGN KEY (`targetId`) REFERENCES `craft_elements` (`id`) ON DELETE CASCADE,
	ADD CONSTRAINT `craft_relations_fieldId_fk` FOREIGN KEY (`fieldId`) REFERENCES `craft_fields` (`id`) ON DELETE CASCADE,
	ADD CONSTRAINT `craft_relations_sourceId_fk` FOREIGN KEY (`sourceId`) REFERENCES `craft_elements` (`id`) ON DELETE CASCADE,
	ADD CONSTRAINT `craft_relations_sourceLocale_fk` FOREIGN KEY (`sourceLocale`) REFERENCES `craft_locales` (`locale`) ON DELETE CASCADE ON UPDATE CASCADE;

--
-- Constraints for table `craft_routes`
--
ALTER TABLE `craft_routes`
	ADD CONSTRAINT `craft_routes_locale_fk` FOREIGN KEY (`locale`) REFERENCES `craft_locales` (`locale`) ON DELETE CASCADE ON UPDATE CASCADE;

--
-- Constraints for table `craft_sections`
--
ALTER TABLE `craft_sections`
	ADD CONSTRAINT `craft_sections_structureId_fk` FOREIGN KEY (`structureId`) REFERENCES `craft_structures` (`id`) ON DELETE SET NULL;

--
-- Constraints for table `craft_sections_i18n`
--
ALTER TABLE `craft_sections_i18n`
	ADD CONSTRAINT `craft_sections_i18n_locale_fk` FOREIGN KEY (`locale`) REFERENCES `craft_locales` (`locale`) ON DELETE CASCADE ON UPDATE CASCADE,
	ADD CONSTRAINT `craft_sections_i18n_sectionId_fk` FOREIGN KEY (`sectionId`) REFERENCES `craft_sections` (`id`) ON DELETE CASCADE;

--
-- Constraints for table `craft_sessions`
--
ALTER TABLE `craft_sessions`
	ADD CONSTRAINT `craft_sessions_userId_fk` FOREIGN KEY (`userId`) REFERENCES `craft_users` (`id`) ON DELETE CASCADE;

--
-- Constraints for table `craft_shunnedmessages`
--
ALTER TABLE `craft_shunnedmessages`
	ADD CONSTRAINT `craft_shunnedmessages_userId_fk` FOREIGN KEY (`userId`) REFERENCES `craft_users` (`id`) ON DELETE CASCADE;

--
-- Constraints for table `craft_structureelements`
--
ALTER TABLE `craft_structureelements`
	ADD CONSTRAINT `craft_structureelements_elementId_fk` FOREIGN KEY (`elementId`) REFERENCES `craft_elements` (`id`) ON DELETE CASCADE,
	ADD CONSTRAINT `craft_structureelements_structureId_fk` FOREIGN KEY (`structureId`) REFERENCES `craft_structures` (`id`) ON DELETE CASCADE;

--
-- Constraints for table `craft_taggroups`
--
ALTER TABLE `craft_taggroups`
	ADD CONSTRAINT `craft_taggroups_fieldLayoutId_fk` FOREIGN KEY (`fieldLayoutId`) REFERENCES `craft_fieldlayouts` (`id`) ON DELETE SET NULL;

--
-- Constraints for table `craft_tags`
--
ALTER TABLE `craft_tags`
	ADD CONSTRAINT `craft_tags_groupId_fk` FOREIGN KEY (`groupId`) REFERENCES `craft_taggroups` (`id`) ON DELETE CASCADE,
	ADD CONSTRAINT `craft_tags_id_fk` FOREIGN KEY (`id`) REFERENCES `craft_elements` (`id`) ON DELETE CASCADE;

--
-- Constraints for table `craft_templatecachecriteria`
--
ALTER TABLE `craft_templatecachecriteria`
	ADD CONSTRAINT `craft_templatecachecriteria_cacheId_fk` FOREIGN KEY (`cacheId`) REFERENCES `craft_templatecaches` (`id`) ON DELETE CASCADE;

--
-- Constraints for table `craft_templatecacheelements`
--
ALTER TABLE `craft_templatecacheelements`
	ADD CONSTRAINT `craft_templatecacheelements_elementId_fk` FOREIGN KEY (`elementId`) REFERENCES `craft_elements` (`id`) ON DELETE CASCADE,
	ADD CONSTRAINT `craft_templatecacheelements_cacheId_fk` FOREIGN KEY (`cacheId`) REFERENCES `craft_templatecaches` (`id`) ON DELETE CASCADE;

--
-- Constraints for table `craft_templatecaches`
--
ALTER TABLE `craft_templatecaches`
	ADD CONSTRAINT `craft_templatecaches_locale_fk` FOREIGN KEY (`locale`) REFERENCES `craft_locales` (`locale`) ON DELETE CASCADE ON UPDATE CASCADE;

--
-- Constraints for table `craft_usergroups_users`
--
ALTER TABLE `craft_usergroups_users`
	ADD CONSTRAINT `craft_usergroups_users_userId_fk` FOREIGN KEY (`userId`) REFERENCES `craft_users` (`id`) ON DELETE CASCADE,
	ADD CONSTRAINT `craft_usergroups_users_groupId_fk` FOREIGN KEY (`groupId`) REFERENCES `craft_usergroups` (`id`) ON DELETE CASCADE;

--
-- Constraints for table `craft_userpermissions_usergroups`
--
ALTER TABLE `craft_userpermissions_usergroups`
	ADD CONSTRAINT `craft_userpermissions_usergroups_groupId_fk` FOREIGN KEY (`groupId`) REFERENCES `craft_usergroups` (`id`) ON DELETE CASCADE,
	ADD CONSTRAINT `craft_userpermissions_usergroups_permissionId_fk` FOREIGN KEY (`permissionId`) REFERENCES `craft_userpermissions` (`id`) ON DELETE CASCADE;

--
-- Constraints for table `craft_userpermissions_users`
--
ALTER TABLE `craft_userpermissions_users`
	ADD CONSTRAINT `craft_userpermissions_users_userId_fk` FOREIGN KEY (`userId`) REFERENCES `craft_users` (`id`) ON DELETE CASCADE,
	ADD CONSTRAINT `craft_userpermissions_users_permissionId_fk` FOREIGN KEY (`permissionId`) REFERENCES `craft_userpermissions` (`id`) ON DELETE CASCADE;

--
-- Constraints for table `craft_users`
--
ALTER TABLE `craft_users`
	ADD CONSTRAINT `craft_users_preferredLocale_fk` FOREIGN KEY (`preferredLocale`) REFERENCES `craft_locales` (`locale`) ON DELETE SET NULL ON UPDATE CASCADE,
	ADD CONSTRAINT `craft_users_id_fk` FOREIGN KEY (`id`) REFERENCES `craft_elements` (`id`) ON DELETE CASCADE;

--
-- Constraints for table `craft_widgets`
--
ALTER TABLE `craft_widgets`
	ADD CONSTRAINT `craft_widgets_userId_fk` FOREIGN KEY (`userId`) REFERENCES `craft_users` (`id`) ON DELETE CASCADE;

SET FOREIGN_KEY_CHECKS = 1;
