-- Generated by Craft v2.7.4 on 1 Feb 2019 17:15:44.

--
-- Disable foreign key checks and autocommit.
--

SET FOREIGN_KEY_CHECKS = 0;
SET SQL_MODE = "NO_AUTO_VALUE_ON_ZERO";
SET AUTOCOMMIT = 0;
SET NAMES utf8;


DROP TABLE IF EXISTS `craft_assetfiles`;


--
-- Schema for table `craft_assetfiles`
--
CREATE TABLE `craft_assetfiles` (
  `id` int(11) NOT NULL,
  `sourceId` int(11) DEFAULT NULL,
  `folderId` int(11) NOT NULL,
  `filename` varchar(255) COLLATE utf8_unicode_ci NOT NULL,
  `kind` varchar(50) COLLATE utf8_unicode_ci NOT NULL DEFAULT 'unknown',
  `width` int(11) unsigned DEFAULT NULL,
  `height` int(11) unsigned DEFAULT NULL,
  `size` bigint(20) unsigned DEFAULT NULL,
  `dateModified` datetime DEFAULT NULL,
  `dateCreated` datetime NOT NULL,
  `dateUpdated` datetime NOT NULL,
  `uid` char(36) COLLATE utf8_unicode_ci NOT NULL DEFAULT '0',
  PRIMARY KEY (`id`),
  UNIQUE KEY `craft_assetfiles_filename_folderId_unq_idx` (`filename`,`folderId`),
  KEY `craft_assetfiles_sourceId_fk` (`sourceId`),
  KEY `craft_assetfiles_folderId_fk` (`folderId`)
) ENGINE=InnoDB DEFAULT CHARSET=utf8 COLLATE=utf8_unicode_ci;

--
-- Data for table `craft_assetfiles`
--

INSERT INTO `craft_assetfiles` (`id`, `sourceId`, `folderId`, `filename`, `kind`, `width`, `height`, `size`, `dateModified`, `dateCreated`, `dateUpdated`, `uid`) VALUES
 ('31', '1', '1', 'aperol-spritz.jpg', 'image', '720', '720', '103931', '2019-02-01 11:40:14', '2019-02-01 11:40:14', '2019-02-01 11:40:14', '6e645c6a-f4eb-43b0-9558-51b41aec14fb'),
 ('36', '1', '1', 'Sebastien_horizontal.jpg', 'image', '6000', '4000', '1439914', '2019-02-01 15:21:55', '2019-02-01 15:21:55', '2019-02-01 15:21:55', '5c267d8c-4fb8-444c-9dc4-aa998ba6aeb7'),
 ('37', '1', '1', 'Rowland_horizontal.jpg', 'image', '5000', '3333', '1153473', '2019-02-01 15:22:07', '2019-02-01 15:22:07', '2019-02-01 15:22:07', 'acfda1e4-03cc-4506-9658-d6f22a50b1ac'),
 ('43', '1', '1', 'cosmo.jpg', 'image', '780', '1015', '93301', '2019-02-01 15:54:55', '2019-02-01 15:54:55', '2019-02-01 15:54:55', 'cf60c28c-9fc3-494e-8e95-874102e06b32'),
 ('44', '1', '1', 'FrozenMargarita.jpg', 'image', '640', '882', '52360', '2019-02-01 15:54:55', '2019-02-01 15:54:55', '2019-02-01 15:54:55', '32c0d734-e71d-4643-b423-2a900bdc9a6d'),
 ('45', '1', '1', 'whiskey.jpg', 'image', '3000', '3000', '696934', '2019-02-01 15:55:24', '2019-02-01 15:55:24', '2019-02-01 15:55:24', '7713c76a-7717-490c-bcb1-c86bc39e9db8');



DROP TABLE IF EXISTS `craft_assetfolders`;


--
-- Schema for table `craft_assetfolders`
--
CREATE TABLE `craft_assetfolders` (
  `id` int(11) NOT NULL AUTO_INCREMENT,
  `parentId` int(11) DEFAULT NULL,
  `sourceId` int(11) DEFAULT NULL,
  `name` varchar(255) COLLATE utf8_unicode_ci NOT NULL,
  `path` varchar(255) COLLATE utf8_unicode_ci DEFAULT NULL,
  `dateCreated` datetime NOT NULL,
  `dateUpdated` datetime NOT NULL,
  `uid` char(36) COLLATE utf8_unicode_ci NOT NULL DEFAULT '0',
  PRIMARY KEY (`id`),
  UNIQUE KEY `craft_assetfolders_name_parentId_sourceId_unq_idx` (`name`,`parentId`,`sourceId`),
  KEY `craft_assetfolders_parentId_fk` (`parentId`),
  KEY `craft_assetfolders_sourceId_fk` (`sourceId`)
) ENGINE=InnoDB AUTO_INCREMENT=2 DEFAULT CHARSET=utf8 COLLATE=utf8_unicode_ci;

--
-- Data for table `craft_assetfolders`
--

INSERT INTO `craft_assetfolders` (`id`, `parentId`, `sourceId`, `name`, `path`, `dateCreated`, `dateUpdated`, `uid`) VALUES
 ('1', NULL, '1', 'Images', '', '2019-02-01 11:37:40', '2019-02-01 11:37:40', '61fc88c0-38ef-4cdd-8fa6-86b5d59fe385');



DROP TABLE IF EXISTS `craft_assetindexdata`;


--
-- Schema for table `craft_assetindexdata`
--
CREATE TABLE `craft_assetindexdata` (
  `id` int(11) NOT NULL AUTO_INCREMENT,
  `sessionId` varchar(36) COLLATE utf8_unicode_ci NOT NULL DEFAULT '',
  `sourceId` int(10) NOT NULL,
  `offset` int(10) NOT NULL,
  `uri` varchar(255) COLLATE utf8_unicode_ci DEFAULT NULL,
  `size` varchar(255) COLLATE utf8_unicode_ci DEFAULT NULL,
  `recordId` int(10) DEFAULT NULL,
  `dateCreated` datetime NOT NULL,
  `dateUpdated` datetime NOT NULL,
  `uid` char(36) COLLATE utf8_unicode_ci NOT NULL DEFAULT '0',
  PRIMARY KEY (`id`),
  UNIQUE KEY `craft_assetindexdata_sessionId_sourceId_offset_unq_idx` (`sessionId`,`sourceId`,`offset`),
  KEY `craft_assetindexdata_sourceId_fk` (`sourceId`)
) ENGINE=InnoDB DEFAULT CHARSET=utf8 COLLATE=utf8_unicode_ci;

DROP TABLE IF EXISTS `craft_assetsources`;


--
-- Schema for table `craft_assetsources`
--
CREATE TABLE `craft_assetsources` (
  `id` int(11) NOT NULL AUTO_INCREMENT,
  `name` varchar(255) COLLATE utf8_unicode_ci NOT NULL,
  `handle` varchar(255) COLLATE utf8_unicode_ci NOT NULL,
  `type` varchar(150) COLLATE utf8_unicode_ci NOT NULL,
  `settings` text COLLATE utf8_unicode_ci,
  `sortOrder` smallint(6) unsigned DEFAULT NULL,
  `fieldLayoutId` int(10) DEFAULT NULL,
  `dateCreated` datetime NOT NULL,
  `dateUpdated` datetime NOT NULL,
  `uid` char(36) COLLATE utf8_unicode_ci NOT NULL DEFAULT '0',
  PRIMARY KEY (`id`),
  UNIQUE KEY `craft_assetsources_name_unq_idx` (`name`),
  UNIQUE KEY `craft_assetsources_handle_unq_idx` (`handle`),
  KEY `craft_assetsources_fieldLayoutId_fk` (`fieldLayoutId`)
) ENGINE=InnoDB AUTO_INCREMENT=2 DEFAULT CHARSET=utf8 COLLATE=utf8_unicode_ci;

--
-- Data for table `craft_assetsources`
--

INSERT INTO `craft_assetsources` (`id`, `name`, `handle`, `type`, `settings`, `sortOrder`, `fieldLayoutId`, `dateCreated`, `dateUpdated`, `uid`) VALUES
 ('1', 'Images', 'images', 'Local', '{\"path\":\"images\\/\",\"publicURLs\":\"1\",\"url\":\"images\\/\"}', '1', '33', '2019-02-01 11:37:40', '2019-02-01 11:37:40', 'b889e6a7-b175-4238-9b65-8ba883820b47');



DROP TABLE IF EXISTS `craft_assettransformindex`;


--
-- Schema for table `craft_assettransformindex`
--
CREATE TABLE `craft_assettransformindex` (
  `id` int(11) NOT NULL AUTO_INCREMENT,
  `fileId` int(11) NOT NULL,
  `filename` varchar(255) COLLATE utf8_unicode_ci DEFAULT NULL,
  `format` varchar(255) COLLATE utf8_unicode_ci DEFAULT NULL,
  `location` varchar(255) COLLATE utf8_unicode_ci NOT NULL,
  `sourceId` int(11) DEFAULT NULL,
  `fileExists` tinyint(1) DEFAULT NULL,
  `inProgress` tinyint(1) DEFAULT NULL,
  `dateIndexed` datetime DEFAULT NULL,
  `dateCreated` datetime NOT NULL,
  `dateUpdated` datetime NOT NULL,
  `uid` char(36) COLLATE utf8_unicode_ci NOT NULL DEFAULT '0',
  PRIMARY KEY (`id`),
  KEY `craft_assettransformindex_sourceId_fileId_location_idx` (`sourceId`,`fileId`,`location`)
) ENGINE=InnoDB DEFAULT CHARSET=utf8 COLLATE=utf8_unicode_ci;

DROP TABLE IF EXISTS `craft_assettransforms`;


--
-- Schema for table `craft_assettransforms`
--
CREATE TABLE `craft_assettransforms` (
  `id` int(11) NOT NULL AUTO_INCREMENT,
  `name` varchar(255) COLLATE utf8_unicode_ci NOT NULL,
  `handle` varchar(255) COLLATE utf8_unicode_ci NOT NULL,
  `mode` enum('stretch','fit','crop') COLLATE utf8_unicode_ci NOT NULL DEFAULT 'crop',
  `position` enum('top-left','top-center','top-right','center-left','center-center','center-right','bottom-left','bottom-center','bottom-right') COLLATE utf8_unicode_ci NOT NULL DEFAULT 'center-center',
  `height` int(10) DEFAULT NULL,
  `width` int(10) DEFAULT NULL,
  `format` varchar(255) COLLATE utf8_unicode_ci DEFAULT NULL,
  `quality` int(10) DEFAULT NULL,
  `dimensionChangeTime` datetime DEFAULT NULL,
  `dateCreated` datetime NOT NULL,
  `dateUpdated` datetime NOT NULL,
  `uid` char(36) COLLATE utf8_unicode_ci NOT NULL DEFAULT '0',
  PRIMARY KEY (`id`),
  UNIQUE KEY `craft_assettransforms_name_unq_idx` (`name`),
  UNIQUE KEY `craft_assettransforms_handle_unq_idx` (`handle`)
) ENGINE=InnoDB DEFAULT CHARSET=utf8 COLLATE=utf8_unicode_ci;

DROP TABLE IF EXISTS `craft_categories`;


--
-- Schema for table `craft_categories`
--
CREATE TABLE `craft_categories` (
  `id` int(11) NOT NULL,
  `groupId` int(11) NOT NULL,
  `dateCreated` datetime NOT NULL,
  `dateUpdated` datetime NOT NULL,
  `uid` char(36) COLLATE utf8_unicode_ci NOT NULL DEFAULT '0',
  PRIMARY KEY (`id`),
  KEY `craft_categories_groupId_fk` (`groupId`)
) ENGINE=InnoDB DEFAULT CHARSET=utf8 COLLATE=utf8_unicode_ci;

DROP TABLE IF EXISTS `craft_categorygroups`;


--
-- Schema for table `craft_categorygroups`
--
CREATE TABLE `craft_categorygroups` (
  `id` int(11) NOT NULL AUTO_INCREMENT,
  `structureId` int(11) NOT NULL,
  `fieldLayoutId` int(11) DEFAULT NULL,
  `name` varchar(255) COLLATE utf8_unicode_ci NOT NULL,
  `handle` varchar(255) COLLATE utf8_unicode_ci NOT NULL,
  `hasUrls` tinyint(1) unsigned NOT NULL DEFAULT '1',
  `template` varchar(500) COLLATE utf8_unicode_ci DEFAULT NULL,
  `dateCreated` datetime NOT NULL,
  `dateUpdated` datetime NOT NULL,
  `uid` char(36) COLLATE utf8_unicode_ci NOT NULL DEFAULT '0',
  PRIMARY KEY (`id`),
  UNIQUE KEY `craft_categorygroups_name_unq_idx` (`name`),
  UNIQUE KEY `craft_categorygroups_handle_unq_idx` (`handle`),
  KEY `craft_categorygroups_structureId_fk` (`structureId`),
  KEY `craft_categorygroups_fieldLayoutId_fk` (`fieldLayoutId`)
) ENGINE=InnoDB DEFAULT CHARSET=utf8 COLLATE=utf8_unicode_ci;

DROP TABLE IF EXISTS `craft_categorygroups_i18n`;


--
-- Schema for table `craft_categorygroups_i18n`
--
CREATE TABLE `craft_categorygroups_i18n` (
  `id` int(11) NOT NULL AUTO_INCREMENT,
  `groupId` int(11) NOT NULL,
  `locale` char(12) COLLATE utf8_unicode_ci NOT NULL,
  `urlFormat` text COLLATE utf8_unicode_ci,
  `nestedUrlFormat` text COLLATE utf8_unicode_ci,
  `dateCreated` datetime NOT NULL,
  `dateUpdated` datetime NOT NULL,
  `uid` char(36) COLLATE utf8_unicode_ci NOT NULL DEFAULT '0',
  PRIMARY KEY (`id`),
  UNIQUE KEY `craft_categorygroups_i18n_groupId_locale_unq_idx` (`groupId`,`locale`),
  KEY `craft_categorygroups_i18n_locale_fk` (`locale`)
) ENGINE=InnoDB DEFAULT CHARSET=utf8 COLLATE=utf8_unicode_ci;

DROP TABLE IF EXISTS `craft_content`;


--
-- Schema for table `craft_content`
--
CREATE TABLE `craft_content` (
  `id` int(11) NOT NULL AUTO_INCREMENT,
  `elementId` int(11) NOT NULL,
  `locale` char(12) COLLATE utf8_unicode_ci NOT NULL,
  `title` varchar(255) COLLATE utf8_unicode_ci DEFAULT NULL,
  `field_body` text COLLATE utf8_unicode_ci,
  `field_defaultField1` text COLLATE utf8_unicode_ci,
  `field_event_start_date` datetime DEFAULT NULL,
  `field_event_end_date` datetime DEFAULT NULL,
  `dateCreated` datetime NOT NULL,
  `dateUpdated` datetime NOT NULL,
  `uid` char(36) COLLATE utf8_unicode_ci NOT NULL DEFAULT '0',
  PRIMARY KEY (`id`),
  UNIQUE KEY `craft_content_elementId_locale_unq_idx` (`elementId`,`locale`),
  KEY `craft_content_title_idx` (`title`),
  KEY `craft_content_locale_fk` (`locale`)
) ENGINE=InnoDB AUTO_INCREMENT=15 DEFAULT CHARSET=utf8 COLLATE=utf8_unicode_ci;

--
-- Data for table `craft_content`
--

INSERT INTO `craft_content` (`id`, `elementId`, `locale`, `title`, `field_body`, `field_defaultField1`, `field_event_start_date`, `field_event_end_date`, `dateCreated`, `dateUpdated`, `uid`) VALUES
 ('1', '1', 'en_gb', NULL, NULL, NULL, NULL, NULL, '2019-02-01 10:24:41', '2019-02-01 10:24:41', '19c7ff2c-6efc-486a-937f-49fa05a42d3f'),
 ('8', '26', 'en_gb', 'Nissan FE Rome', '<p>Event info goes here</p>', NULL, '2019-02-01 00:00:00', '2019-03-01 00:00:00', '2019-02-01 11:31:05', '2019-02-01 15:56:22', 'b37b31cb-06fe-4f0c-b09a-29e8bf8d81a3'),
 ('9', '31', 'en_gb', 'Aperol Spritz', NULL, NULL, NULL, NULL, '2019-02-01 11:40:14', '2019-02-01 11:40:14', '7b675d24-0d63-4a8b-bbf4-c7b4ca31c120'),
 ('10', '36', 'en_gb', 'Sebastien Horizontal', NULL, NULL, NULL, NULL, '2019-02-01 15:21:55', '2019-02-01 15:21:55', '527e5396-168d-4129-970a-e44f4fd97762'),
 ('11', '37', 'en_gb', 'Rowland Horizontal', NULL, NULL, NULL, NULL, '2019-02-01 15:22:07', '2019-02-01 15:22:07', '12af4b2b-de85-41b2-a9e0-6ced0ef50a45'),
 ('12', '43', 'en_gb', 'Cosmo', NULL, NULL, NULL, NULL, '2019-02-01 15:54:55', '2019-02-01 15:54:55', '12bd7f71-2dee-4e9d-a000-6c8d065812ef'),
 ('13', '44', 'en_gb', 'Frozen Margarita', NULL, NULL, NULL, NULL, '2019-02-01 15:54:55', '2019-02-01 15:54:55', '1628b64a-6762-4bd9-83af-738a63fc552d'),
 ('14', '45', 'en_gb', 'Whiskey', NULL, NULL, NULL, NULL, '2019-02-01 15:55:24', '2019-02-01 15:55:24', '0ffd3724-1209-495d-9f7f-03b438d7cb2b');



DROP TABLE IF EXISTS `craft_deprecationerrors`;


--
-- Schema for table `craft_deprecationerrors`
--
CREATE TABLE `craft_deprecationerrors` (
  `id` int(11) NOT NULL AUTO_INCREMENT,
  `key` varchar(255) COLLATE utf8_unicode_ci NOT NULL,
  `fingerprint` varchar(255) COLLATE utf8_unicode_ci NOT NULL,
  `lastOccurrence` datetime NOT NULL,
  `file` varchar(255) COLLATE utf8_unicode_ci NOT NULL,
  `line` smallint(6) unsigned NOT NULL,
  `class` varchar(255) COLLATE utf8_unicode_ci DEFAULT NULL,
  `method` varchar(255) COLLATE utf8_unicode_ci DEFAULT NULL,
  `template` varchar(255) COLLATE utf8_unicode_ci DEFAULT NULL,
  `templateLine` smallint(6) unsigned DEFAULT NULL,
  `message` varchar(255) COLLATE utf8_unicode_ci DEFAULT NULL,
  `traces` text COLLATE utf8_unicode_ci,
  `dateCreated` datetime NOT NULL,
  `dateUpdated` datetime NOT NULL,
  `uid` char(36) COLLATE utf8_unicode_ci NOT NULL DEFAULT '0',
  PRIMARY KEY (`id`),
  UNIQUE KEY `craft_deprecationerrors_key_fingerprint_unq_idx` (`key`,`fingerprint`)
) ENGINE=InnoDB DEFAULT CHARSET=utf8 COLLATE=utf8_unicode_ci;

DROP TABLE IF EXISTS `craft_elementindexsettings`;


--
-- Schema for table `craft_elementindexsettings`
--
CREATE TABLE `craft_elementindexsettings` (
  `id` int(11) NOT NULL AUTO_INCREMENT,
  `type` varchar(150) COLLATE utf8_unicode_ci NOT NULL,
  `settings` text COLLATE utf8_unicode_ci,
  `dateCreated` datetime NOT NULL,
  `dateUpdated` datetime NOT NULL,
  `uid` char(36) COLLATE utf8_unicode_ci NOT NULL DEFAULT '0',
  PRIMARY KEY (`id`),
  UNIQUE KEY `craft_elementindexsettings_type_unq_idx` (`type`)
) ENGINE=InnoDB AUTO_INCREMENT=2 DEFAULT CHARSET=utf8 COLLATE=utf8_unicode_ci;

--
-- Data for table `craft_elementindexsettings`
--

INSERT INTO `craft_elementindexsettings` (`id`, `type`, `settings`, `dateCreated`, `dateUpdated`, `uid`) VALUES
 ('1', 'Entry', '{\"sourceOrder\":[[\"key\",\"*\"],[\"key\",\"singles\"],[\"heading\",\"Channels\"],[\"key\",\"section:2\"],[\"heading\",\"NissanFE event 1\"]],\"sources\":{\"singles\":{\"tableAttributes\":{\"1\":\"link\"}}}}', '2019-02-01 11:25:01', '2019-02-01 11:25:01', '88b0ad9f-24c0-45fc-9761-0a0a717a7d4c');



DROP TABLE IF EXISTS `craft_elements`;


--
-- Schema for table `craft_elements`
--
CREATE TABLE `craft_elements` (
  `id` int(11) NOT NULL AUTO_INCREMENT,
  `type` varchar(150) COLLATE utf8_unicode_ci NOT NULL,
  `enabled` tinyint(1) unsigned NOT NULL DEFAULT '1',
  `archived` tinyint(1) unsigned NOT NULL DEFAULT '0',
  `dateCreated` datetime NOT NULL,
  `dateUpdated` datetime NOT NULL,
  `uid` char(36) COLLATE utf8_unicode_ci NOT NULL DEFAULT '0',
  PRIMARY KEY (`id`),
  KEY `craft_elements_type_idx` (`type`),
  KEY `craft_elements_enabled_idx` (`enabled`),
  KEY `craft_elements_archived_dateCreated_idx` (`archived`,`dateCreated`)
) ENGINE=InnoDB AUTO_INCREMENT=54 DEFAULT CHARSET=utf8 COLLATE=utf8_unicode_ci;

--
-- Data for table `craft_elements`
--

INSERT INTO `craft_elements` (`id`, `type`, `enabled`, `archived`, `dateCreated`, `dateUpdated`, `uid`) VALUES
 ('1', 'User', '1', '0', '2019-02-01 10:24:41', '2019-02-01 10:24:41', '5bf7507f-64ad-47db-8960-a764f5e03867'),
 ('10', 'SproutForms_Form', '1', '0', '2019-02-01 10:37:33', '2019-02-01 16:05:06', '7493976b-3e24-4a1a-b27b-67b5b2f23070'),
 ('15', 'SproutForms_Entry', '1', '0', '2019-02-01 11:10:20', '2019-02-01 16:03:38', '0a92510c-58ff-4183-9e01-bed14f982d0b'),
 ('16', 'SproutForms_Entry', '1', '0', '2019-02-01 11:10:55', '2019-02-01 11:10:55', 'b9c5e3c8-5925-4e2b-8c9d-c1b2cf8aeb44'),
 ('17', 'SproutForms_Entry', '1', '0', '2019-02-01 11:11:24', '2019-02-01 11:11:24', '6a312f47-ec64-4340-95e8-90083aed9363'),
 ('18', 'SproutForms_Entry', '1', '0', '2019-02-01 11:11:54', '2019-02-01 11:11:54', '67df2ddb-c0eb-45af-b744-f9f194842ba6'),
 ('19', 'SproutForms_Entry', '1', '0', '2019-02-01 11:13:14', '2019-02-01 11:13:14', '90e28319-1228-4393-a0f2-8e78dc14caea'),
 ('20', 'SproutForms_Entry', '1', '0', '2019-02-01 11:16:39', '2019-02-01 11:16:39', '676d49ac-1ea2-4cd6-9ed6-8f4432fcb1e2'),
 ('21', 'SproutForms_Entry', '1', '0', '2019-02-01 11:16:57', '2019-02-01 11:16:57', '9d7bde9c-76aa-435d-99e2-a483ecfaff42'),
 ('26', 'Entry', '1', '0', '2019-02-01 11:31:05', '2019-02-01 15:56:22', '2eb2128c-82f8-4951-a32e-0e88d9d2070b'),
 ('31', 'Asset', '1', '0', '2019-02-01 11:40:14', '2019-02-01 11:40:14', '6cefb519-688f-4b59-a6a5-2463691621b7'),
 ('34', 'MatrixBlock', '1', '0', '2019-02-01 15:20:54', '2019-02-01 15:56:22', '721d447c-aec2-4fb1-bd9c-64ede1f2383a'),
 ('35', 'MatrixBlock', '1', '0', '2019-02-01 15:20:54', '2019-02-01 15:56:22', '4421e2b4-cff4-45d8-ac6f-8754f4b02917'),
 ('36', 'Asset', '1', '0', '2019-02-01 15:21:55', '2019-02-01 15:21:55', 'e3bb69bd-5731-4324-b95a-f412b1d32ee6'),
 ('37', 'Asset', '1', '0', '2019-02-01 15:22:07', '2019-02-01 15:22:07', 'f274f545-1b44-49fd-8a38-492cbc8aa2e6'),
 ('38', 'MatrixBlock', '1', '0', '2019-02-01 15:52:32', '2019-02-01 15:56:22', '921f1708-e494-4797-9af0-43f7b86324ff'),
 ('39', 'MatrixBlock', '1', '0', '2019-02-01 15:52:32', '2019-02-01 15:56:22', '25b91aad-ce37-4c64-8346-7610335c8086'),
 ('40', 'MatrixBlock', '1', '0', '2019-02-01 15:52:32', '2019-02-01 15:56:22', '4bec05ee-59bc-4272-86ef-56b647f8254f'),
 ('41', 'MatrixBlock', '1', '0', '2019-02-01 15:52:32', '2019-02-01 15:56:22', 'a2ee5737-4500-4198-bce1-c82c19cce42f'),
 ('42', 'MatrixBlock', '1', '0', '2019-02-01 15:52:59', '2019-02-01 15:56:22', '4a764b5e-f2af-4986-adca-fab4ae12256f'),
 ('43', 'Asset', '1', '0', '2019-02-01 15:54:55', '2019-02-01 15:54:55', 'a5095827-b44c-4403-a0a6-bfebaf3d9a01'),
 ('44', 'Asset', '1', '0', '2019-02-01 15:54:55', '2019-02-01 15:54:55', '3ed8b615-05e7-41a7-9db7-a918780b9bf7'),
 ('45', 'Asset', '1', '0', '2019-02-01 15:55:24', '2019-02-01 15:55:24', '6afe6e4b-f9c7-4c3c-ac94-bdd6f3cc6854'),
 ('46', 'MatrixBlock', '1', '0', '2019-02-01 15:56:07', '2019-02-01 15:56:22', '0ba1662f-1552-47ae-9889-6af021b3abb6'),
 ('47', 'MatrixBlock', '1', '0', '2019-02-01 15:56:07', '2019-02-01 15:56:23', 'ae833551-f8c9-454f-b2bd-171b08b57fea'),
 ('48', 'MatrixBlock', '1', '0', '2019-02-01 15:56:07', '2019-02-01 15:56:23', '8d5321a3-13ff-47ff-861d-1d3480579b69'),
 ('49', 'SproutForms_Entry', '1', '0', '2019-02-01 16:05:11', '2019-02-01 16:05:11', '6af3da55-b6ea-40c3-9d3f-3ea2b20590c5'),
 ('51', 'SproutForms_Entry', '1', '0', '2019-02-01 16:07:16', '2019-02-01 16:07:16', 'fc61ba67-d1a9-40d4-b64c-b5c269df5374'),
 ('52', 'SproutForms_Entry', '1', '0', '2019-02-01 17:11:38', '2019-02-01 17:11:38', '82aa7474-3969-43f3-9f54-a96b5cec466a'),
 ('53', 'SproutForms_Entry', '1', '0', '2019-02-01 17:12:25', '2019-02-01 17:12:25', '76edd14e-1c67-42c9-9093-85b9f7236c41');



DROP TABLE IF EXISTS `craft_elements_i18n`;


--
-- Schema for table `craft_elements_i18n`
--
CREATE TABLE `craft_elements_i18n` (
  `id` int(11) NOT NULL AUTO_INCREMENT,
  `elementId` int(11) NOT NULL,
  `locale` char(12) COLLATE utf8_unicode_ci NOT NULL,
  `slug` varchar(255) COLLATE utf8_unicode_ci DEFAULT NULL,
  `uri` varchar(255) COLLATE utf8_unicode_ci DEFAULT NULL,
  `enabled` tinyint(1) unsigned NOT NULL DEFAULT '1',
  `dateCreated` datetime NOT NULL,
  `dateUpdated` datetime NOT NULL,
  `uid` char(36) COLLATE utf8_unicode_ci NOT NULL DEFAULT '0',
  PRIMARY KEY (`id`),
  UNIQUE KEY `craft_elements_i18n_elementId_locale_unq_idx` (`elementId`,`locale`),
  UNIQUE KEY `craft_elements_i18n_uri_locale_unq_idx` (`uri`,`locale`),
  KEY `craft_elements_i18n_slug_locale_idx` (`slug`,`locale`),
  KEY `craft_elements_i18n_enabled_idx` (`enabled`),
  KEY `craft_elements_i18n_locale_fk` (`locale`)
) ENGINE=InnoDB AUTO_INCREMENT=53 DEFAULT CHARSET=utf8 COLLATE=utf8_unicode_ci;

--
-- Data for table `craft_elements_i18n`
--

INSERT INTO `craft_elements_i18n` (`id`, `elementId`, `locale`, `slug`, `uri`, `enabled`, `dateCreated`, `dateUpdated`, `uid`) VALUES
 ('1', '1', 'en_gb', '', NULL, '1', '2019-02-01 10:24:41', '2019-02-01 10:24:41', '3398b135-89e7-476e-a5c8-cbdc8f170df1'),
 ('9', '10', 'en_gb', '', NULL, '1', '2019-02-01 10:37:33', '2019-02-01 16:05:06', 'f75a7529-d9c3-4b6b-898a-113af7dc0ba9'),
 ('14', '15', 'en_gb', 'fri-01-feb-2019-111020', NULL, '1', '2019-02-01 11:10:20', '2019-02-01 16:03:38', 'f9c0769a-2ea4-4236-b004-b7f16869ad7f'),
 ('15', '16', 'en_gb', 'fri-01-feb-2019-111055', NULL, '1', '2019-02-01 11:10:55', '2019-02-01 11:10:55', '3e52508e-8a2e-41e8-aa65-1b9baaed91f2'),
 ('16', '17', 'en_gb', 'fri-01-feb-2019-111124', NULL, '1', '2019-02-01 11:11:24', '2019-02-01 11:11:24', 'dca196f5-0805-4e0a-9d61-c67eb3c1a63c'),
 ('17', '18', 'en_gb', 'fri-01-feb-2019-111154', NULL, '1', '2019-02-01 11:11:54', '2019-02-01 11:11:54', 'cfe7838e-68e5-4c15-9751-95d7b52a1bc7'),
 ('18', '19', 'en_gb', 'fri-01-feb-2019-111314', NULL, '1', '2019-02-01 11:13:14', '2019-02-01 11:13:14', 'a4004bee-0aa2-41a7-98dc-8bf891db6cc3'),
 ('19', '20', 'en_gb', 'fri-01-feb-2019-111639', NULL, '1', '2019-02-01 11:16:39', '2019-02-01 11:16:39', '04c5d3d7-4709-4ada-b0c3-73454a36c05d'),
 ('20', '21', 'en_gb', 'fri-01-feb-2019-111657', NULL, '1', '2019-02-01 11:16:57', '2019-02-01 11:16:57', '9bb8b5c3-f5f2-4e92-a01b-d2e82995c32b'),
 ('25', '26', 'en_gb', 'nissan-fe-rome', NULL, '1', '2019-02-01 11:31:05', '2019-02-01 15:56:22', '5b8f57a8-0552-4cb0-8ec8-29a21445c32d'),
 ('30', '31', 'en_gb', 'aperol-spritz', NULL, '1', '2019-02-01 11:40:14', '2019-02-01 11:40:14', 'd0ac5a5d-a55d-47b3-a804-76826b5a69cd'),
 ('33', '34', 'en_gb', '', NULL, '1', '2019-02-01 15:20:54', '2019-02-01 15:56:22', '3703e680-6f98-417e-b47c-cc6e34ad1e72'),
 ('34', '35', 'en_gb', '', NULL, '1', '2019-02-01 15:20:54', '2019-02-01 15:56:22', '9e5caa81-4a37-4991-ae74-fcfb882ac218'),
 ('35', '36', 'en_gb', 'sebastien-horizontal', NULL, '1', '2019-02-01 15:21:55', '2019-02-01 15:21:55', '0ef11e79-7acf-4edd-907c-668ee102478c'),
 ('36', '37', 'en_gb', 'rowland-horizontal', NULL, '1', '2019-02-01 15:22:07', '2019-02-01 15:22:07', 'c74ca511-7c82-48b8-99c1-399133d19b04'),
 ('37', '38', 'en_gb', '', NULL, '1', '2019-02-01 15:52:32', '2019-02-01 15:56:22', 'efaf9c29-b846-4d21-aeec-38e6319f90aa'),
 ('38', '39', 'en_gb', '', NULL, '1', '2019-02-01 15:52:32', '2019-02-01 15:56:22', 'becd4b93-562b-46a6-85a1-fe406f392afc'),
 ('39', '40', 'en_gb', '', NULL, '1', '2019-02-01 15:52:32', '2019-02-01 15:56:22', '38fca922-83a9-4043-a364-d74bf4205f02'),
 ('40', '41', 'en_gb', '', NULL, '1', '2019-02-01 15:52:32', '2019-02-01 15:56:22', '7a08c3cb-b6d9-41d8-8efe-09e984e120fc'),
 ('41', '42', 'en_gb', '', NULL, '1', '2019-02-01 15:52:59', '2019-02-01 15:56:22', '8057b1f9-9abe-4b98-b3c4-40256d58a668'),
 ('42', '43', 'en_gb', 'cosmo', NULL, '1', '2019-02-01 15:54:55', '2019-02-01 15:54:55', 'da6bc59d-5918-473e-82e6-5dbf6e298098'),
 ('43', '44', 'en_gb', 'frozen-margarita', NULL, '1', '2019-02-01 15:54:55', '2019-02-01 15:54:55', 'e982eb7b-0d57-4d51-8fa7-0b4eaa332e34'),
 ('44', '45', 'en_gb', 'whiskey', NULL, '1', '2019-02-01 15:55:24', '2019-02-01 15:55:24', '271ed783-28f4-449c-a0fd-c707918dc990'),
 ('45', '46', 'en_gb', '', NULL, '1', '2019-02-01 15:56:07', '2019-02-01 15:56:23', 'bbb98e48-8bb4-4df5-9290-9e9622a47257'),
 ('46', '47', 'en_gb', '', NULL, '1', '2019-02-01 15:56:07', '2019-02-01 15:56:23', '0832be09-0b6a-4d72-90d1-25b6724012f9'),
 ('47', '48', 'en_gb', '', NULL, '1', '2019-02-01 15:56:07', '2019-02-01 15:56:23', '6c465788-4310-49d7-bbdc-e542dfbc3053'),
 ('48', '49', 'en_gb', 'fri-01-feb-2019-160511', NULL, '1', '2019-02-01 16:05:11', '2019-02-01 16:05:11', 'b2c7c711-e251-4354-a8fd-caee3fd20978'),
 ('50', '51', 'en_gb', 'fri-01-feb-2019-160716', NULL, '1', '2019-02-01 16:07:16', '2019-02-01 16:07:16', '0c1b9536-31e0-4c23-a455-8169639c75fd'),
 ('51', '52', 'en_gb', 'fri-01-feb-2019-171138', NULL, '1', '2019-02-01 17:11:38', '2019-02-01 17:11:38', '489ac6f5-f67a-41be-ab15-b86f3911995e'),
 ('52', '53', 'en_gb', 'fri-01-feb-2019-171225', NULL, '1', '2019-02-01 17:12:25', '2019-02-01 17:12:25', '8012e0f6-c46c-4f28-9fa6-debb84f51187');



DROP TABLE IF EXISTS `craft_emailmessages`;


--
-- Schema for table `craft_emailmessages`
--
CREATE TABLE `craft_emailmessages` (
  `id` int(11) NOT NULL AUTO_INCREMENT,
  `key` char(150) COLLATE utf8_unicode_ci NOT NULL,
  `locale` char(12) COLLATE utf8_unicode_ci NOT NULL,
  `subject` varchar(1000) COLLATE utf8_unicode_ci NOT NULL,
  `body` text COLLATE utf8_unicode_ci NOT NULL,
  `dateCreated` datetime NOT NULL,
  `dateUpdated` datetime NOT NULL,
  `uid` char(36) COLLATE utf8_unicode_ci NOT NULL DEFAULT '0',
  PRIMARY KEY (`id`),
  UNIQUE KEY `craft_emailmessages_key_locale_unq_idx` (`key`,`locale`),
  KEY `craft_emailmessages_locale_fk` (`locale`)
) ENGINE=InnoDB DEFAULT CHARSET=utf8 COLLATE=utf8_unicode_ci;

DROP TABLE IF EXISTS `craft_entries`;


--
-- Schema for table `craft_entries`
--
CREATE TABLE `craft_entries` (
  `id` int(11) NOT NULL,
  `sectionId` int(11) NOT NULL,
  `typeId` int(11) DEFAULT NULL,
  `authorId` int(11) DEFAULT NULL,
  `postDate` datetime DEFAULT NULL,
  `expiryDate` datetime DEFAULT NULL,
  `dateCreated` datetime NOT NULL,
  `dateUpdated` datetime NOT NULL,
  `uid` char(36) COLLATE utf8_unicode_ci NOT NULL DEFAULT '0',
  PRIMARY KEY (`id`),
  KEY `craft_entries_sectionId_idx` (`sectionId`),
  KEY `craft_entries_typeId_idx` (`typeId`),
  KEY `craft_entries_postDate_idx` (`postDate`),
  KEY `craft_entries_expiryDate_idx` (`expiryDate`),
  KEY `craft_entries_authorId_fk` (`authorId`)
) ENGINE=InnoDB DEFAULT CHARSET=utf8 COLLATE=utf8_unicode_ci;

--
-- Data for table `craft_entries`
--

INSERT INTO `craft_entries` (`id`, `sectionId`, `typeId`, `authorId`, `postDate`, `expiryDate`, `dateCreated`, `dateUpdated`, `uid`) VALUES
 ('26', '4', '4', '1', '2019-02-01 11:31:00', NULL, '2019-02-01 11:31:05', '2019-02-01 15:56:23', 'c008aab1-3437-405c-ba70-5227b6742f81');



DROP TABLE IF EXISTS `craft_entrydrafts`;


--
-- Schema for table `craft_entrydrafts`
--
CREATE TABLE `craft_entrydrafts` (
  `id` int(11) NOT NULL AUTO_INCREMENT,
  `entryId` int(11) NOT NULL,
  `sectionId` int(11) NOT NULL,
  `creatorId` int(11) NOT NULL,
  `locale` char(12) COLLATE utf8_unicode_ci NOT NULL,
  `name` varchar(255) COLLATE utf8_unicode_ci NOT NULL,
  `notes` tinytext COLLATE utf8_unicode_ci,
  `data` mediumtext COLLATE utf8_unicode_ci NOT NULL,
  `dateCreated` datetime NOT NULL,
  `dateUpdated` datetime NOT NULL,
  `uid` char(36) COLLATE utf8_unicode_ci NOT NULL DEFAULT '0',
  PRIMARY KEY (`id`),
  KEY `craft_entrydrafts_entryId_locale_idx` (`entryId`,`locale`),
  KEY `craft_entrydrafts_sectionId_fk` (`sectionId`),
  KEY `craft_entrydrafts_creatorId_fk` (`creatorId`),
  KEY `craft_entrydrafts_locale_fk` (`locale`)
) ENGINE=InnoDB DEFAULT CHARSET=utf8 COLLATE=utf8_unicode_ci;

DROP TABLE IF EXISTS `craft_entrytypes`;


--
-- Schema for table `craft_entrytypes`
--
CREATE TABLE `craft_entrytypes` (
  `id` int(11) NOT NULL AUTO_INCREMENT,
  `sectionId` int(11) NOT NULL,
  `fieldLayoutId` int(11) DEFAULT NULL,
  `name` varchar(255) COLLATE utf8_unicode_ci NOT NULL,
  `handle` varchar(255) COLLATE utf8_unicode_ci NOT NULL,
  `hasTitleField` tinyint(1) unsigned NOT NULL DEFAULT '1',
  `titleLabel` varchar(255) COLLATE utf8_unicode_ci DEFAULT 'Title',
  `titleFormat` varchar(255) COLLATE utf8_unicode_ci DEFAULT NULL,
  `sortOrder` smallint(6) unsigned DEFAULT NULL,
  `dateCreated` datetime NOT NULL,
  `dateUpdated` datetime NOT NULL,
  `uid` char(36) COLLATE utf8_unicode_ci NOT NULL DEFAULT '0',
  PRIMARY KEY (`id`),
  UNIQUE KEY `craft_entrytypes_name_sectionId_unq_idx` (`name`,`sectionId`),
  UNIQUE KEY `craft_entrytypes_handle_sectionId_unq_idx` (`handle`,`sectionId`),
  KEY `craft_entrytypes_sectionId_fk` (`sectionId`),
  KEY `craft_entrytypes_fieldLayoutId_fk` (`fieldLayoutId`)
) ENGINE=InnoDB AUTO_INCREMENT=6 DEFAULT CHARSET=utf8 COLLATE=utf8_unicode_ci;

--
-- Data for table `craft_entrytypes`
--

INSERT INTO `craft_entrytypes` (`id`, `sectionId`, `fieldLayoutId`, `name`, `handle`, `hasTitleField`, `titleLabel`, `titleFormat`, `sortOrder`, `dateCreated`, `dateUpdated`, `uid`) VALUES
 ('4', '4', '45', 'Events', 'event', '1', 'Title', NULL, '1', '2019-02-01 11:28:56', '2019-02-01 15:51:02', '239b23c9-ff09-4938-8a39-493bec8bfd2a');



DROP TABLE IF EXISTS `craft_entryversions`;


--
-- Schema for table `craft_entryversions`
--
CREATE TABLE `craft_entryversions` (
  `id` int(11) NOT NULL AUTO_INCREMENT,
  `entryId` int(11) NOT NULL,
  `sectionId` int(11) NOT NULL,
  `creatorId` int(11) DEFAULT NULL,
  `locale` char(12) COLLATE utf8_unicode_ci NOT NULL,
  `num` smallint(6) unsigned NOT NULL,
  `notes` tinytext COLLATE utf8_unicode_ci,
  `data` mediumtext COLLATE utf8_unicode_ci NOT NULL,
  `dateCreated` datetime NOT NULL,
  `dateUpdated` datetime NOT NULL,
  `uid` char(36) COLLATE utf8_unicode_ci NOT NULL DEFAULT '0',
  PRIMARY KEY (`id`),
  KEY `craft_entryversions_entryId_locale_idx` (`entryId`,`locale`),
  KEY `craft_entryversions_sectionId_fk` (`sectionId`),
  KEY `craft_entryversions_creatorId_fk` (`creatorId`),
  KEY `craft_entryversions_locale_fk` (`locale`)
) ENGINE=InnoDB AUTO_INCREMENT=22 DEFAULT CHARSET=utf8 COLLATE=utf8_unicode_ci;

--
-- Data for table `craft_entryversions`
--

INSERT INTO `craft_entryversions` (`id`, `entryId`, `sectionId`, `creatorId`, `locale`, `num`, `notes`, `data`, `dateCreated`, `dateUpdated`, `uid`) VALUES
 ('7', '26', '4', '1', 'en_gb', '1', '', '{\"typeId\":null,\"authorId\":\"1\",\"title\":\"Drivers Event 1\",\"slug\":\"drivers-event-1\",\"postDate\":1549020665,\"expiryDate\":null,\"enabled\":1,\"parentId\":null,\"fields\":[]}', '2019-02-01 11:31:05', '2019-02-01 11:31:05', '500d76db-6006-414b-baa8-170c1f637b84'),
 ('13', '26', '4', '1', 'en_gb', '2', '', '{\"typeId\":\"4\",\"authorId\":\"1\",\"title\":\"Drivers Event 1\",\"slug\":\"drivers-event-1\",\"postDate\":1549020660,\"expiryDate\":null,\"enabled\":1,\"parentId\":null,\"fields\":{\"53\":{\"34\":{\"type\":\"driver\",\"enabled\":\"1\",\"fields\":{\"first_name\":\"Sebastien\",\"last_name\":\"Buemi\",\"image_large\":\"\",\"image_medium\":\"\"}},\"35\":{\"type\":\"driver\",\"enabled\":\"1\",\"fields\":{\"first_name\":\"Oliver\",\"last_name\":\"Rowland\",\"image_large\":\"\",\"image_medium\":\"\"}}}}}', '2019-02-01 15:20:54', '2019-02-01 15:20:54', 'a1f40a38-4580-4f25-8793-6bf076f5c76e'),
 ('14', '26', '4', '1', 'en_gb', '3', '', '{\"typeId\":\"4\",\"authorId\":\"1\",\"title\":\"Drivers Event 1\",\"slug\":\"drivers-event-1\",\"postDate\":1549020660,\"expiryDate\":null,\"enabled\":1,\"parentId\":null,\"fields\":{\"53\":{\"34\":{\"type\":\"driver\",\"enabled\":\"1\",\"fields\":{\"first_name\":\"Sebastien\",\"last_name\":\"Buemi\",\"image_large\":[\"36\"],\"image_medium\":\"\"}},\"35\":{\"type\":\"driver\",\"enabled\":\"1\",\"fields\":{\"first_name\":\"Oliver\",\"last_name\":\"Rowland\",\"image_large\":[\"37\"],\"image_medium\":\"\"}}}}}', '2019-02-01 15:22:10', '2019-02-01 15:22:10', '3493f995-8520-48ab-b026-d401ff43a409'),
 ('15', '26', '4', '1', 'en_gb', '4', '', '{\"typeId\":\"4\",\"authorId\":\"1\",\"title\":\"Drivers Event 1\",\"slug\":\"drivers-event-1\",\"postDate\":1549020660,\"expiryDate\":null,\"enabled\":1,\"parentId\":null,\"fields\":{\"1\":\"<p>Event info goes here<\\/p>\",\"47\":[],\"49\":[],\"53\":{\"34\":{\"type\":\"driver\",\"enabled\":\"1\",\"fields\":{\"first_name\":\"Sebastien\",\"last_name\":\"Buemi\",\"image_large\":[\"36\"],\"image_medium\":\"\"}},\"35\":{\"type\":\"driver\",\"enabled\":\"1\",\"fields\":{\"first_name\":\"Oliver\",\"last_name\":\"Rowland\",\"image_large\":[\"37\"],\"image_medium\":\"\"}}}}}', '2019-02-01 15:48:40', '2019-02-01 15:48:40', '26180783-73be-40f3-bee1-b453e4d06d2b'),
 ('16', '26', '4', '1', 'en_gb', '5', '', '{\"typeId\":\"4\",\"authorId\":\"1\",\"title\":\"Nissan FE Rome\",\"slug\":\"drivers-event-1\",\"postDate\":1549020660,\"expiryDate\":null,\"enabled\":1,\"parentId\":null,\"fields\":{\"1\":\"<p>Event info goes here<\\/p>\",\"47\":[],\"49\":[],\"53\":{\"34\":{\"type\":\"driver\",\"enabled\":\"1\",\"fields\":{\"first_name\":\"Sebastien\",\"last_name\":\"Buemi\",\"image_large\":[\"36\"],\"image_medium\":\"\"}},\"35\":{\"type\":\"driver\",\"enabled\":\"1\",\"fields\":{\"first_name\":\"Oliver\",\"last_name\":\"Rowland\",\"image_large\":[\"37\"],\"image_medium\":\"\"}}}}}', '2019-02-01 15:50:43', '2019-02-01 15:50:43', 'bfa0d118-a87d-4a76-9558-0bda51c6b867'),
 ('17', '26', '4', '1', 'en_gb', '6', '', '{\"typeId\":\"4\",\"authorId\":\"1\",\"title\":\"Nissan FE Rome\",\"slug\":\"drivers-event-1\",\"postDate\":1549020660,\"expiryDate\":null,\"enabled\":1,\"parentId\":null,\"fields\":{\"1\":\"<p>Event info goes here<\\/p>\",\"47\":[],\"49\":[],\"53\":{\"34\":{\"type\":\"driver\",\"enabled\":\"1\",\"fields\":{\"first_name\":\"Sebastien\",\"last_name\":\"Buemi\",\"image_large\":[\"36\"],\"image_medium\":\"\"}},\"35\":{\"type\":\"driver\",\"enabled\":\"1\",\"fields\":{\"first_name\":\"Oliver\",\"last_name\":\"Rowland\",\"image_large\":[\"37\"],\"image_medium\":\"\"}}},\"59\":{\"date\":\"01\\/03\\/2019\"},\"58\":{\"date\":\"01\\/02\\/2019\"}}}', '2019-02-01 15:51:12', '2019-02-01 15:51:12', '65632ce6-ff94-41c4-bed4-17bb767258b8'),
 ('18', '26', '4', '1', 'en_gb', '7', '', '{\"typeId\":\"4\",\"authorId\":\"1\",\"title\":\"Nissan FE Rome\",\"slug\":\"drivers-event-1\",\"postDate\":1549020660,\"expiryDate\":null,\"enabled\":1,\"parentId\":null,\"fields\":{\"1\":\"<p>Event info goes here<\\/p>\",\"47\":{\"38\":{\"type\":\"colour\",\"enabled\":\"1\",\"fields\":{\"colour\":\"#fa0a32\"}},\"39\":{\"type\":\"colour\",\"enabled\":\"1\",\"fields\":{\"colour\":\"#00d9ff\"}},\"40\":{\"type\":\"colour\",\"enabled\":\"1\",\"fields\":{\"colour\":\"#0afc57\"}},\"41\":{\"type\":\"colour\",\"enabled\":\"1\",\"fields\":{\"colour\":\"#e1ff00\"}}},\"49\":[],\"53\":{\"34\":{\"type\":\"driver\",\"enabled\":\"1\",\"fields\":{\"first_name\":\"Sebastien\",\"last_name\":\"Buemi\",\"image_large\":[\"36\"],\"image_medium\":\"\"}},\"35\":{\"type\":\"driver\",\"enabled\":\"1\",\"fields\":{\"first_name\":\"Oliver\",\"last_name\":\"Rowland\",\"image_large\":[\"37\"],\"image_medium\":\"\"}}},\"59\":{\"date\":\"01\\/03\\/2019\"},\"58\":{\"date\":\"01\\/02\\/2019\"}}}', '2019-02-01 15:52:32', '2019-02-01 15:52:32', 'da5c3a0c-0ea4-40cf-8dbc-7b3177cbb7ec'),
 ('19', '26', '4', '1', 'en_gb', '8', '', '{\"typeId\":\"4\",\"authorId\":\"1\",\"title\":\"Nissan FE Rome\",\"slug\":\"drivers-event-1\",\"postDate\":1549020660,\"expiryDate\":null,\"enabled\":1,\"parentId\":null,\"fields\":{\"1\":\"<p>Event info goes here<\\/p>\",\"47\":{\"38\":{\"type\":\"colour\",\"enabled\":\"1\",\"fields\":{\"colour\":\"#fa0a32\"}},\"39\":{\"type\":\"colour\",\"enabled\":\"1\",\"fields\":{\"colour\":\"#00d9ff\"}},\"40\":{\"type\":\"colour\",\"enabled\":\"1\",\"fields\":{\"colour\":\"#0afc57\"}},\"41\":{\"type\":\"colour\",\"enabled\":\"1\",\"fields\":{\"colour\":\"#e1ff00\"}}},\"49\":{\"42\":{\"type\":\"drink\",\"enabled\":\"1\",\"fields\":{\"drink_title\":\"Spritz\",\"drink_body\":\"Venetian style spritz\",\"drink_image\":[\"31\"]}}},\"53\":{\"34\":{\"type\":\"driver\",\"enabled\":\"1\",\"fields\":{\"first_name\":\"Sebastien\",\"last_name\":\"Buemi\",\"image_large\":[\"36\"],\"image_medium\":\"\"}},\"35\":{\"type\":\"driver\",\"enabled\":\"1\",\"fields\":{\"first_name\":\"Oliver\",\"last_name\":\"Rowland\",\"image_large\":[\"37\"],\"image_medium\":\"\"}}},\"59\":{\"date\":\"01\\/03\\/2019\"},\"58\":{\"date\":\"01\\/02\\/2019\"}}}', '2019-02-01 15:52:59', '2019-02-01 15:52:59', 'd8b73785-7ade-4bc2-909e-ae38e0ea97c9'),
 ('20', '26', '4', '1', 'en_gb', '9', '', '{\"typeId\":\"4\",\"authorId\":\"1\",\"title\":\"Nissan FE Rome\",\"slug\":\"drivers-event-1\",\"postDate\":1549020660,\"expiryDate\":null,\"enabled\":1,\"parentId\":null,\"fields\":{\"1\":\"<p>Event info goes here<\\/p>\",\"47\":{\"38\":{\"type\":\"colour\",\"enabled\":\"1\",\"fields\":{\"colour\":\"#fa0a32\"}},\"39\":{\"type\":\"colour\",\"enabled\":\"1\",\"fields\":{\"colour\":\"#00d9ff\"}},\"40\":{\"type\":\"colour\",\"enabled\":\"1\",\"fields\":{\"colour\":\"#0afc57\"}},\"41\":{\"type\":\"colour\",\"enabled\":\"1\",\"fields\":{\"colour\":\"#e1ff00\"}}},\"49\":{\"42\":{\"type\":\"drink\",\"enabled\":\"1\",\"fields\":{\"drink_title\":\"Spritz\",\"drink_body\":\"Venetian style spritz\",\"drink_image\":[\"31\"]}},\"46\":{\"type\":\"drink\",\"enabled\":\"1\",\"fields\":{\"drink_title\":\"Cosmo\",\"drink_body\":\"Cosmopolitan Metro\",\"drink_image\":[\"43\"]}},\"47\":{\"type\":\"drink\",\"enabled\":\"1\",\"fields\":{\"drink_title\":\"Whiskey\",\"drink_body\":\"On the rocks\",\"drink_image\":[\"45\"]}},\"48\":{\"type\":\"drink\",\"enabled\":\"1\",\"fields\":{\"drink_title\":\"Margarita\",\"drink_body\":\"Frozen solid\",\"drink_image\":[\"44\"]}}},\"53\":{\"34\":{\"type\":\"driver\",\"enabled\":\"1\",\"fields\":{\"first_name\":\"Sebastien\",\"last_name\":\"Buemi\",\"image_large\":[\"36\"],\"image_medium\":\"\"}},\"35\":{\"type\":\"driver\",\"enabled\":\"1\",\"fields\":{\"first_name\":\"Oliver\",\"last_name\":\"Rowland\",\"image_large\":[\"37\"],\"image_medium\":\"\"}}},\"59\":{\"date\":\"01\\/03\\/2019\"},\"58\":{\"date\":\"01\\/02\\/2019\"}}}', '2019-02-01 15:56:07', '2019-02-01 15:56:07', 'b451e43c-385f-4e0d-8e2e-36d3173967c1'),
 ('21', '26', '4', '1', 'en_gb', '10', '', '{\"typeId\":\"4\",\"authorId\":\"1\",\"title\":\"Nissan FE Rome\",\"slug\":\"nissan-fe-rome\",\"postDate\":1549020660,\"expiryDate\":null,\"enabled\":1,\"parentId\":null,\"fields\":{\"1\":\"<p>Event info goes here<\\/p>\",\"47\":{\"38\":{\"type\":\"colour\",\"enabled\":\"1\",\"fields\":{\"colour\":\"#fa0a32\"}},\"39\":{\"type\":\"colour\",\"enabled\":\"1\",\"fields\":{\"colour\":\"#00d9ff\"}},\"40\":{\"type\":\"colour\",\"enabled\":\"1\",\"fields\":{\"colour\":\"#0afc57\"}},\"41\":{\"type\":\"colour\",\"enabled\":\"1\",\"fields\":{\"colour\":\"#e1ff00\"}}},\"49\":{\"42\":{\"type\":\"drink\",\"enabled\":\"1\",\"fields\":{\"drink_title\":\"Spritz\",\"drink_body\":\"Venetian style spritz\",\"drink_image\":[\"31\"]}},\"46\":{\"type\":\"drink\",\"enabled\":\"1\",\"fields\":{\"drink_title\":\"Cosmo\",\"drink_body\":\"Cosmopolitan Metro\",\"drink_image\":[\"43\"]}},\"47\":{\"type\":\"drink\",\"enabled\":\"1\",\"fields\":{\"drink_title\":\"Whiskey\",\"drink_body\":\"On the rocks\",\"drink_image\":[\"45\"]}},\"48\":{\"type\":\"drink\",\"enabled\":\"1\",\"fields\":{\"drink_title\":\"Margarita\",\"drink_body\":\"Frozen solid\",\"drink_image\":[\"44\"]}}},\"53\":{\"34\":{\"type\":\"driver\",\"enabled\":\"1\",\"fields\":{\"first_name\":\"Sebastien\",\"last_name\":\"Buemi\",\"image_large\":[\"36\"],\"image_medium\":\"\"}},\"35\":{\"type\":\"driver\",\"enabled\":\"1\",\"fields\":{\"first_name\":\"Oliver\",\"last_name\":\"Rowland\",\"image_large\":[\"37\"],\"image_medium\":\"\"}}},\"59\":{\"date\":\"01\\/03\\/2019\"},\"58\":{\"date\":\"01\\/02\\/2019\"}}}', '2019-02-01 15:56:23', '2019-02-01 15:56:23', '9b2d4c00-4c81-4bfc-a7f4-10399fb94e76');



DROP TABLE IF EXISTS `craft_fieldgroups`;


--
-- Schema for table `craft_fieldgroups`
--
CREATE TABLE `craft_fieldgroups` (
  `id` int(11) NOT NULL AUTO_INCREMENT,
  `name` varchar(255) COLLATE utf8_unicode_ci NOT NULL,
  `dateCreated` datetime NOT NULL,
  `dateUpdated` datetime NOT NULL,
  `uid` char(36) COLLATE utf8_unicode_ci NOT NULL DEFAULT '0',
  PRIMARY KEY (`id`),
  UNIQUE KEY `craft_fieldgroups_name_unq_idx` (`name`)
) ENGINE=InnoDB AUTO_INCREMENT=2 DEFAULT CHARSET=utf8 COLLATE=utf8_unicode_ci;

--
-- Data for table `craft_fieldgroups`
--

INSERT INTO `craft_fieldgroups` (`id`, `name`, `dateCreated`, `dateUpdated`, `uid`) VALUES
 ('1', 'Default', '2019-02-01 10:24:41', '2019-02-01 10:24:41', '558e4778-07d2-458c-84b7-995e539dbee7');



DROP TABLE IF EXISTS `craft_fieldlayoutfields`;


--
-- Schema for table `craft_fieldlayoutfields`
--
CREATE TABLE `craft_fieldlayoutfields` (
  `id` int(11) NOT NULL AUTO_INCREMENT,
  `layoutId` int(11) NOT NULL,
  `tabId` int(11) NOT NULL,
  `fieldId` int(11) NOT NULL,
  `required` tinyint(1) unsigned NOT NULL DEFAULT '0',
  `sortOrder` smallint(6) unsigned DEFAULT NULL,
  `dateCreated` datetime NOT NULL,
  `dateUpdated` datetime NOT NULL,
  `uid` char(36) COLLATE utf8_unicode_ci NOT NULL DEFAULT '0',
  PRIMARY KEY (`id`),
  UNIQUE KEY `craft_fieldlayoutfields_layoutId_fieldId_unq_idx` (`layoutId`,`fieldId`),
  KEY `craft_fieldlayoutfields_sortOrder_idx` (`sortOrder`),
  KEY `craft_fieldlayoutfields_tabId_fk` (`tabId`),
  KEY `craft_fieldlayoutfields_fieldId_fk` (`fieldId`)
) ENGINE=InnoDB AUTO_INCREMENT=195 DEFAULT CHARSET=utf8 COLLATE=utf8_unicode_ci;

--
-- Data for table `craft_fieldlayoutfields`
--

INSERT INTO `craft_fieldlayoutfields` (`id`, `layoutId`, `tabId`, `fieldId`, `required`, `sortOrder`, `dateCreated`, `dateUpdated`, `uid`) VALUES
 ('135', '38', '28', '48', '0', '1', '2019-02-01 15:16:32', '2019-02-01 15:16:32', 'ed6ff43f-29cb-44ca-a0be-9766a04dd737'),
 ('153', '45', '38', '1', '0', '1', '2019-02-01 15:51:02', '2019-02-01 15:51:02', '77aa7e9f-2bc2-4ab4-95f1-2c6fa21b4eb7'),
 ('154', '45', '38', '58', '0', '2', '2019-02-01 15:51:02', '2019-02-01 15:51:02', '95a94003-1313-4855-8ff1-be4c26483d6f'),
 ('155', '45', '38', '59', '0', '3', '2019-02-01 15:51:02', '2019-02-01 15:51:02', 'b05f26ca-a8d1-4aa1-883b-a18f8bba482d'),
 ('156', '45', '39', '53', '0', '1', '2019-02-01 15:51:02', '2019-02-01 15:51:02', '23fa089b-17ba-439f-98f1-7cf4fa381970'),
 ('157', '45', '40', '47', '0', '1', '2019-02-01 15:51:02', '2019-02-01 15:51:02', '99d6c15b-89fe-4941-a08b-a9206e87c033'),
 ('158', '45', '41', '49', '0', '1', '2019-02-01 15:51:02', '2019-02-01 15:51:02', '1f452e47-9d64-456c-8391-d6b06815f481'),
 ('159', '46', '42', '54', '0', '1', '2019-02-01 15:51:47', '2019-02-01 15:51:47', '8f1bf644-0c85-4160-893a-203e870cfb3d'),
 ('160', '46', '42', '55', '0', '2', '2019-02-01 15:51:47', '2019-02-01 15:51:47', 'cb45bb51-3fae-4b67-99f1-9b8ec4206112'),
 ('161', '46', '42', '56', '0', '3', '2019-02-01 15:51:47', '2019-02-01 15:51:47', 'd2db2e3a-d39b-4669-8115-2739b53515c5'),
 ('162', '46', '42', '57', '0', '4', '2019-02-01 15:51:47', '2019-02-01 15:51:47', '78e89de9-105c-472a-827f-6f7c2dd95d03'),
 ('163', '47', '43', '50', '0', '1', '2019-02-01 15:51:57', '2019-02-01 15:51:57', '5e4107d3-8634-437d-95b1-4179edd2a2a6'),
 ('164', '47', '43', '51', '0', '2', '2019-02-01 15:51:57', '2019-02-01 15:51:57', 'f30c7e82-d39f-49cc-a4a5-fce08a4ff580'),
 ('165', '47', '43', '52', '0', '3', '2019-02-01 15:51:57', '2019-02-01 15:51:57', '3df3c8cd-d97e-449a-b86e-69d4178fffb0'),
 ('181', '49', '45', '34', '0', '1', '2019-02-01 16:05:06', '2019-02-01 16:05:06', '9285c4e8-efad-457c-bb46-6b9d4631ddbc'),
 ('182', '49', '45', '35', '0', '2', '2019-02-01 16:05:06', '2019-02-01 16:05:06', '5379fc70-261e-45c0-92c3-2420eaa53d89'),
 ('183', '49', '45', '36', '0', '3', '2019-02-01 16:05:06', '2019-02-01 16:05:06', 'c8a137c9-2dcb-4d8b-ab47-f475d3ced6c5'),
 ('184', '49', '45', '37', '0', '4', '2019-02-01 16:05:06', '2019-02-01 16:05:06', '5f48c470-aac9-451f-83c4-96fe39ec1599'),
 ('185', '49', '45', '38', '0', '5', '2019-02-01 16:05:06', '2019-02-01 16:05:06', '0a6c30ba-1c45-4d1d-ad15-f67412ee69c5'),
 ('186', '49', '45', '39', '0', '6', '2019-02-01 16:05:06', '2019-02-01 16:05:06', '7e6d734d-3312-4f41-925d-9b8f6da870d8'),
 ('187', '49', '45', '40', '0', '7', '2019-02-01 16:05:06', '2019-02-01 16:05:06', 'c2651bdb-b0cd-42ef-bc1d-c65760206f37'),
 ('188', '49', '45', '41', '0', '8', '2019-02-01 16:05:06', '2019-02-01 16:05:06', '3c4aef56-fb37-42be-9e62-7a134590cbcd'),
 ('189', '49', '45', '42', '0', '9', '2019-02-01 16:05:06', '2019-02-01 16:05:06', '3aa42590-e492-4665-843f-8753923b8229'),
 ('190', '49', '45', '43', '0', '10', '2019-02-01 16:05:06', '2019-02-01 16:05:06', 'a8f4be82-8202-42d8-908c-058360175ee1'),
 ('191', '49', '45', '44', '0', '11', '2019-02-01 16:05:06', '2019-02-01 16:05:06', '15eb57a1-05a7-49d0-88b4-222a0bad6913'),
 ('192', '49', '45', '45', '0', '12', '2019-02-01 16:05:06', '2019-02-01 16:05:06', '14820d50-1d91-4c91-b640-f768f0e4167a'),
 ('193', '49', '45', '46', '0', '13', '2019-02-01 16:05:06', '2019-02-01 16:05:06', 'a3a7d2be-9703-4cad-8b9b-ddf5cf98b696'),
 ('194', '49', '45', '60', '0', '14', '2019-02-01 16:05:06', '2019-02-01 16:05:06', '0bd41017-20f9-4931-84b2-8a5a2dc0f0a1');



DROP TABLE IF EXISTS `craft_fieldlayouts`;


--
-- Schema for table `craft_fieldlayouts`
--
CREATE TABLE `craft_fieldlayouts` (
  `id` int(11) NOT NULL AUTO_INCREMENT,
  `type` varchar(150) COLLATE utf8_unicode_ci NOT NULL,
  `dateCreated` datetime NOT NULL,
  `dateUpdated` datetime NOT NULL,
  `uid` char(36) COLLATE utf8_unicode_ci NOT NULL DEFAULT '0',
  PRIMARY KEY (`id`),
  KEY `craft_fieldlayouts_type_idx` (`type`)
) ENGINE=InnoDB AUTO_INCREMENT=50 DEFAULT CHARSET=utf8 COLLATE=utf8_unicode_ci;

--
-- Data for table `craft_fieldlayouts`
--

INSERT INTO `craft_fieldlayouts` (`id`, `type`, `dateCreated`, `dateUpdated`, `uid`) VALUES
 ('1', 'Tag', '2019-02-01 10:24:41', '2019-02-01 10:24:41', '2ece45e7-ab6c-47c7-b8a3-c4e671a80de8'),
 ('33', 'Asset', '2019-02-01 11:37:40', '2019-02-01 11:37:40', '2c808bc0-6691-431a-b895-8e7e12a38af2'),
 ('38', 'MatrixBlock', '2019-02-01 15:16:32', '2019-02-01 15:16:32', '50e9b440-50f4-4293-84be-bb24e05bd640'),
 ('45', 'Entry', '2019-02-01 15:51:02', '2019-02-01 15:51:02', '4b9a4dd4-2c65-47f7-8c89-eef9d75440c5'),
 ('46', 'MatrixBlock', '2019-02-01 15:51:47', '2019-02-01 15:51:47', '4ae7f5f7-e2a0-4512-a985-3af5a3061b37'),
 ('47', 'MatrixBlock', '2019-02-01 15:51:57', '2019-02-01 15:51:57', 'ccf4c886-0a97-4b14-b93b-8402df9fba4d'),
 ('49', 'SproutForms_Form', '2019-02-01 16:05:06', '2019-02-01 16:05:06', '745949f5-32b7-47c8-bb63-8dc3f7d1dfab');



DROP TABLE IF EXISTS `craft_fieldlayouttabs`;


--
-- Schema for table `craft_fieldlayouttabs`
--
CREATE TABLE `craft_fieldlayouttabs` (
  `id` int(11) NOT NULL AUTO_INCREMENT,
  `layoutId` int(11) NOT NULL,
  `name` varchar(255) COLLATE utf8_unicode_ci NOT NULL,
  `sortOrder` smallint(6) unsigned DEFAULT NULL,
  `dateCreated` datetime NOT NULL,
  `dateUpdated` datetime NOT NULL,
  `uid` char(36) COLLATE utf8_unicode_ci NOT NULL DEFAULT '0',
  PRIMARY KEY (`id`),
  KEY `craft_fieldlayouttabs_sortOrder_idx` (`sortOrder`),
  KEY `craft_fieldlayouttabs_layoutId_fk` (`layoutId`)
) ENGINE=InnoDB AUTO_INCREMENT=46 DEFAULT CHARSET=utf8 COLLATE=utf8_unicode_ci;

--
-- Data for table `craft_fieldlayouttabs`
--

INSERT INTO `craft_fieldlayouttabs` (`id`, `layoutId`, `name`, `sortOrder`, `dateCreated`, `dateUpdated`, `uid`) VALUES
 ('28', '38', 'Content', '1', '2019-02-01 15:16:32', '2019-02-01 15:16:32', '7b8a1092-8656-4a60-96ad-ff5f9b97e0d2'),
 ('38', '45', 'Event Info', '1', '2019-02-01 15:51:02', '2019-02-01 15:51:02', 'b16efefc-d2a6-4096-8883-a292477d42ba'),
 ('39', '45', 'Drivers', '2', '2019-02-01 15:51:02', '2019-02-01 15:51:02', '8f655d73-b1e0-4457-821c-de9af9ed4d27'),
 ('40', '45', 'Colours', '3', '2019-02-01 15:51:02', '2019-02-01 15:51:02', '518933d4-22ea-4d20-a302-eb43e9119e0f'),
 ('41', '45', 'Drinks', '4', '2019-02-01 15:51:02', '2019-02-01 15:51:02', '81396f73-bf22-4603-a783-39a5475e6b69'),
 ('42', '46', 'Content', '1', '2019-02-01 15:51:47', '2019-02-01 15:51:47', 'dbb764aa-d820-44bc-8b50-19ee31d8cdb4'),
 ('43', '47', 'Content', '1', '2019-02-01 15:51:57', '2019-02-01 15:51:57', 'e9f0e264-0dec-4243-9ac5-fa69d5473abf'),
 ('45', '49', 'Tab 1', '1', '2019-02-01 16:05:06', '2019-02-01 16:05:06', 'f36855b1-30ee-4c79-b2fa-a1cbd65d7687');



DROP TABLE IF EXISTS `craft_fields`;


--
-- Schema for table `craft_fields`
--
CREATE TABLE `craft_fields` (
  `id` int(11) NOT NULL AUTO_INCREMENT,
  `groupId` int(11) DEFAULT NULL,
  `name` varchar(255) COLLATE utf8_unicode_ci NOT NULL,
  `handle` varchar(58) COLLATE utf8_unicode_ci NOT NULL,
  `context` varchar(255) COLLATE utf8_unicode_ci NOT NULL DEFAULT 'global',
  `instructions` text COLLATE utf8_unicode_ci,
  `translatable` tinyint(1) unsigned NOT NULL DEFAULT '0',
  `type` varchar(150) COLLATE utf8_unicode_ci NOT NULL,
  `settings` text COLLATE utf8_unicode_ci,
  `dateCreated` datetime NOT NULL,
  `dateUpdated` datetime NOT NULL,
  `uid` char(36) COLLATE utf8_unicode_ci NOT NULL DEFAULT '0',
  PRIMARY KEY (`id`),
  UNIQUE KEY `craft_fields_handle_context_unq_idx` (`handle`,`context`),
  KEY `craft_fields_context_idx` (`context`),
  KEY `craft_fields_groupId_fk` (`groupId`)
) ENGINE=InnoDB AUTO_INCREMENT=61 DEFAULT CHARSET=utf8 COLLATE=utf8_unicode_ci;

--
-- Data for table `craft_fields`
--

INSERT INTO `craft_fields` (`id`, `groupId`, `name`, `handle`, `context`, `instructions`, `translatable`, `type`, `settings`, `dateCreated`, `dateUpdated`, `uid`) VALUES
 ('1', '1', 'Body', 'body', 'global', NULL, '1', 'RichText', '{\"configFile\":\"Standard.json\",\"columnType\":\"text\"}', '2019-02-01 10:24:41', '2019-02-01 10:24:41', 'bd264074-23ff-4b36-ae91-4f2feae7c020'),
 ('2', '1', 'Tags', 'tags', 'global', NULL, '0', 'Tags', '{\"source\":\"taggroup:1\"}', '2019-02-01 10:24:41', '2019-02-01 10:24:41', '45255eb6-3efd-49c4-9972-55148d98d07f'),
 ('34', NULL, 'userid', 'userid', 'sproutForms:10', '', '0', 'Number', '{\"min\":\"0\",\"max\":\"\",\"decimals\":\"0\"}', '2019-02-01 10:38:18', '2019-02-01 10:38:18', '2a706479-7f5b-4e12-9d3d-adb466aab54a'),
 ('35', NULL, 'rfid', 'rfid', 'sproutForms:10', '', '0', 'PlainText', '{\"placeholder\":\"\",\"maxLength\":\"\",\"multiline\":\"\",\"initialRows\":\"4\"}', '2019-02-01 10:38:26', '2019-02-01 10:38:26', 'eab0aec8-0f77-4b0b-8b09-e2c5b2d5de6a'),
 ('36', NULL, 'firstname', 'firstname', 'sproutForms:10', '', '0', 'PlainText', '{\"placeholder\":\"\",\"maxLength\":\"\",\"multiline\":\"\",\"initialRows\":\"4\"}', '2019-02-01 10:38:33', '2019-02-01 10:38:33', 'c8f848c4-df69-41b5-a85b-6f7adaff305d'),
 ('37', NULL, 'lastname', 'lastname', 'sproutForms:10', '', '0', 'PlainText', '{\"placeholder\":\"\",\"maxLength\":\"\",\"multiline\":\"\",\"initialRows\":\"4\"}', '2019-02-01 10:38:39', '2019-02-01 10:38:39', 'd68c0e60-861b-4617-83b8-0493a71199c2'),
 ('38', NULL, 'email', 'email', 'sproutForms:10', '', '0', 'PlainText', '{\"placeholder\":\"\",\"maxLength\":\"\",\"multiline\":\"\",\"initialRows\":\"4\"}', '2019-02-01 10:38:49', '2019-02-01 10:38:49', '5be2e567-ea87-4641-8761-13fdab2f944a'),
 ('39', NULL, 'Email Optin', 'checkbox_emailoptin', 'sproutForms:10', '', '0', 'Checkboxes', '{\"options\":[{\"label\":\"Email Optin\",\"value\":\"tick1\",\"default\":\"\"}]}', '2019-02-01 10:40:59', '2019-02-01 11:16:32', '1e461848-2f2e-4cec-8e02-3ec3d5f224c5'),
 ('40', NULL, 'Under 16', 'checkbox_under16', 'sproutForms:10', '', '0', 'Checkboxes', '{\"options\":[{\"label\":\"Under 16\",\"value\":\"tick1\",\"default\":\"\"}]}', '2019-02-01 10:57:33', '2019-02-01 11:16:28', 'fdbba141-733f-4b5a-a3b1-3b94ab8da1b4'),
 ('41', NULL, 'Guardian Firstname', 'guardian_firstname', 'sproutForms:10', '', '0', 'PlainText', '{\"placeholder\":\"\",\"maxLength\":\"\",\"multiline\":\"\",\"initialRows\":\"4\"}', '2019-02-01 11:18:23', '2019-02-01 16:04:57', 'ab594edd-4a80-4eb0-b8b5-5ede4af02795'),
 ('42', NULL, 'Guardian Lastname', 'guardian_lastname', 'sproutForms:10', '', '0', 'PlainText', '{\"placeholder\":\"\",\"maxLength\":\"\",\"multiline\":\"\",\"initialRows\":\"4\"}', '2019-02-01 11:18:47', '2019-02-01 16:05:05', '8ba5b3c4-ec37-4176-a8d1-9fa50e5f0d38'),
 ('43', NULL, 'Guardian Email', 'guardian_email', 'sproutForms:10', '', '0', 'PlainText', '{\"placeholder\":\"\",\"maxLength\":\"\",\"multiline\":\"\",\"initialRows\":\"4\"}', '2019-02-01 11:19:01', '2019-02-01 11:19:01', '08c08b8d-fb70-4acf-a499-143da947a121'),
 ('44', NULL, 'Colour', 'multi_colour', 'sproutForms:10', '', '0', 'RadioButtons', '{\"options\":[{\"label\":\"Red\",\"value\":\"tick1\",\"default\":\"\"},{\"label\":\"Blue\",\"value\":\"tick2\",\"default\":\"\"},{\"label\":\"Green\",\"value\":\"tick3\",\"default\":\"\"},{\"label\":\"Yellow\",\"value\":\"tick4\",\"default\":\"\"}]}', '2019-02-01 11:19:53', '2019-02-01 16:01:12', 'ac5b57be-be99-4921-8c2e-730ce9c3abb8'),
 ('45', NULL, 'Driver', 'multi_driver', 'sproutForms:10', '', '0', 'RadioButtons', '{\"options\":[{\"label\":\"Driver1\",\"value\":\"tick1\",\"default\":\"\"},{\"label\":\"Driver2\",\"value\":\"tick2\",\"default\":\"\"}]}', '2019-02-01 11:20:51', '2019-02-01 11:20:51', '6489b138-abd2-4674-8fbe-f7f131232a42'),
 ('46', NULL, 'Drink', 'multi_drink', 'sproutForms:10', '', '0', 'RadioButtons', '{\"options\":[{\"label\":\"Drink 1\",\"value\":\"tick1\",\"default\":\"\"},{\"label\":\"Drink 2\",\"value\":\"tick2\",\"default\":\"\"},{\"label\":\"Drink 3\",\"value\":\"tick3\",\"default\":\"\"},{\"label\":\"Drink 4\",\"value\":\"tick4\",\"default\":\"\"}]}', '2019-02-01 11:21:35', '2019-02-01 11:21:35', '72728e77-2ac1-49d3-9a75-e9a2330bc27c'),
 ('47', '1', 'Colour', 'colour_matrix', 'global', '', '0', 'Matrix', '{\"maxBlocks\":null}', '2019-02-01 11:33:23', '2019-02-01 15:16:31', '4e5fede7-59d6-453f-8026-3795a8a5947f'),
 ('48', NULL, 'Colour', 'colour', 'matrixBlockType:1', '', '0', 'Color', NULL, '2019-02-01 11:33:23', '2019-02-01 15:16:32', '27e328aa-a804-44f2-82b8-fda9af5a4fea'),
 ('49', '1', 'Drinks', 'drinks_matrix', 'global', '', '0', 'Matrix', '{\"maxBlocks\":null}', '2019-02-01 11:35:56', '2019-02-01 15:51:57', 'a3eeb861-2e1f-4158-810a-2c776e37619c'),
 ('50', NULL, 'Name', 'drink_title', 'matrixBlockType:2', '', '0', 'PlainText', '{\"placeholder\":\"\",\"maxLength\":\"\",\"multiline\":\"\",\"initialRows\":\"4\"}', '2019-02-01 11:35:56', '2019-02-01 15:51:57', 'e99a093c-5ac1-4579-b3bf-114668eaa1d9'),
 ('51', NULL, 'Body', 'drink_body', 'matrixBlockType:2', '', '0', 'PlainText', '{\"placeholder\":\"\",\"maxLength\":\"\",\"multiline\":\"\",\"initialRows\":\"4\"}', '2019-02-01 11:35:56', '2019-02-01 15:51:57', 'd90373c4-3128-4094-b682-4ba49cd79526'),
 ('52', NULL, 'Image', 'drink_image', 'matrixBlockType:2', '', '0', 'Assets', '{\"useSingleFolder\":\"\",\"sources\":\"*\",\"defaultUploadLocationSource\":\"1\",\"defaultUploadLocationSubpath\":\"\",\"singleUploadLocationSource\":\"1\",\"singleUploadLocationSubpath\":\"\",\"restrictFiles\":\"\",\"limit\":\"1\",\"viewMode\":\"large\",\"selectionLabel\":\"\"}', '2019-02-01 11:38:34', '2019-02-01 15:51:57', 'b7be16eb-43a1-4116-9cf0-0113fea67bb2'),
 ('53', '1', 'Drivers', 'drivers_matrix', 'global', '', '0', 'Matrix', '{\"maxBlocks\":null}', '2019-02-01 15:19:28', '2019-02-01 15:51:47', 'f13cd3c5-e866-49a6-a889-d8c2d10db825'),
 ('54', NULL, 'First Name', 'first_name', 'matrixBlockType:3', '', '0', 'PlainText', '{\"placeholder\":\"\",\"maxLength\":\"\",\"multiline\":\"\",\"initialRows\":\"4\"}', '2019-02-01 15:19:28', '2019-02-01 15:51:47', '4e695e21-b87f-4051-8f87-cf7d7edc7ad4'),
 ('55', NULL, 'Last Name', 'last_name', 'matrixBlockType:3', '', '0', 'PlainText', '{\"placeholder\":\"\",\"maxLength\":\"\",\"multiline\":\"\",\"initialRows\":\"4\"}', '2019-02-01 15:19:28', '2019-02-01 15:51:47', '916bc149-d04d-4729-8bb3-ac4493daa8fc'),
 ('56', NULL, 'Image Large', 'image_large', 'matrixBlockType:3', '', '0', 'Assets', '{\"useSingleFolder\":\"\",\"sources\":\"*\",\"defaultUploadLocationSource\":\"1\",\"defaultUploadLocationSubpath\":\"\",\"singleUploadLocationSource\":\"1\",\"singleUploadLocationSubpath\":\"\",\"restrictFiles\":\"\",\"limit\":\"1\",\"viewMode\":\"large\",\"selectionLabel\":\"\"}', '2019-02-01 15:19:28', '2019-02-01 15:51:47', '28f6e02e-c61a-499f-a886-a2ed37ad37d3'),
 ('57', NULL, 'Image Medium', 'image_medium', 'matrixBlockType:3', '', '0', 'Assets', '{\"useSingleFolder\":\"\",\"sources\":\"*\",\"defaultUploadLocationSource\":\"1\",\"defaultUploadLocationSubpath\":\"\",\"singleUploadLocationSource\":\"1\",\"singleUploadLocationSubpath\":\"\",\"restrictFiles\":\"\",\"limit\":\"1\",\"viewMode\":\"large\",\"selectionLabel\":\"\"}', '2019-02-01 15:19:28', '2019-02-01 15:51:47', 'cfb152d8-d921-4c0a-ba42-60e62d265f8f'),
 ('58', '1', 'Event Start Date', 'event_start_date', 'global', '', '0', 'Date', '{\"minuteIncrement\":\"60\",\"showDate\":1,\"showTime\":0}', '2019-02-01 15:49:18', '2019-02-01 15:49:33', '3676a872-2d91-453e-bd9a-e003b700d558'),
 ('59', '1', 'Event End Date', 'event_end_date', 'global', '', '0', 'Date', '{\"minuteIncrement\":\"60\",\"showDate\":1,\"showTime\":0}', '2019-02-01 15:49:55', '2019-02-01 15:49:55', '24c91d3b-1abd-43aa-8103-3611f3f26b19'),
 ('60', NULL, 'Event', 'event', 'sproutForms:10', '', '0', 'Entries', '{\"sources\":[\"section:4\"],\"limit\":\"1\",\"selectionLabel\":\"\"}', '2019-02-01 16:00:13', '2019-02-01 16:01:24', '102a4460-9cb4-4d91-a630-f5dc35b99c3e');



DROP TABLE IF EXISTS `craft_globalsets`;


--
-- Schema for table `craft_globalsets`
--
CREATE TABLE `craft_globalsets` (
  `id` int(11) NOT NULL,
  `name` varchar(255) COLLATE utf8_unicode_ci NOT NULL,
  `handle` varchar(255) COLLATE utf8_unicode_ci NOT NULL,
  `fieldLayoutId` int(10) DEFAULT NULL,
  `dateCreated` datetime NOT NULL,
  `dateUpdated` datetime NOT NULL,
  `uid` char(36) COLLATE utf8_unicode_ci NOT NULL DEFAULT '0',
  PRIMARY KEY (`id`),
  UNIQUE KEY `craft_globalsets_name_unq_idx` (`name`),
  UNIQUE KEY `craft_globalsets_handle_unq_idx` (`handle`),
  KEY `craft_globalsets_fieldLayoutId_fk` (`fieldLayoutId`)
) ENGINE=InnoDB DEFAULT CHARSET=utf8 COLLATE=utf8_unicode_ci;

DROP TABLE IF EXISTS `craft_info`;


--
-- Schema for table `craft_info`
--
CREATE TABLE `craft_info` (
  `id` int(11) NOT NULL AUTO_INCREMENT,
  `version` varchar(50) COLLATE utf8_unicode_ci NOT NULL,
  `schemaVersion` varchar(15) COLLATE utf8_unicode_ci NOT NULL,
  `edition` tinyint(1) unsigned NOT NULL DEFAULT '0',
  `siteName` varchar(100) COLLATE utf8_unicode_ci NOT NULL,
  `siteUrl` varchar(255) COLLATE utf8_unicode_ci NOT NULL,
  `timezone` varchar(30) COLLATE utf8_unicode_ci DEFAULT NULL,
  `on` tinyint(1) unsigned NOT NULL DEFAULT '0',
  `maintenance` tinyint(1) unsigned NOT NULL DEFAULT '0',
  `dateCreated` datetime NOT NULL,
  `dateUpdated` datetime NOT NULL,
  `uid` char(36) COLLATE utf8_unicode_ci NOT NULL DEFAULT '0',
  PRIMARY KEY (`id`)
) ENGINE=InnoDB AUTO_INCREMENT=2 DEFAULT CHARSET=utf8 COLLATE=utf8_unicode_ci;

--
-- Data for table `craft_info`
--

INSERT INTO `craft_info` (`id`, `version`, `schemaVersion`, `edition`, `siteName`, `siteUrl`, `timezone`, `on`, `maintenance`, `dateCreated`, `dateUpdated`, `uid`) VALUES
 ('1', '2.7.4', '2.6.14', '0', 'Nissan FE Admin', 'http://dev.nissan.wearecassetteapps.test', 'UTC', '1', '0', '2019-02-01 10:24:40', '2019-02-01 10:31:26', '515820fb-eed3-4cc8-888b-9f59c586239a');



DROP TABLE IF EXISTS `craft_locales`;


--
-- Schema for table `craft_locales`
--
CREATE TABLE `craft_locales` (
  `locale` char(12) COLLATE utf8_unicode_ci NOT NULL,
  `sortOrder` smallint(6) unsigned DEFAULT NULL,
  `dateCreated` datetime NOT NULL,
  `dateUpdated` datetime NOT NULL,
  `uid` char(36) COLLATE utf8_unicode_ci NOT NULL DEFAULT '0',
  PRIMARY KEY (`locale`),
  KEY `craft_locales_sortOrder_idx` (`sortOrder`)
) ENGINE=InnoDB DEFAULT CHARSET=utf8 COLLATE=utf8_unicode_ci;

--
-- Data for table `craft_locales`
--

INSERT INTO `craft_locales` (`locale`, `sortOrder`, `dateCreated`, `dateUpdated`, `uid`) VALUES
 ('en_gb', '1', '2019-02-01 10:24:40', '2019-02-01 10:24:40', 'da3bba14-e7f0-433c-a80d-cc1d12d17fa7');



DROP TABLE IF EXISTS `craft_matrixblocks`;


--
-- Schema for table `craft_matrixblocks`
--
CREATE TABLE `craft_matrixblocks` (
  `id` int(11) NOT NULL,
  `ownerId` int(11) NOT NULL,
  `fieldId` int(11) NOT NULL,
  `typeId` int(11) DEFAULT NULL,
  `sortOrder` smallint(6) unsigned DEFAULT NULL,
  `ownerLocale` char(12) COLLATE utf8_unicode_ci DEFAULT NULL,
  `dateCreated` datetime NOT NULL,
  `dateUpdated` datetime NOT NULL,
  `uid` char(36) COLLATE utf8_unicode_ci NOT NULL DEFAULT '0',
  PRIMARY KEY (`id`),
  KEY `craft_matrixblocks_ownerId_idx` (`ownerId`),
  KEY `craft_matrixblocks_fieldId_idx` (`fieldId`),
  KEY `craft_matrixblocks_typeId_idx` (`typeId`),
  KEY `craft_matrixblocks_sortOrder_idx` (`sortOrder`),
  KEY `craft_matrixblocks_ownerLocale_fk` (`ownerLocale`)
) ENGINE=InnoDB DEFAULT CHARSET=utf8 COLLATE=utf8_unicode_ci;

--
-- Data for table `craft_matrixblocks`
--

INSERT INTO `craft_matrixblocks` (`id`, `ownerId`, `fieldId`, `typeId`, `sortOrder`, `ownerLocale`, `dateCreated`, `dateUpdated`, `uid`) VALUES
 ('34', '26', '53', '3', '1', NULL, '2019-02-01 15:20:54', '2019-02-01 15:56:22', '73657d9e-769c-4bd9-b7fb-f01ed76b956a'),
 ('35', '26', '53', '3', '2', NULL, '2019-02-01 15:20:54', '2019-02-01 15:56:22', 'f3a4fa3a-acee-4274-b4ca-207c01d28c26'),
 ('38', '26', '47', '1', '1', NULL, '2019-02-01 15:52:32', '2019-02-01 15:56:22', 'abebb4fb-392f-4ed3-bb8c-217cd5f18923'),
 ('39', '26', '47', '1', '2', NULL, '2019-02-01 15:52:32', '2019-02-01 15:56:22', 'c1e42e78-d04b-4b1f-9c06-40471a0156b0'),
 ('40', '26', '47', '1', '3', NULL, '2019-02-01 15:52:32', '2019-02-01 15:56:22', 'eee6d9f5-a4ad-4745-ae6f-2085d7ebc612'),
 ('41', '26', '47', '1', '4', NULL, '2019-02-01 15:52:32', '2019-02-01 15:56:22', 'ecd0866f-5a8c-4a7a-a7c8-2f24716d83cc'),
 ('42', '26', '49', '2', '1', NULL, '2019-02-01 15:52:59', '2019-02-01 15:56:22', 'c1448123-24cd-40f4-9454-4b890890f05a'),
 ('46', '26', '49', '2', '2', NULL, '2019-02-01 15:56:07', '2019-02-01 15:56:23', '99f5131d-c88e-4bb4-b14a-57883e7ce764'),
 ('47', '26', '49', '2', '3', NULL, '2019-02-01 15:56:07', '2019-02-01 15:56:23', '5b3df52a-bb6d-44a5-a726-1cbbefdece87'),
 ('48', '26', '49', '2', '4', NULL, '2019-02-01 15:56:07', '2019-02-01 15:56:23', '97f2d8ae-7367-4bb6-9956-1efeb98b4b66');



DROP TABLE IF EXISTS `craft_matrixblocktypes`;


--
-- Schema for table `craft_matrixblocktypes`
--
CREATE TABLE `craft_matrixblocktypes` (
  `id` int(11) NOT NULL AUTO_INCREMENT,
  `fieldId` int(11) NOT NULL,
  `fieldLayoutId` int(11) DEFAULT NULL,
  `name` varchar(255) COLLATE utf8_unicode_ci NOT NULL,
  `handle` varchar(255) COLLATE utf8_unicode_ci NOT NULL,
  `sortOrder` smallint(6) unsigned DEFAULT NULL,
  `dateCreated` datetime NOT NULL,
  `dateUpdated` datetime NOT NULL,
  `uid` char(36) COLLATE utf8_unicode_ci NOT NULL DEFAULT '0',
  PRIMARY KEY (`id`),
  UNIQUE KEY `craft_matrixblocktypes_name_fieldId_unq_idx` (`name`,`fieldId`),
  UNIQUE KEY `craft_matrixblocktypes_handle_fieldId_unq_idx` (`handle`,`fieldId`),
  KEY `craft_matrixblocktypes_fieldId_fk` (`fieldId`),
  KEY `craft_matrixblocktypes_fieldLayoutId_fk` (`fieldLayoutId`)
) ENGINE=InnoDB AUTO_INCREMENT=4 DEFAULT CHARSET=utf8 COLLATE=utf8_unicode_ci;

--
-- Data for table `craft_matrixblocktypes`
--

INSERT INTO `craft_matrixblocktypes` (`id`, `fieldId`, `fieldLayoutId`, `name`, `handle`, `sortOrder`, `dateCreated`, `dateUpdated`, `uid`) VALUES
 ('1', '47', '38', 'Colour', 'colour', '1', '2019-02-01 11:33:23', '2019-02-01 15:16:32', 'e02a73bd-6f82-4e11-b89f-be2e2f4ab252'),
 ('2', '49', '47', 'Drink', 'drink', '1', '2019-02-01 11:35:56', '2019-02-01 15:51:57', '1a0caf9f-bed4-4a95-bc6d-d008ad70d1ad'),
 ('3', '53', '46', 'driver', 'driver', '1', '2019-02-01 15:19:28', '2019-02-01 15:51:47', '057776e3-a2ba-4fa0-895b-1823f8ae8716');



DROP TABLE IF EXISTS `craft_matrixcontent_colour_matrix`;


--
-- Schema for table `craft_matrixcontent_colour_matrix`
--
CREATE TABLE `craft_matrixcontent_colour_matrix` (
  `id` int(11) NOT NULL AUTO_INCREMENT,
  `elementId` int(11) NOT NULL,
  `locale` char(12) COLLATE utf8_unicode_ci NOT NULL,
  `field_colour_colour` char(7) COLLATE utf8_unicode_ci DEFAULT NULL,
  `dateCreated` datetime NOT NULL,
  `dateUpdated` datetime NOT NULL,
  `uid` char(36) COLLATE utf8_unicode_ci NOT NULL DEFAULT '0',
  PRIMARY KEY (`id`),
  UNIQUE KEY `craft_matrixcontent_colour_matrix_elementId_locale_unq_idx` (`elementId`,`locale`),
  KEY `craft_matrixcontent_colour_matrix_locale_idx` (`locale`)
) ENGINE=InnoDB AUTO_INCREMENT=9 DEFAULT CHARSET=utf8 COLLATE=utf8_unicode_ci;

--
-- Data for table `craft_matrixcontent_colour_matrix`
--

INSERT INTO `craft_matrixcontent_colour_matrix` (`id`, `elementId`, `locale`, `field_colour_colour`, `dateCreated`, `dateUpdated`, `uid`) VALUES
 ('5', '38', 'en_gb', '#fa0a32', '2019-02-01 15:52:32', '2019-02-01 15:56:22', '982d6fa2-acc0-4418-adaf-2e1d16d5fe53'),
 ('6', '39', 'en_gb', '#00d9ff', '2019-02-01 15:52:32', '2019-02-01 15:56:22', 'eabb37a3-c021-460a-9fc2-4bb3bd30b048'),
 ('7', '40', 'en_gb', '#0afc57', '2019-02-01 15:52:32', '2019-02-01 15:56:22', 'fd076894-50d8-498c-add5-2e8cb64e5f75'),
 ('8', '41', 'en_gb', '#e1ff00', '2019-02-01 15:52:32', '2019-02-01 15:56:22', '0f5a3d9c-7d50-4035-ae8b-1082ad2bd184');



DROP TABLE IF EXISTS `craft_matrixcontent_drinks_matrix`;


--
-- Schema for table `craft_matrixcontent_drinks_matrix`
--
CREATE TABLE `craft_matrixcontent_drinks_matrix` (
  `id` int(11) NOT NULL AUTO_INCREMENT,
  `elementId` int(11) NOT NULL,
  `locale` char(12) COLLATE utf8_unicode_ci NOT NULL,
  `field_drink_drink_title` text COLLATE utf8_unicode_ci,
  `field_drink_drink_body` text COLLATE utf8_unicode_ci,
  `dateCreated` datetime NOT NULL,
  `dateUpdated` datetime NOT NULL,
  `uid` char(36) COLLATE utf8_unicode_ci NOT NULL DEFAULT '0',
  PRIMARY KEY (`id`),
  UNIQUE KEY `craft_matrixcontent_drinks_matrix_elementId_locale_unq_idx` (`elementId`,`locale`),
  KEY `craft_matrixcontent_drinks_matrix_locale_idx` (`locale`)
) ENGINE=InnoDB AUTO_INCREMENT=7 DEFAULT CHARSET=utf8 COLLATE=utf8_unicode_ci;

--
-- Data for table `craft_matrixcontent_drinks_matrix`
--

INSERT INTO `craft_matrixcontent_drinks_matrix` (`id`, `elementId`, `locale`, `field_drink_drink_title`, `field_drink_drink_body`, `dateCreated`, `dateUpdated`, `uid`) VALUES
 ('3', '42', 'en_gb', 'Spritz', 'Venetian style spritz', '2019-02-01 15:52:59', '2019-02-01 15:56:22', '0fa8a85b-20cb-434f-8827-1d24f19bb5e6'),
 ('4', '46', 'en_gb', 'Cosmo', 'Cosmopolitan Metro', '2019-02-01 15:56:07', '2019-02-01 15:56:23', '34b8ca7b-a236-4282-9430-6a74670a3ac9'),
 ('5', '47', 'en_gb', 'Whiskey', 'On the rocks', '2019-02-01 15:56:07', '2019-02-01 15:56:23', '98d30623-1c28-4e87-8944-06e56cce7eb1'),
 ('6', '48', 'en_gb', 'Margarita', 'Frozen solid', '2019-02-01 15:56:07', '2019-02-01 15:56:23', '86aa6b22-2dd0-46c5-b0f1-4cf293971ced');



DROP TABLE IF EXISTS `craft_matrixcontent_drivers_matrix`;


--
-- Schema for table `craft_matrixcontent_drivers_matrix`
--
CREATE TABLE `craft_matrixcontent_drivers_matrix` (
  `id` int(11) NOT NULL AUTO_INCREMENT,
  `elementId` int(11) NOT NULL,
  `locale` char(12) COLLATE utf8_unicode_ci NOT NULL,
  `field_driver_first_name` text COLLATE utf8_unicode_ci,
  `field_driver_last_name` text COLLATE utf8_unicode_ci,
  `dateCreated` datetime NOT NULL,
  `dateUpdated` datetime NOT NULL,
  `uid` char(36) COLLATE utf8_unicode_ci NOT NULL DEFAULT '0',
  PRIMARY KEY (`id`),
  UNIQUE KEY `craft_matrixcontent_drivers_matrix_elementId_locale_unq_idx` (`elementId`,`locale`),
  KEY `craft_matrixcontent_drivers_matrix_locale_fk` (`locale`)
) ENGINE=InnoDB AUTO_INCREMENT=3 DEFAULT CHARSET=utf8 COLLATE=utf8_unicode_ci;

--
-- Data for table `craft_matrixcontent_drivers_matrix`
--

INSERT INTO `craft_matrixcontent_drivers_matrix` (`id`, `elementId`, `locale`, `field_driver_first_name`, `field_driver_last_name`, `dateCreated`, `dateUpdated`, `uid`) VALUES
 ('1', '34', 'en_gb', 'Sebastien', 'Buemi', '2019-02-01 15:20:54', '2019-02-01 15:56:22', '8425939a-0854-42d1-aa97-2eb349a08719'),
 ('2', '35', 'en_gb', 'Oliver', 'Rowland', '2019-02-01 15:20:54', '2019-02-01 15:56:22', 'c83a00ff-4d2f-4dc8-8958-c86d527f136b');



DROP TABLE IF EXISTS `craft_migrations`;


--
-- Schema for table `craft_migrations`
--
CREATE TABLE `craft_migrations` (
  `id` int(11) NOT NULL AUTO_INCREMENT,
  `pluginId` int(11) DEFAULT NULL,
  `version` varchar(255) COLLATE utf8_unicode_ci NOT NULL,
  `applyTime` datetime NOT NULL,
  `dateCreated` datetime NOT NULL,
  `dateUpdated` datetime NOT NULL,
  `uid` char(36) COLLATE utf8_unicode_ci NOT NULL DEFAULT '0',
  PRIMARY KEY (`id`),
  UNIQUE KEY `craft_migrations_version_unq_idx` (`version`),
  KEY `craft_migrations_pluginId_fk` (`pluginId`)
) ENGINE=InnoDB AUTO_INCREMENT=126 DEFAULT CHARSET=utf8 COLLATE=utf8_unicode_ci;

--
-- Data for table `craft_migrations`
--

INSERT INTO `craft_migrations` (`id`, `pluginId`, `version`, `applyTime`, `dateCreated`, `dateUpdated`, `uid`) VALUES
 ('1', NULL, 'm000000_000000_base', '2019-02-01 10:24:40', '2019-02-01 10:24:40', '2019-02-01 10:24:40', '7d832f0b-5967-43fd-8896-fa8dcb07035a'),
 ('2', NULL, 'm140730_000001_add_filename_and_format_to_transformindex', '2019-02-01 10:24:40', '2019-02-01 10:24:40', '2019-02-01 10:24:40', 'f1da6f60-8f03-4a35-9857-b53c40e4791b'),
 ('3', NULL, 'm140815_000001_add_format_to_transforms', '2019-02-01 10:24:40', '2019-02-01 10:24:40', '2019-02-01 10:24:40', '77795f4f-3d3f-46c3-b66d-95bf4dc2da5e'),
 ('4', NULL, 'm140822_000001_allow_more_than_128_items_per_field', '2019-02-01 10:24:40', '2019-02-01 10:24:40', '2019-02-01 10:24:40', '1068e331-941c-4d9f-a3e0-d0dcfc448c11'),
 ('5', NULL, 'm140829_000001_single_title_formats', '2019-02-01 10:24:40', '2019-02-01 10:24:40', '2019-02-01 10:24:40', 'f461877b-e932-4376-b1b7-56c12a6979b8'),
 ('6', NULL, 'm140831_000001_extended_cache_keys', '2019-02-01 10:24:40', '2019-02-01 10:24:40', '2019-02-01 10:24:40', '2ed83a4e-e5ba-4dbc-9a2f-71bc52f765e2'),
 ('7', NULL, 'm140922_000001_delete_orphaned_matrix_blocks', '2019-02-01 10:24:40', '2019-02-01 10:24:40', '2019-02-01 10:24:40', 'cb5b457c-1e4b-4fc4-bede-6005b82b8688'),
 ('8', NULL, 'm141008_000001_elements_index_tune', '2019-02-01 10:24:40', '2019-02-01 10:24:40', '2019-02-01 10:24:40', 'bb42c2d6-8bcd-4920-ad81-565271fa77ed'),
 ('9', NULL, 'm141009_000001_assets_source_handle', '2019-02-01 10:24:40', '2019-02-01 10:24:40', '2019-02-01 10:24:40', '0e489928-5a5d-4534-ba82-b6a559d50a9f'),
 ('10', NULL, 'm141024_000001_field_layout_tabs', '2019-02-01 10:24:40', '2019-02-01 10:24:40', '2019-02-01 10:24:40', '4c94cc72-4afc-4bb5-8103-8fbdd3581066'),
 ('11', NULL, 'm141030_000000_plugin_schema_versions', '2019-02-01 10:24:40', '2019-02-01 10:24:40', '2019-02-01 10:24:40', '8bd3c11b-8bfe-484b-849f-955918a67c64'),
 ('12', NULL, 'm141030_000001_drop_structure_move_permission', '2019-02-01 10:24:40', '2019-02-01 10:24:40', '2019-02-01 10:24:40', '7678f4e4-aa14-4f76-9808-5c6182856a2f'),
 ('13', NULL, 'm141103_000001_tag_titles', '2019-02-01 10:24:40', '2019-02-01 10:24:40', '2019-02-01 10:24:40', 'd0c6fc29-0de4-483b-a0d3-9f9847cdb1b8'),
 ('14', NULL, 'm141109_000001_user_status_shuffle', '2019-02-01 10:24:40', '2019-02-01 10:24:40', '2019-02-01 10:24:40', 'f3e09073-de4f-4e5c-811f-f58a2c9ad7c8'),
 ('15', NULL, 'm141126_000001_user_week_start_day', '2019-02-01 10:24:40', '2019-02-01 10:24:40', '2019-02-01 10:24:40', '670c25bf-c4a4-4b12-b029-525a21a9016a'),
 ('16', NULL, 'm150210_000001_adjust_user_photo_size', '2019-02-01 10:24:40', '2019-02-01 10:24:40', '2019-02-01 10:24:40', '56bed3d6-e207-4cc9-87d2-90cad97e7276'),
 ('17', NULL, 'm150724_000001_adjust_quality_settings', '2019-02-01 10:24:40', '2019-02-01 10:24:40', '2019-02-01 10:24:40', '6b078498-86bf-4f63-9af8-c54f500fbf46'),
 ('18', NULL, 'm150827_000000_element_index_settings', '2019-02-01 10:24:40', '2019-02-01 10:24:40', '2019-02-01 10:24:40', '3853c77c-0e68-4f4e-b425-cda623500cd1'),
 ('19', NULL, 'm150918_000001_add_colspan_to_widgets', '2019-02-01 10:24:40', '2019-02-01 10:24:40', '2019-02-01 10:24:40', '5822b644-bd92-4665-b006-1fa9aa46238a'),
 ('20', NULL, 'm151007_000000_clear_asset_caches', '2019-02-01 10:24:40', '2019-02-01 10:24:40', '2019-02-01 10:24:40', '39af6499-8f06-485d-9447-97f455d9164c'),
 ('21', NULL, 'm151109_000000_text_url_formats', '2019-02-01 10:24:40', '2019-02-01 10:24:40', '2019-02-01 10:24:40', '22036f4c-8cd1-4115-8caa-42cbb9a00d20'),
 ('22', NULL, 'm151110_000000_move_logo', '2019-02-01 10:24:40', '2019-02-01 10:24:40', '2019-02-01 10:24:40', '88b0255a-d54b-41ba-aaff-17f7171dd2a6'),
 ('23', NULL, 'm151117_000000_adjust_image_widthheight', '2019-02-01 10:24:40', '2019-02-01 10:24:40', '2019-02-01 10:24:40', 'e6edd88a-1573-4eda-b753-89e8a2ca6bee'),
 ('24', NULL, 'm151127_000000_clear_license_key_status', '2019-02-01 10:24:40', '2019-02-01 10:24:40', '2019-02-01 10:24:40', '2a1f8bc5-a876-4d43-abf8-8892c4e7daf1'),
 ('25', NULL, 'm151127_000000_plugin_license_keys', '2019-02-01 10:24:40', '2019-02-01 10:24:40', '2019-02-01 10:24:40', '6f905b41-e607-4b36-87a2-5e0c678b4dc1'),
 ('26', NULL, 'm151130_000000_update_pt_widget_feeds', '2019-02-01 10:24:40', '2019-02-01 10:24:40', '2019-02-01 10:24:40', '44bbe228-1564-4ba2-976f-8caa6868edb7'),
 ('27', NULL, 'm160114_000000_asset_sources_public_url_default_true', '2019-02-01 10:24:40', '2019-02-01 10:24:40', '2019-02-01 10:24:40', '421cc7dd-579e-4db8-bc01-dd4b7a7eb197'),
 ('28', NULL, 'm160223_000000_sortorder_to_smallint', '2019-02-01 10:24:40', '2019-02-01 10:24:40', '2019-02-01 10:24:40', '0ae2e6f0-4b5a-41bf-9232-de14b0004dc7'),
 ('29', NULL, 'm160229_000000_set_default_entry_statuses', '2019-02-01 10:24:40', '2019-02-01 10:24:40', '2019-02-01 10:24:40', '09b85509-2c5d-44fa-864e-4b81c62673eb'),
 ('30', NULL, 'm160304_000000_client_permissions', '2019-02-01 10:24:40', '2019-02-01 10:24:40', '2019-02-01 10:24:40', '8000ed90-d32b-4a08-8afe-99a7b46532a3'),
 ('31', NULL, 'm160322_000000_asset_filesize', '2019-02-01 10:24:40', '2019-02-01 10:24:40', '2019-02-01 10:24:40', 'a514539c-15fb-47c7-a223-b066ff9a2f93'),
 ('32', NULL, 'm160503_000000_orphaned_fieldlayouts', '2019-02-01 10:24:40', '2019-02-01 10:24:40', '2019-02-01 10:24:40', '7850f31a-0ece-47b5-8686-63564526b5a8'),
 ('33', NULL, 'm160510_000000_tasksettings', '2019-02-01 10:24:40', '2019-02-01 10:24:40', '2019-02-01 10:24:40', '2a46d432-a6c4-4c6f-92af-5f89d106cfbf'),
 ('34', NULL, 'm160829_000000_pending_user_content_cleanup', '2019-02-01 10:24:40', '2019-02-01 10:24:40', '2019-02-01 10:24:40', '4c716dca-0818-4246-9093-ed384bfae473'),
 ('35', NULL, 'm160830_000000_asset_index_uri_increase', '2019-02-01 10:24:40', '2019-02-01 10:24:40', '2019-02-01 10:24:40', 'b8b46bee-b4db-4e44-b8cc-74543a7aadb7'),
 ('36', NULL, 'm160919_000000_usergroup_handle_title_unique', '2019-02-01 10:24:40', '2019-02-01 10:24:40', '2019-02-01 10:24:40', 'ced441a1-e585-4ff8-b50d-e11413569fc4'),
 ('37', NULL, 'm161108_000000_new_version_format', '2019-02-01 10:24:40', '2019-02-01 10:24:40', '2019-02-01 10:24:40', '72d5cccb-29c2-452c-891a-ec9d4d11e385'),
 ('38', NULL, 'm161109_000000_index_shuffle', '2019-02-01 10:24:40', '2019-02-01 10:24:40', '2019-02-01 10:24:40', 'e90d3350-969d-48d6-9310-b2a9de62d9d5'),
 ('39', NULL, 'm170612_000000_route_index_shuffle', '2019-02-01 10:24:40', '2019-02-01 10:24:40', '2019-02-01 10:24:40', 'e67faf0c-7870-46ff-ae84-5a48de269b82'),
 ('40', NULL, 'm171107_000000_assign_group_permissions', '2019-02-01 10:24:40', '2019-02-01 10:24:40', '2019-02-01 10:24:40', '56b8df1b-8b97-4063-bedf-8d69e20301fd'),
 ('41', NULL, 'm171117_000001_templatecache_index_tune', '2019-02-01 10:24:40', '2019-02-01 10:24:40', '2019-02-01 10:24:40', 'e12d539f-7cf3-4f75-bebb-9bcb8b7720bd'),
 ('42', NULL, 'm171204_000001_templatecache_index_tune_deux', '2019-02-01 10:24:40', '2019-02-01 10:24:40', '2019-02-01 10:24:40', '0bc989dd-636d-4ca6-a74f-ddb62c0dbb89'),
 ('43', NULL, 'm180406_000000_pro_upgrade', '2019-02-01 10:24:40', '2019-02-01 10:24:40', '2019-02-01 10:24:40', 'b97e5451-bdf9-4d98-bfcd-6731790fdb65'),
 ('101', '6', 'm151229_000001_sproutReports_addReportGroupsTable', '2019-02-01 10:34:00', '2019-02-01 10:34:00', '2019-02-01 10:34:00', 'd2edeccb-838b-4463-8af8-5e38d5200905'),
 ('102', '6', 'm151229_000002_sproutReports_updateSingleNumberWidgetToNumberWidget', '2019-02-01 10:34:00', '2019-02-01 10:34:00', '2019-02-01 10:34:00', '256ac72e-64cc-4763-9786-d10619f3b950'),
 ('103', '6', 'm151229_000003_sproutReports_removeOldReportColumns', '2019-02-01 10:34:00', '2019-02-01 10:34:00', '2019-02-01 10:34:00', '94e36238-5a86-4c0b-9154-a0405243b350'),
 ('104', '6', 'm151229_000004_sproutReports_addNewReportColumns', '2019-02-01 10:34:00', '2019-02-01 10:34:00', '2019-02-01 10:34:00', '4c6aafd3-1b1a-44d8-83d9-5dc2d882e19d'),
 ('105', '6', 'm151229_000005_sproutReports_migrateAndRemoveCustomQueryColumn', '2019-02-01 10:34:00', '2019-02-01 10:34:00', '2019-02-01 10:34:00', '35f1ea21-f699-46cb-b45a-021efc8d873c'),
 ('106', '6', 'm151229_000006_sproutReports_addDetailsToReportsTable', '2019-02-01 10:34:00', '2019-02-01 10:34:00', '2019-02-01 10:34:00', '6b338c1b-b1c0-482b-9150-63e3abfe7a7b'),
 ('107', '6', 'm161101_134003_sproutreports_createDataSourceTable', '2019-02-01 10:34:00', '2019-02-01 10:34:00', '2019-02-01 10:34:00', 'aa34c1ab-5fd1-46ea-a645-670a790d1531'),
 ('108', '6', 'm161122_000000_sproutReports_addAllowHtmlColumn', '2019-02-01 10:34:00', '2019-02-01 10:34:00', '2019-02-01 10:34:00', '7b8e12ef-cff3-41cf-800c-791e3152e0b1'),
 ('109', '6', 'm171020_000000_sproutReports_addDynamicNameColumn', '2019-02-01 10:34:00', '2019-02-01 10:34:00', '2019-02-01 10:34:00', '05cc19a6-a5d6-43e8-beaf-bc1b07f09e1d'),
 ('110', '7', 'm141026_000000_sproutForms_addFormGroupsTable', '2019-02-01 10:34:03', '2019-02-01 10:34:03', '2019-02-01 10:34:03', '9d8fe8e2-c6dc-40d0-848a-7a06a5218778'),
 ('111', '7', 'm141026_020000_sproutForms_renameOldFormsTableAndCreateNewFormsTable', '2019-02-01 10:34:03', '2019-02-01 10:34:03', '2019-02-01 10:34:03', '27f14b0d-320b-40a9-a540-5a2cb626b36e'),
 ('112', '7', 'm141026_030000_sproutForms_addFormEntryTable', '2019-02-01 10:34:03', '2019-02-01 10:34:03', '2019-02-01 10:34:03', '3e66ede4-bc77-45aa-af4b-42c7bf8d0324'),
 ('113', '7', 'm141026_060000_sproutForms_migrateFieldsFormsAndEntries', '2019-02-01 10:34:03', '2019-02-01 10:34:03', '2019-02-01 10:34:03', '19a5c23d-87a1-44fd-8fba-c5e9421947bb'),
 ('114', '7', 'm150418_000000_sproutForms_addNotificationEnabledSetting', '2019-02-01 10:34:03', '2019-02-01 10:34:03', '2019-02-01 10:34:03', '71c55f0a-6f2b-4882-b98b-a052a81f33c2'),
 ('115', '7', 'm150629_000000_sproutForms_updateSproutEmailNotificationOptionsFormat', '2019-02-01 10:34:03', '2019-02-01 10:34:03', '2019-02-01 10:34:03', '6e59e071-f5d0-4435-8371-7d826b8b3e3c'),
 ('116', '7', 'm151006_000000_sproutForms_addTemplateOverrides', '2019-02-01 10:34:03', '2019-02-01 10:34:03', '2019-02-01 10:34:03', '8d7c79c3-67c7-49ab-bb31-637a695d0a4d'),
 ('117', '7', 'm151007_000000_sproutForms_addFileAttachments', '2019-02-01 10:34:03', '2019-02-01 10:34:03', '2019-02-01 10:34:03', '93ce3ce6-b87b-47ef-8e7d-e4db6be850f5'),
 ('118', '7', 'm160405_000000_sproutForms_addSavePayloadColumn', '2019-02-01 10:34:03', '2019-02-01 10:34:03', '2019-02-01 10:34:03', 'd44daeaa-2ada-44fc-956b-b7f513122f90'),
 ('119', '7', 'm160509_000000_sproutForms_addEntryStatusTable', '2019-02-01 10:34:03', '2019-02-01 10:34:03', '2019-02-01 10:34:03', 'f7159578-764a-4d22-a1f1-ea4219261e36'),
 ('120', '7', 'm160509_010000_sproutForms_addStatusIdColumn', '2019-02-01 10:34:03', '2019-02-01 10:34:03', '2019-02-01 10:34:03', 'ecd386cb-0ff6-4ad6-86f3-a2b1d2f21d42'),
 ('121', '7', 'm160509_030000_sproutForms_addStatusIdFk', '2019-02-01 10:34:03', '2019-02-01 10:34:03', '2019-02-01 10:34:03', 'bc93a012-6daa-44bf-ab8c-7bcdd717f0c4'),
 ('122', '7', 'm160510_000000_sproutForms_installDefaultEntryStatuses', '2019-02-01 10:34:03', '2019-02-01 10:34:03', '2019-02-01 10:34:03', '4ca447fb-95b1-4477-a142-08dbfa680f38'),
 ('123', '7', 'm160511_000000_sproutForms_setDefaultColorToEntries', '2019-02-01 10:34:03', '2019-02-01 10:34:03', '2019-02-01 10:34:03', '8e9740ad-aac3-49dc-93bc-d0c90c0b7536'),
 ('124', '7', 'm160524_000000_sproutForms_setAdvancedSettings', '2019-02-01 10:34:03', '2019-02-01 10:34:03', '2019-02-01 10:34:03', '77a6d34e-228a-44cb-aaa2-f1d4d190d0b4'),
 ('125', '7', 'm170323_000000_sproutForms_addSaveDataAdvancedSettings', '2019-02-01 10:34:03', '2019-02-01 10:34:03', '2019-02-01 10:34:03', '540e7575-54fc-4187-adfc-201d57a75a94');



DROP TABLE IF EXISTS `craft_plugins`;


--
-- Schema for table `craft_plugins`
--
CREATE TABLE `craft_plugins` (
  `id` int(11) NOT NULL AUTO_INCREMENT,
  `class` varchar(150) COLLATE utf8_unicode_ci NOT NULL,
  `version` varchar(15) COLLATE utf8_unicode_ci NOT NULL,
  `schemaVersion` varchar(15) COLLATE utf8_unicode_ci DEFAULT NULL,
  `licenseKey` char(24) COLLATE utf8_unicode_ci DEFAULT NULL,
  `licenseKeyStatus` enum('valid','invalid','mismatched','unknown') COLLATE utf8_unicode_ci NOT NULL DEFAULT 'unknown',
  `enabled` tinyint(1) unsigned NOT NULL DEFAULT '0',
  `settings` text COLLATE utf8_unicode_ci,
  `installDate` datetime NOT NULL,
  `dateCreated` datetime NOT NULL,
  `dateUpdated` datetime NOT NULL,
  `uid` char(36) COLLATE utf8_unicode_ci NOT NULL DEFAULT '0',
  PRIMARY KEY (`id`)
) ENGINE=InnoDB AUTO_INCREMENT=8 DEFAULT CHARSET=utf8 COLLATE=utf8_unicode_ci;

--
-- Data for table `craft_plugins`
--

INSERT INTO `craft_plugins` (`id`, `class`, `version`, `schemaVersion`, `licenseKey`, `licenseKeyStatus`, `enabled`, `settings`, `installDate`, `dateCreated`, `dateUpdated`, `uid`) VALUES
 ('1', 'ElementApi', '1.2.1', '1.0.0', NULL, 'unknown', '1', NULL, '2019-02-01 10:28:35', '2019-02-01 10:28:35', '2019-02-01 11:41:27', '0f0a636a-ab4c-437f-ac88-a7d902a78c02'),
 ('6', 'SproutReports', '0.10.2', '0.9.1', NULL, 'unknown', '1', NULL, '2019-02-01 10:34:00', '2019-02-01 10:34:00', '2019-02-01 11:41:27', 'f5aae392-7054-4a44-a400-ff3a45d323dd'),
 ('7', 'SproutForms', '2.6.3', '2.4.0', NULL, 'unknown', '1', '{\"pluginNameOverride\":null,\"templateFolderOverride\":\"\",\"enablePerFormTemplateFolderOverride\":\"\",\"enablePayloadForwarding\":\"\",\"enableSaveData\":\"1\",\"enableSaveDataPerFormBasis\":\"\", \"saveDataByDefault\":\"1\"}', '2019-02-01 10:34:03', '2019-02-01 10:34:03', '2019-02-01 11:41:27', '8d04d56c-298d-4c35-a307-f4317161ccb6');



DROP TABLE IF EXISTS `craft_rackspaceaccess`;


--
-- Schema for table `craft_rackspaceaccess`
--
CREATE TABLE `craft_rackspaceaccess` (
  `id` int(11) NOT NULL AUTO_INCREMENT,
  `connectionKey` varchar(255) COLLATE utf8_unicode_ci NOT NULL,
  `token` varchar(255) COLLATE utf8_unicode_ci NOT NULL,
  `storageUrl` varchar(255) COLLATE utf8_unicode_ci NOT NULL,
  `cdnUrl` varchar(255) COLLATE utf8_unicode_ci NOT NULL,
  `dateCreated` datetime NOT NULL,
  `dateUpdated` datetime NOT NULL,
  `uid` char(36) COLLATE utf8_unicode_ci NOT NULL DEFAULT '0',
  PRIMARY KEY (`id`),
  UNIQUE KEY `craft_rackspaceaccess_connectionKey_unq_idx` (`connectionKey`)
) ENGINE=InnoDB DEFAULT CHARSET=utf8 COLLATE=utf8_unicode_ci;

DROP TABLE IF EXISTS `craft_relations`;


--
-- Schema for table `craft_relations`
--
CREATE TABLE `craft_relations` (
  `id` int(11) NOT NULL AUTO_INCREMENT,
  `fieldId` int(11) NOT NULL,
  `sourceId` int(11) NOT NULL,
  `sourceLocale` char(12) COLLATE utf8_unicode_ci DEFAULT NULL,
  `targetId` int(11) NOT NULL,
  `sortOrder` smallint(6) DEFAULT NULL,
  `dateCreated` datetime NOT NULL,
  `dateUpdated` datetime NOT NULL,
  `uid` char(36) COLLATE utf8_unicode_ci NOT NULL DEFAULT '0',
  PRIMARY KEY (`id`),
  UNIQUE KEY `craft_relations_fieldId_sourceId_sourceLocale_targetId_unq_idx` (`fieldId`,`sourceId`,`sourceLocale`,`targetId`),
  KEY `craft_relations_sourceId_fk` (`sourceId`),
  KEY `craft_relations_sourceLocale_fk` (`sourceLocale`),
  KEY `craft_relations_targetId_fk` (`targetId`)
) ENGINE=InnoDB AUTO_INCREMENT=33 DEFAULT CHARSET=utf8 COLLATE=utf8_unicode_ci;

--
-- Data for table `craft_relations`
--

INSERT INTO `craft_relations` (`id`, `fieldId`, `sourceId`, `sourceLocale`, `targetId`, `sortOrder`, `dateCreated`, `dateUpdated`, `uid`) VALUES
 ('22', '56', '34', NULL, '36', '1', '2019-02-01 15:56:22', '2019-02-01 15:56:22', '3538aa0f-7f33-4815-af0f-1f83a6034ea4'),
 ('23', '56', '35', NULL, '37', '1', '2019-02-01 15:56:22', '2019-02-01 15:56:22', '4ac1cc21-9a0b-44a0-b0ff-dd5a2af6a806'),
 ('24', '52', '42', NULL, '31', '1', '2019-02-01 15:56:22', '2019-02-01 15:56:22', '2ab81c96-9748-4fea-86e1-a4df7efe03d6'),
 ('25', '52', '46', NULL, '43', '1', '2019-02-01 15:56:23', '2019-02-01 15:56:23', '8b0bb9ac-8067-4660-8339-02ac359526fd'),
 ('26', '52', '47', NULL, '45', '1', '2019-02-01 15:56:23', '2019-02-01 15:56:23', '10ff3a3d-dfbe-4b53-9682-6b6f123f223e'),
 ('27', '52', '48', NULL, '44', '1', '2019-02-01 15:56:23', '2019-02-01 15:56:23', '395160bd-bf2b-416e-9efa-99b06eabb7ac'),
 ('28', '60', '49', NULL, '1', '1', '2019-02-01 16:05:11', '2019-02-01 16:05:11', '720e4d42-c6f0-453d-a2dc-822466f4b80a'),
 ('30', '60', '51', NULL, '26', '1', '2019-02-01 16:07:16', '2019-02-01 16:07:16', '7c257551-3962-43c4-9be6-b1c918df1a0e'),
 ('31', '60', '52', NULL, '26', '1', '2019-02-01 17:11:38', '2019-02-01 17:11:38', '14013992-245c-44ee-a574-a64fcc2b08c0'),
 ('32', '60', '53', NULL, '26', '1', '2019-02-01 17:12:25', '2019-02-01 17:12:25', 'b0331e70-2a9d-4b72-8154-0d5daee72e25');



DROP TABLE IF EXISTS `craft_routes`;


--
-- Schema for table `craft_routes`
--
CREATE TABLE `craft_routes` (
  `id` int(11) NOT NULL AUTO_INCREMENT,
  `locale` char(12) COLLATE utf8_unicode_ci DEFAULT NULL,
  `urlParts` varchar(255) COLLATE utf8_unicode_ci NOT NULL,
  `urlPattern` varchar(255) COLLATE utf8_unicode_ci NOT NULL,
  `template` varchar(255) COLLATE utf8_unicode_ci NOT NULL,
  `sortOrder` smallint(6) unsigned DEFAULT NULL,
  `dateCreated` datetime NOT NULL,
  `dateUpdated` datetime NOT NULL,
  `uid` char(36) COLLATE utf8_unicode_ci NOT NULL DEFAULT '0',
  PRIMARY KEY (`id`),
  KEY `craft_routes_locale_idx` (`locale`),
  KEY `craft_routes_urlPattern_idx` (`urlPattern`)
) ENGINE=InnoDB DEFAULT CHARSET=utf8 COLLATE=utf8_unicode_ci;

DROP TABLE IF EXISTS `craft_searchindex`;


--
-- Schema for table `craft_searchindex`
--
CREATE TABLE `craft_searchindex` (
  `elementId` int(11) NOT NULL,
  `attribute` varchar(25) COLLATE utf8_unicode_ci NOT NULL,
  `fieldId` int(11) NOT NULL,
  `locale` char(12) COLLATE utf8_unicode_ci NOT NULL,
  `keywords` text COLLATE utf8_unicode_ci NOT NULL,
  PRIMARY KEY (`elementId`,`attribute`,`fieldId`,`locale`),
  FULLTEXT KEY `craft_searchindex_keywords_idx` (`keywords`)
) ENGINE=MyISAM DEFAULT CHARSET=utf8 COLLATE=utf8_unicode_ci;

--
-- Data for table `craft_searchindex`
--

INSERT INTO `craft_searchindex` (`elementId`, `attribute`, `fieldId`, `locale`, `keywords`) VALUES
 ('1', 'username', '0', 'en_gb', ' admin '),
 ('1', 'firstname', '0', 'en_gb', ''),
 ('1', 'lastname', '0', 'en_gb', ''),
 ('1', 'fullname', '0', 'en_gb', ''),
 ('1', 'email', '0', 'en_gb', ' info pixelproject com '),
 ('1', 'slug', '0', 'en_gb', ''),
 ('49', 'field', '36', 'en_gb', ' firstnametest '),
 ('15', 'field', '41', 'en_gb', ''),
 ('15', 'field', '42', 'en_gb', ''),
 ('15', 'field', '43', 'en_gb', ''),
 ('15', 'field', '44', 'en_gb', ''),
 ('15', 'field', '45', 'en_gb', ' tick1 '),
 ('15', 'field', '46', 'en_gb', ' tick1 '),
 ('15', 'field', '60', 'en_gb', ''),
 ('49', 'field', '34', 'en_gb', ' 11 '),
 ('49', 'field', '35', 'en_gb', ' 75757575 '),
 ('34', 'field', '54', 'en_gb', ' sebastien '),
 ('26', 'field', '53', 'en_gb', ' sebastien sebastien horizontal buemi oliver rowland horizontal rowland '),
 ('10', 'name', '0', 'en_gb', ' nissan fe form 1 '),
 ('10', 'handle', '0', 'en_gb', ' nissan_fe_form1 '),
 ('10', 'slug', '0', 'en_gb', ''),
 ('17', 'field', '40', 'en_gb', ''),
 ('17', 'field', '39', 'en_gb', ''),
 ('17', 'field', '38', 'en_gb', ' test2 pixel com '),
 ('17', 'field', '37', 'en_gb', ' lastnametest '),
 ('17', 'field', '36', 'en_gb', ' firstnametest '),
 ('17', 'field', '35', 'en_gb', ' 75757575 '),
 ('17', 'field', '34', 'en_gb', ' 11 '),
 ('16', 'slug', '0', 'en_gb', ' fri 01 feb 2019 111055 '),
 ('16', 'formname', '0', 'en_gb', ''),
 ('16', 'title', '0', 'en_gb', ' fri 01 feb 2019 11 10 55 '),
 ('16', 'id', '0', 'en_gb', ' 16 '),
 ('16', 'field', '40', 'en_gb', ''),
 ('16', 'field', '39', 'en_gb', ''),
 ('16', 'field', '38', 'en_gb', ' test2 pixel com '),
 ('16', 'field', '37', 'en_gb', ' lastnametest '),
 ('16', 'field', '36', 'en_gb', ' firstnametest '),
 ('16', 'field', '35', 'en_gb', ' 75757575 '),
 ('16', 'field', '34', 'en_gb', ' 11 '),
 ('15', 'slug', '0', 'en_gb', ' fri 01 feb 2019 111020 '),
 ('15', 'formname', '0', 'en_gb', ' nissan fe form 1 '),
 ('15', 'title', '0', 'en_gb', ' fri 01 feb 2019 11 10 20 '),
 ('15', 'id', '0', 'en_gb', ' 15 '),
 ('15', 'field', '40', 'en_gb', ''),
 ('15', 'field', '39', 'en_gb', ''),
 ('15', 'field', '38', 'en_gb', ' test2 pixel com '),
 ('15', 'field', '37', 'en_gb', ' lastnametest '),
 ('15', 'field', '36', 'en_gb', ' firstnametest '),
 ('15', 'field', '35', 'en_gb', ' 75757575 '),
 ('15', 'field', '34', 'en_gb', ' 11 '),
 ('17', 'id', '0', 'en_gb', ' 17 '),
 ('17', 'title', '0', 'en_gb', ' fri 01 feb 2019 11 11 24 '),
 ('17', 'formname', '0', 'en_gb', ''),
 ('17', 'slug', '0', 'en_gb', ' fri 01 feb 2019 111124 '),
 ('18', 'field', '34', 'en_gb', ' 11 '),
 ('18', 'field', '35', 'en_gb', ' 75757575 '),
 ('18', 'field', '36', 'en_gb', ' firstnametest '),
 ('18', 'field', '37', 'en_gb', ' lastnametest '),
 ('18', 'field', '38', 'en_gb', ' test2 pixel com '),
 ('18', 'field', '39', 'en_gb', ''),
 ('18', 'field', '40', 'en_gb', ''),
 ('18', 'id', '0', 'en_gb', ' 18 '),
 ('18', 'title', '0', 'en_gb', ' fri 01 feb 2019 11 11 54 '),
 ('18', 'formname', '0', 'en_gb', ''),
 ('18', 'slug', '0', 'en_gb', ' fri 01 feb 2019 111154 '),
 ('19', 'field', '34', 'en_gb', ' 11 '),
 ('19', 'field', '35', 'en_gb', ' 75757575 '),
 ('19', 'field', '36', 'en_gb', ' firstnametest '),
 ('19', 'field', '37', 'en_gb', ' lastnametest '),
 ('19', 'field', '38', 'en_gb', ' test2 pixel com '),
 ('19', 'field', '39', 'en_gb', ' tick1 '),
 ('19', 'field', '40', 'en_gb', ''),
 ('19', 'id', '0', 'en_gb', ' 19 '),
 ('19', 'title', '0', 'en_gb', ' fri 01 feb 2019 11 13 14 '),
 ('19', 'formname', '0', 'en_gb', ''),
 ('19', 'slug', '0', 'en_gb', ' fri 01 feb 2019 111314 '),
 ('20', 'field', '34', 'en_gb', ' 11 '),
 ('20', 'field', '35', 'en_gb', ' 75757575 '),
 ('20', 'field', '36', 'en_gb', ' firstnametest '),
 ('20', 'field', '37', 'en_gb', ' lastnametest '),
 ('20', 'field', '38', 'en_gb', ' test2 pixel com '),
 ('20', 'field', '39', 'en_gb', ' tick1 '),
 ('20', 'field', '40', 'en_gb', ' tick1 '),
 ('20', 'id', '0', 'en_gb', ' 20 '),
 ('20', 'title', '0', 'en_gb', ' fri 01 feb 2019 11 16 39 '),
 ('20', 'formname', '0', 'en_gb', ''),
 ('20', 'slug', '0', 'en_gb', ' fri 01 feb 2019 111639 '),
 ('21', 'field', '34', 'en_gb', ' 11 '),
 ('21', 'field', '35', 'en_gb', ' 75757575 '),
 ('21', 'field', '36', 'en_gb', ' firstnametest '),
 ('21', 'field', '37', 'en_gb', ' lastnametest '),
 ('21', 'field', '38', 'en_gb', ' test2 pixel com '),
 ('21', 'field', '39', 'en_gb', ''),
 ('21', 'field', '40', 'en_gb', ''),
 ('21', 'id', '0', 'en_gb', ' 21 '),
 ('21', 'title', '0', 'en_gb', ' fri 01 feb 2019 11 16 57 '),
 ('21', 'formname', '0', 'en_gb', ''),
 ('21', 'slug', '0', 'en_gb', ' fri 01 feb 2019 111657 '),
 ('26', 'field', '1', 'en_gb', ' event info goes here '),
 ('26', 'field', '47', 'en_gb', ' fa0a32 00d9ff 0afc57 e1ff00 ');
INSERT INTO `craft_searchindex` (`elementId`, `attribute`, `fieldId`, `locale`, `keywords`) VALUES
 ('26', 'field', '49', 'en_gb', ' venetian style spritz aperol spritz spritz cosmopolitan metro cosmo cosmo on the rocks whiskey whiskey frozen solid frozen margarita margarita '),
 ('26', 'slug', '0', 'en_gb', ' nissan fe rome '),
 ('26', 'title', '0', 'en_gb', ' nissan fe rome '),
 ('38', 'field', '48', 'en_gb', ' fa0a32 '),
 ('38', 'slug', '0', 'en_gb', ''),
 ('39', 'field', '48', 'en_gb', ' 00d9ff '),
 ('41', 'field', '48', 'en_gb', ' e1ff00 '),
 ('40', 'slug', '0', 'en_gb', ''),
 ('40', 'field', '48', 'en_gb', ' 0afc57 '),
 ('39', 'slug', '0', 'en_gb', ''),
 ('31', 'filename', '0', 'en_gb', ' aperol spritz jpg '),
 ('31', 'extension', '0', 'en_gb', ' jpg '),
 ('31', 'kind', '0', 'en_gb', ' image '),
 ('31', 'slug', '0', 'en_gb', ' aperol spritz '),
 ('31', 'title', '0', 'en_gb', ' aperol spritz '),
 ('26', 'field', '58', 'en_gb', ' 2019 02 01 '),
 ('26', 'field', '59', 'en_gb', ' 2019 03 01 '),
 ('34', 'field', '55', 'en_gb', ' buemi '),
 ('34', 'field', '56', 'en_gb', ' sebastien horizontal '),
 ('34', 'field', '57', 'en_gb', ''),
 ('34', 'slug', '0', 'en_gb', ''),
 ('35', 'field', '54', 'en_gb', ' oliver '),
 ('35', 'field', '55', 'en_gb', ' rowland '),
 ('35', 'field', '56', 'en_gb', ' rowland horizontal '),
 ('35', 'field', '57', 'en_gb', ''),
 ('35', 'slug', '0', 'en_gb', ''),
 ('36', 'filename', '0', 'en_gb', ' sebastien_horizontal jpg '),
 ('36', 'extension', '0', 'en_gb', ' jpg '),
 ('36', 'kind', '0', 'en_gb', ' image '),
 ('36', 'slug', '0', 'en_gb', ' sebastien horizontal '),
 ('36', 'title', '0', 'en_gb', ' sebastien horizontal '),
 ('37', 'filename', '0', 'en_gb', ' rowland_horizontal jpg '),
 ('37', 'extension', '0', 'en_gb', ' jpg '),
 ('37', 'kind', '0', 'en_gb', ' image '),
 ('37', 'slug', '0', 'en_gb', ' rowland horizontal '),
 ('37', 'title', '0', 'en_gb', ' rowland horizontal '),
 ('41', 'slug', '0', 'en_gb', ''),
 ('42', 'field', '50', 'en_gb', ' spritz '),
 ('42', 'field', '51', 'en_gb', ' venetian style spritz '),
 ('42', 'field', '52', 'en_gb', ' aperol spritz '),
 ('42', 'slug', '0', 'en_gb', ''),
 ('43', 'filename', '0', 'en_gb', ' cosmo jpg '),
 ('43', 'extension', '0', 'en_gb', ' jpg '),
 ('43', 'kind', '0', 'en_gb', ' image '),
 ('43', 'slug', '0', 'en_gb', ' cosmo '),
 ('43', 'title', '0', 'en_gb', ' cosmo '),
 ('44', 'filename', '0', 'en_gb', ' frozenmargarita jpg '),
 ('44', 'extension', '0', 'en_gb', ' jpg '),
 ('44', 'kind', '0', 'en_gb', ' image '),
 ('44', 'slug', '0', 'en_gb', ' frozen margarita '),
 ('44', 'title', '0', 'en_gb', ' frozen margarita '),
 ('45', 'filename', '0', 'en_gb', ' whiskey jpg '),
 ('45', 'extension', '0', 'en_gb', ' jpg '),
 ('45', 'kind', '0', 'en_gb', ' image '),
 ('45', 'slug', '0', 'en_gb', ' whiskey '),
 ('45', 'title', '0', 'en_gb', ' whiskey '),
 ('46', 'field', '50', 'en_gb', ' cosmo '),
 ('46', 'field', '51', 'en_gb', ' cosmopolitan metro '),
 ('46', 'field', '52', 'en_gb', ' cosmo '),
 ('46', 'slug', '0', 'en_gb', ''),
 ('47', 'field', '50', 'en_gb', ' whiskey '),
 ('47', 'field', '51', 'en_gb', ' on the rocks '),
 ('47', 'field', '52', 'en_gb', ' whiskey '),
 ('47', 'slug', '0', 'en_gb', ''),
 ('48', 'field', '50', 'en_gb', ' margarita '),
 ('48', 'field', '51', 'en_gb', ' frozen solid '),
 ('48', 'field', '52', 'en_gb', ' frozen margarita '),
 ('48', 'slug', '0', 'en_gb', ''),
 ('49', 'field', '37', 'en_gb', ' lastnametest '),
 ('49', 'field', '38', 'en_gb', ' test2 pixel com '),
 ('49', 'field', '39', 'en_gb', ' tick1 '),
 ('49', 'field', '40', 'en_gb', ' tick1 '),
 ('49', 'field', '41', 'en_gb', ' guardianfirstnametest '),
 ('49', 'field', '42', 'en_gb', ' guardianlastnametest '),
 ('49', 'field', '43', 'en_gb', ' guardian pixel com '),
 ('49', 'field', '44', 'en_gb', ' tick1 '),
 ('49', 'field', '45', 'en_gb', ' tick2 '),
 ('49', 'field', '46', 'en_gb', ' tick3 '),
 ('49', 'field', '60', 'en_gb', ''),
 ('49', 'id', '0', 'en_gb', ' 49 '),
 ('49', 'title', '0', 'en_gb', ' fri 01 feb 2019 16 05 11 '),
 ('49', 'formname', '0', 'en_gb', ''),
 ('49', 'slug', '0', 'en_gb', ' fri 01 feb 2019 160511 '),
 ('50', 'field', '34', 'en_gb', ' 11 '),
 ('50', 'field', '35', 'en_gb', ' 75757575 '),
 ('50', 'field', '36', 'en_gb', ' firstnametest '),
 ('50', 'field', '37', 'en_gb', ' lastnametest '),
 ('50', 'field', '38', 'en_gb', ' test2 pixel com '),
 ('50', 'field', '39', 'en_gb', ' tick1 '),
 ('50', 'field', '40', 'en_gb', ' tick1 '),
 ('50', 'field', '41', 'en_gb', ' guardianfirstnametest '),
 ('50', 'field', '42', 'en_gb', ' guardianlastnametest '),
 ('50', 'field', '43', 'en_gb', ' guardian pixel com '),
 ('50', 'field', '44', 'en_gb', ' tick1 '),
 ('50', 'field', '45', 'en_gb', ' tick2 '),
 ('50', 'field', '46', 'en_gb', ' tick3 '),
 ('50', 'field', '60', 'en_gb', ''),
 ('50', 'id', '0', 'en_gb', ' 50 '),
 ('50', 'title', '0', 'en_gb', ' fri 01 feb 2019 16 05 57 '),
 ('50', 'formname', '0', 'en_gb', '');
INSERT INTO `craft_searchindex` (`elementId`, `attribute`, `fieldId`, `locale`, `keywords`) VALUES
 ('50', 'slug', '0', 'en_gb', ' fri 01 feb 2019 160557 '),
 ('51', 'field', '34', 'en_gb', ' 11 '),
 ('51', 'field', '35', 'en_gb', ' 75757575 '),
 ('51', 'field', '36', 'en_gb', ' firstnametest '),
 ('51', 'field', '37', 'en_gb', ' lastnametest '),
 ('51', 'field', '38', 'en_gb', ' test2 pixel com '),
 ('51', 'field', '39', 'en_gb', ' tick1 '),
 ('51', 'field', '40', 'en_gb', ' tick1 '),
 ('51', 'field', '41', 'en_gb', ' guardianfirstnametest '),
 ('51', 'field', '42', 'en_gb', ' guardianlastnametest '),
 ('51', 'field', '43', 'en_gb', ' guardian pixel com '),
 ('51', 'field', '44', 'en_gb', ' tick1 '),
 ('51', 'field', '45', 'en_gb', ' tick2 '),
 ('51', 'field', '46', 'en_gb', ' tick3 '),
 ('51', 'field', '60', 'en_gb', ' nissan fe rome '),
 ('51', 'id', '0', 'en_gb', ' 51 '),
 ('51', 'title', '0', 'en_gb', ' fri 01 feb 2019 16 07 16 '),
 ('51', 'formname', '0', 'en_gb', ''),
 ('51', 'slug', '0', 'en_gb', ' fri 01 feb 2019 160716 '),
 ('52', 'field', '34', 'en_gb', ' 11 '),
 ('52', 'field', '35', 'en_gb', ' 75757575 '),
 ('52', 'field', '36', 'en_gb', ' firstnametest '),
 ('52', 'field', '37', 'en_gb', ' lastnametest '),
 ('52', 'field', '38', 'en_gb', ' test2 pixel com '),
 ('52', 'field', '39', 'en_gb', ' tick1 '),
 ('52', 'field', '40', 'en_gb', ' tick1 '),
 ('52', 'field', '41', 'en_gb', ' guardianfirstnametest '),
 ('52', 'field', '42', 'en_gb', ' guardianlastnametest '),
 ('52', 'field', '43', 'en_gb', ' guardian pixel com '),
 ('52', 'field', '44', 'en_gb', ' tick1 '),
 ('52', 'field', '45', 'en_gb', ' tick2 '),
 ('52', 'field', '46', 'en_gb', ' tick3 '),
 ('52', 'field', '60', 'en_gb', ' nissan fe rome '),
 ('52', 'id', '0', 'en_gb', ' 52 '),
 ('52', 'title', '0', 'en_gb', ' fri 01 feb 2019 17 11 38 '),
 ('52', 'formname', '0', 'en_gb', ''),
 ('52', 'slug', '0', 'en_gb', ' fri 01 feb 2019 171138 '),
 ('53', 'field', '34', 'en_gb', ' 22 '),
 ('53', 'field', '35', 'en_gb', ' 75757575 '),
 ('53', 'field', '36', 'en_gb', ' paul '),
 ('53', 'field', '37', 'en_gb', ' lastnametest '),
 ('53', 'field', '38', 'en_gb', ' test2 pixel com '),
 ('53', 'field', '39', 'en_gb', ' tick1 '),
 ('53', 'field', '40', 'en_gb', ' tick1 '),
 ('53', 'field', '41', 'en_gb', ' guardianfirstnametest '),
 ('53', 'field', '42', 'en_gb', ' guardianlastnametest '),
 ('53', 'field', '43', 'en_gb', ' guardian pixel com '),
 ('53', 'field', '44', 'en_gb', ' tick1 '),
 ('53', 'field', '45', 'en_gb', ' tick2 '),
 ('53', 'field', '46', 'en_gb', ' tick3 '),
 ('53', 'field', '60', 'en_gb', ' nissan fe rome '),
 ('53', 'id', '0', 'en_gb', ' 53 '),
 ('53', 'title', '0', 'en_gb', ' fri 01 feb 2019 17 12 25 '),
 ('53', 'formname', '0', 'en_gb', ''),
 ('53', 'slug', '0', 'en_gb', ' fri 01 feb 2019 171225 ');



DROP TABLE IF EXISTS `craft_sections`;


--
-- Schema for table `craft_sections`
--
CREATE TABLE `craft_sections` (
  `id` int(11) NOT NULL AUTO_INCREMENT,
  `structureId` int(11) DEFAULT NULL,
  `name` varchar(255) COLLATE utf8_unicode_ci NOT NULL,
  `handle` varchar(255) COLLATE utf8_unicode_ci NOT NULL,
  `type` enum('single','channel','structure') COLLATE utf8_unicode_ci NOT NULL DEFAULT 'channel',
  `hasUrls` tinyint(1) unsigned NOT NULL DEFAULT '1',
  `template` varchar(500) COLLATE utf8_unicode_ci DEFAULT NULL,
  `enableVersioning` tinyint(1) unsigned NOT NULL DEFAULT '0',
  `dateCreated` datetime NOT NULL,
  `dateUpdated` datetime NOT NULL,
  `uid` char(36) COLLATE utf8_unicode_ci NOT NULL DEFAULT '0',
  PRIMARY KEY (`id`),
  UNIQUE KEY `craft_sections_name_unq_idx` (`name`),
  UNIQUE KEY `craft_sections_handle_unq_idx` (`handle`),
  KEY `craft_sections_structureId_fk` (`structureId`)
) ENGINE=InnoDB AUTO_INCREMENT=6 DEFAULT CHARSET=utf8 COLLATE=utf8_unicode_ci;

--
-- Data for table `craft_sections`
--

INSERT INTO `craft_sections` (`id`, `structureId`, `name`, `handle`, `type`, `hasUrls`, `template`, `enableVersioning`, `dateCreated`, `dateUpdated`, `uid`) VALUES
 ('4', NULL, 'Events', 'events', 'channel', '0', NULL, '1', '2019-02-01 11:28:56', '2019-02-01 15:46:22', 'f8992ad8-fbd5-4516-b953-77ab9d2e6605');



DROP TABLE IF EXISTS `craft_sections_i18n`;


--
-- Schema for table `craft_sections_i18n`
--
CREATE TABLE `craft_sections_i18n` (
  `id` int(11) NOT NULL AUTO_INCREMENT,
  `sectionId` int(11) NOT NULL,
  `locale` char(12) COLLATE utf8_unicode_ci NOT NULL,
  `enabledByDefault` tinyint(1) unsigned NOT NULL DEFAULT '1',
  `urlFormat` text COLLATE utf8_unicode_ci,
  `nestedUrlFormat` text COLLATE utf8_unicode_ci,
  `dateCreated` datetime NOT NULL,
  `dateUpdated` datetime NOT NULL,
  `uid` char(36) COLLATE utf8_unicode_ci NOT NULL DEFAULT '0',
  PRIMARY KEY (`id`),
  UNIQUE KEY `craft_sections_i18n_sectionId_locale_unq_idx` (`sectionId`,`locale`),
  KEY `craft_sections_i18n_locale_fk` (`locale`)
) ENGINE=InnoDB AUTO_INCREMENT=6 DEFAULT CHARSET=utf8 COLLATE=utf8_unicode_ci;

--
-- Data for table `craft_sections_i18n`
--

INSERT INTO `craft_sections_i18n` (`id`, `sectionId`, `locale`, `enabledByDefault`, `urlFormat`, `nestedUrlFormat`, `dateCreated`, `dateUpdated`, `uid`) VALUES
 ('4', '4', 'en_gb', '1', NULL, NULL, '2019-02-01 11:28:56', '2019-02-01 11:28:56', '2581957e-71f7-4a33-a62a-7a133cc8c597');



DROP TABLE IF EXISTS `craft_sessions`;


--
-- Schema for table `craft_sessions`
--
CREATE TABLE `craft_sessions` (
  `id` int(11) NOT NULL AUTO_INCREMENT,
  `userId` int(11) NOT NULL,
  `token` char(100) COLLATE utf8_unicode_ci NOT NULL,
  `dateCreated` datetime NOT NULL,
  `dateUpdated` datetime NOT NULL,
  `uid` char(36) COLLATE utf8_unicode_ci NOT NULL DEFAULT '0',
  PRIMARY KEY (`id`),
  KEY `craft_sessions_uid_idx` (`uid`),
  KEY `craft_sessions_token_idx` (`token`),
  KEY `craft_sessions_dateUpdated_idx` (`dateUpdated`),
  KEY `craft_sessions_userId_fk` (`userId`)
) ENGINE=InnoDB DEFAULT CHARSET=utf8 COLLATE=utf8_unicode_ci;

DROP TABLE IF EXISTS `craft_shunnedmessages`;


--
-- Schema for table `craft_shunnedmessages`
--
CREATE TABLE `craft_shunnedmessages` (
  `id` int(11) NOT NULL AUTO_INCREMENT,
  `userId` int(11) NOT NULL,
  `message` varchar(255) COLLATE utf8_unicode_ci NOT NULL,
  `expiryDate` datetime DEFAULT NULL,
  `dateCreated` datetime NOT NULL,
  `dateUpdated` datetime NOT NULL,
  `uid` char(36) COLLATE utf8_unicode_ci NOT NULL DEFAULT '0',
  PRIMARY KEY (`id`),
  UNIQUE KEY `craft_shunnedmessages_userId_message_unq_idx` (`userId`,`message`)
) ENGINE=InnoDB DEFAULT CHARSET=utf8 COLLATE=utf8_unicode_ci;

DROP TABLE IF EXISTS `craft_sproutforms_entries`;


--
-- Schema for table `craft_sproutforms_entries`
--
CREATE TABLE `craft_sproutforms_entries` (
  `id` int(11) NOT NULL,
  `formId` int(11) NOT NULL,
  `statusId` int(10) DEFAULT NULL,
  `ipAddress` varchar(255) COLLATE utf8_unicode_ci DEFAULT NULL,
  `userAgent` text COLLATE utf8_unicode_ci,
  `dateCreated` datetime NOT NULL,
  `dateUpdated` datetime NOT NULL,
  `uid` char(36) COLLATE utf8_unicode_ci NOT NULL DEFAULT '0',
  PRIMARY KEY (`id`),
  KEY `craft_sproutforms_entries_formId_fk` (`formId`),
  KEY `craft_sproutforms_entries_statusId_fk` (`statusId`)
) ENGINE=InnoDB DEFAULT CHARSET=utf8 COLLATE=utf8_unicode_ci;

--
-- Data for table `craft_sproutforms_entries`
--

INSERT INTO `craft_sproutforms_entries` (`id`, `formId`, `statusId`, `ipAddress`, `userAgent`, `dateCreated`, `dateUpdated`, `uid`) VALUES
 ('15', '10', '1', '127.0.0.1', 'Mozilla/5.0 (Macintosh; Intel Mac OS X 10_14_2) AppleWebKit/605.1.15 (KHTML, like Gecko) Version/12.0.2 Safari/605.1.15', '2019-02-01 11:10:20', '2019-02-01 16:03:38', '2d198b0b-a317-4bc4-80d9-c319124d0e5e'),
 ('16', '10', '1', '127.0.0.1', 'Mozilla/5.0 (Macintosh; U; Intel Mac OS X; en-ZA) AppleWebKit/533.19.4 (KHTML, like Gecko) AdobeAIR/31.0', '2019-02-01 11:10:55', '2019-02-01 11:10:55', '80e1be91-e585-4b27-85bb-fdf0180188c6'),
 ('17', '10', '1', '127.0.0.1', 'Mozilla/5.0 (Macintosh; U; Intel Mac OS X; en-ZA) AppleWebKit/533.19.4 (KHTML, like Gecko) AdobeAIR/31.0', '2019-02-01 11:11:24', '2019-02-01 11:11:24', 'de3aa275-52cb-44cc-8007-8a167e5b8d91'),
 ('18', '10', '1', '127.0.0.1', 'Mozilla/5.0 (Macintosh; U; Intel Mac OS X; en-ZA) AppleWebKit/533.19.4 (KHTML, like Gecko) AdobeAIR/31.0', '2019-02-01 11:11:54', '2019-02-01 11:11:54', 'dabd3b9a-cf51-4d47-8eff-ebda0066ec8b'),
 ('19', '10', '1', '127.0.0.1', 'Mozilla/5.0 (Macintosh; U; Intel Mac OS X; en-ZA) AppleWebKit/533.19.4 (KHTML, like Gecko) AdobeAIR/31.0', '2019-02-01 11:13:14', '2019-02-01 11:13:14', '3b2d88bb-e6bd-418e-adbe-8faa8b0bf2a5'),
 ('20', '10', '1', '127.0.0.1', 'Mozilla/5.0 (Macintosh; U; Intel Mac OS X; en-ZA) AppleWebKit/533.19.4 (KHTML, like Gecko) AdobeAIR/31.0', '2019-02-01 11:16:39', '2019-02-01 11:16:39', 'c9a11366-f248-4378-bba5-fa021797a0cb'),
 ('21', '10', '1', '127.0.0.1', 'Mozilla/5.0 (Macintosh; U; Intel Mac OS X; en-ZA) AppleWebKit/533.19.4 (KHTML, like Gecko) AdobeAIR/31.0', '2019-02-01 11:16:57', '2019-02-01 11:16:57', '2e411570-27e8-4b79-a661-da3b28048c89'),
 ('49', '10', '1', '127.0.0.1', 'Mozilla/5.0 (Macintosh; U; Intel Mac OS X; en-ZA) AppleWebKit/533.19.4 (KHTML, like Gecko) AdobeAIR/31.0', '2019-02-01 16:05:11', '2019-02-01 16:05:11', '718d2b2b-dc9b-492d-bf24-6d3ec4c54228'),
 ('51', '10', '1', '127.0.0.1', 'Mozilla/5.0 (Macintosh; U; Intel Mac OS X; en-ZA) AppleWebKit/533.19.4 (KHTML, like Gecko) AdobeAIR/31.0', '2019-02-01 16:07:16', '2019-02-01 16:07:16', '2f98ecc5-e790-4b02-9807-6a15b383b9ef'),
 ('52', '10', '1', '127.0.0.1', 'Mozilla/5.0 (Macintosh; U; Intel Mac OS X; en-ZA) AppleWebKit/533.19.4 (KHTML, like Gecko) AdobeAIR/31.0', '2019-02-01 17:11:38', '2019-02-01 17:11:38', '1832cf47-edc8-4951-951f-b8a9efe3a832'),
 ('53', '10', '1', '127.0.0.1', 'Mozilla/5.0 (Macintosh; U; Intel Mac OS X; en-ZA) AppleWebKit/533.19.4 (KHTML, like Gecko) AdobeAIR/31.0', '2019-02-01 17:12:25', '2019-02-01 17:12:25', 'bea671ea-9178-44f0-879c-a3f4729b5df5');



DROP TABLE IF EXISTS `craft_sproutforms_entrystatuses`;


--
-- Schema for table `craft_sproutforms_entrystatuses`
--
CREATE TABLE `craft_sproutforms_entrystatuses` (
  `id` int(11) NOT NULL AUTO_INCREMENT,
  `name` varchar(255) COLLATE utf8_unicode_ci NOT NULL,
  `handle` varchar(255) COLLATE utf8_unicode_ci NOT NULL,
  `color` enum('green','orange','red','blue','yellow','pink','purple','turquoise','light','grey','black') COLLATE utf8_unicode_ci NOT NULL DEFAULT 'blue',
  `sortOrder` smallint(6) unsigned DEFAULT NULL,
  `isDefault` tinyint(1) unsigned NOT NULL DEFAULT '0',
  `dateCreated` datetime NOT NULL,
  `dateUpdated` datetime NOT NULL,
  `uid` char(36) COLLATE utf8_unicode_ci NOT NULL DEFAULT '0',
  PRIMARY KEY (`id`)
) ENGINE=InnoDB AUTO_INCREMENT=3 DEFAULT CHARSET=utf8 COLLATE=utf8_unicode_ci;

--
-- Data for table `craft_sproutforms_entrystatuses`
--

INSERT INTO `craft_sproutforms_entrystatuses` (`id`, `name`, `handle`, `color`, `sortOrder`, `isDefault`, `dateCreated`, `dateUpdated`, `uid`) VALUES
 ('1', 'Unread', 'unread', 'blue', '1', '1', '2019-02-01 10:34:03', '2019-02-01 10:34:03', 'f23db6b5-6030-4bec-bf83-6c1041cde518'),
 ('2', 'Read', 'read', 'grey', '2', '0', '2019-02-01 10:34:03', '2019-02-01 10:34:03', '1e279613-6bbe-43c9-8cd0-d759903496b6');



DROP TABLE IF EXISTS `craft_sproutforms_formgroups`;


--
-- Schema for table `craft_sproutforms_formgroups`
--
CREATE TABLE `craft_sproutforms_formgroups` (
  `id` int(11) NOT NULL AUTO_INCREMENT,
  `name` varchar(255) COLLATE utf8_unicode_ci NOT NULL,
  `dateCreated` datetime NOT NULL,
  `dateUpdated` datetime NOT NULL,
  `uid` char(36) COLLATE utf8_unicode_ci NOT NULL DEFAULT '0',
  PRIMARY KEY (`id`),
  UNIQUE KEY `craft_sproutforms_formgroups_name_unq_idx` (`name`)
) ENGINE=InnoDB DEFAULT CHARSET=utf8 COLLATE=utf8_unicode_ci;

DROP TABLE IF EXISTS `craft_sproutforms_forms`;


--
-- Schema for table `craft_sproutforms_forms`
--
CREATE TABLE `craft_sproutforms_forms` (
  `id` int(11) NOT NULL,
  `fieldLayoutId` int(11) DEFAULT NULL,
  `groupId` int(10) DEFAULT NULL,
  `name` varchar(255) COLLATE utf8_unicode_ci NOT NULL,
  `handle` varchar(255) COLLATE utf8_unicode_ci NOT NULL,
  `titleFormat` varchar(255) COLLATE utf8_unicode_ci NOT NULL,
  `displaySectionTitles` tinyint(1) unsigned NOT NULL DEFAULT '0',
  `redirectUri` varchar(255) COLLATE utf8_unicode_ci DEFAULT NULL,
  `submitAction` varchar(255) COLLATE utf8_unicode_ci DEFAULT NULL,
  `submitButtonText` varchar(255) COLLATE utf8_unicode_ci DEFAULT NULL,
  `saveData` tinyint(1) unsigned NOT NULL DEFAULT '0',
  `notificationEnabled` tinyint(1) unsigned NOT NULL DEFAULT '0',
  `notificationRecipients` varchar(255) COLLATE utf8_unicode_ci DEFAULT NULL,
  `notificationSubject` varchar(255) COLLATE utf8_unicode_ci DEFAULT NULL,
  `notificationSenderName` varchar(255) COLLATE utf8_unicode_ci DEFAULT NULL,
  `notificationSenderEmail` varchar(255) COLLATE utf8_unicode_ci DEFAULT NULL,
  `notificationReplyToEmail` varchar(255) COLLATE utf8_unicode_ci DEFAULT NULL,
  `enableTemplateOverrides` tinyint(1) unsigned NOT NULL DEFAULT '0',
  `templateOverridesFolder` varchar(255) COLLATE utf8_unicode_ci DEFAULT NULL,
  `enableFileAttachments` tinyint(1) unsigned NOT NULL DEFAULT '0',
  `dateCreated` datetime NOT NULL,
  `dateUpdated` datetime NOT NULL,
  `uid` char(36) COLLATE utf8_unicode_ci NOT NULL DEFAULT '0',
  PRIMARY KEY (`id`),
  KEY `craft_sproutforms_forms_fieldLayoutId_fk` (`fieldLayoutId`)
) ENGINE=InnoDB DEFAULT CHARSET=utf8 COLLATE=utf8_unicode_ci;

--
-- Data for table `craft_sproutforms_forms`
--

INSERT INTO `craft_sproutforms_forms` (`id`, `fieldLayoutId`, `groupId`, `name`, `handle`, `titleFormat`, `displaySectionTitles`, `redirectUri`, `submitAction`, `submitButtonText`, `saveData`, `notificationEnabled`, `notificationRecipients`, `notificationSubject`, `notificationSenderName`, `notificationSenderEmail`, `notificationReplyToEmail`, `enableTemplateOverrides`, `templateOverridesFolder`, `enableFileAttachments`, `dateCreated`, `dateUpdated`, `uid`) VALUES
 ('10', '49', NULL, 'Nissan FE form 1', 'nissan_fe_form1', '{dateCreated|date(\'D, d M Y H:i:s\')}', '0', '', NULL, '', '0', '0', '', '', '', '', '', '0', NULL, '0', '2019-02-01 00:00:00', '2019-02-01 00:00:00', '0');



DROP TABLE IF EXISTS `craft_sproutformscontent_nissan_fe_form1`;


--
-- Schema for table `craft_sproutformscontent_nissan_fe_form1`
--
CREATE TABLE `craft_sproutformscontent_nissan_fe_form1` (
  `id` int(11) NOT NULL AUTO_INCREMENT,
  `elementId` int(11) NOT NULL,
  `locale` char(12) COLLATE utf8_unicode_ci NOT NULL,
  `title` varchar(255) COLLATE utf8_unicode_ci DEFAULT NULL,
  `field_userid` int(10) unsigned DEFAULT '0',
  `field_rfid` text COLLATE utf8_unicode_ci,
  `field_firstname` text COLLATE utf8_unicode_ci,
  `field_lastname` text COLLATE utf8_unicode_ci,
  `field_email` text COLLATE utf8_unicode_ci,
  `field_checkbox_emailoptin` varchar(255) COLLATE utf8_unicode_ci DEFAULT NULL,
  `field_checkbox_under16` varchar(255) COLLATE utf8_unicode_ci DEFAULT NULL,
  `field_guardian_firstname` text COLLATE utf8_unicode_ci,
  `field_guardian_lastname` text COLLATE utf8_unicode_ci,
  `field_guardian_email` text COLLATE utf8_unicode_ci,
  `field_multi_colour` varchar(255) COLLATE utf8_unicode_ci DEFAULT NULL,
  `field_multi_driver` varchar(255) COLLATE utf8_unicode_ci DEFAULT NULL,
  `field_multi_drink` varchar(255) COLLATE utf8_unicode_ci DEFAULT NULL,
  `dateCreated` datetime NOT NULL,
  `dateUpdated` datetime NOT NULL,
  `uid` char(36) COLLATE utf8_unicode_ci NOT NULL DEFAULT '0',
  PRIMARY KEY (`id`),
  UNIQUE KEY `craft_sproutformscontent_nissan_fe_form1_elementId_locale_unq_id` (`elementId`,`locale`),
  KEY `craft_sproutformscontent_nissan_fe_form1_locale_idx` (`locale`)
) ENGINE=InnoDB AUTO_INCREMENT=17 DEFAULT CHARSET=utf8 COLLATE=utf8_unicode_ci;

--
-- Data for table `craft_sproutformscontent_nissan_fe_form1`
--

INSERT INTO `craft_sproutformscontent_nissan_fe_form1` (`id`, `elementId`, `locale`, `title`, `field_userid`, `field_rfid`, `field_firstname`, `field_lastname`, `field_email`, `field_checkbox_emailoptin`, `field_checkbox_under16`, `field_guardian_firstname`, `field_guardian_lastname`, `field_guardian_email`, `field_multi_colour`, `field_multi_driver`, `field_multi_drink`, `dateCreated`, `dateUpdated`, `uid`) VALUES
 ('5', '15', 'en_gb', 'Fri, 01 Feb 2019 11:10:20', '11', '75757575', 'FirstnameTest', 'LastnameTest', 'test2@pixel.com', '', '', '', '', '', NULL, 'tick1', 'tick1', '2019-02-01 11:10:20', '2019-02-01 16:03:38', '662ae13a-b213-41c5-bc43-5df137669b8e'),
 ('6', '16', 'en_gb', 'Fri, 01 Feb 2019 11:10:55', '11', '75757575', 'FirstnameTest', 'LastnameTest', 'test2@pixel.com', '[]', '[]', NULL, NULL, NULL, NULL, NULL, NULL, '2019-02-01 11:10:55', '2019-02-01 11:10:55', '041fdb3a-2731-4875-b933-cef60c03628f'),
 ('7', '17', 'en_gb', 'Fri, 01 Feb 2019 11:11:24', '11', '75757575', 'FirstnameTest', 'LastnameTest', 'test2@pixel.com', '[]', '[]', NULL, NULL, NULL, NULL, NULL, NULL, '2019-02-01 11:11:24', '2019-02-01 11:11:24', '3a67800e-9a95-463d-b832-c26f1133b27b'),
 ('8', '18', 'en_gb', 'Fri, 01 Feb 2019 11:11:54', '11', '75757575', 'FirstnameTest', 'LastnameTest', 'test2@pixel.com', '[]', '[]', NULL, NULL, NULL, NULL, NULL, NULL, '2019-02-01 11:11:54', '2019-02-01 11:11:54', '03abf74e-f5bf-4a59-8dfd-2a3eccc9ff8c'),
 ('9', '19', 'en_gb', 'Fri, 01 Feb 2019 11:13:14', '11', '75757575', 'FirstnameTest', 'LastnameTest', 'test2@pixel.com', '[\"tick1\"]', '[]', NULL, NULL, NULL, NULL, NULL, NULL, '2019-02-01 11:13:14', '2019-02-01 11:13:14', '3c1d3ffd-4c4c-44af-9006-0401f91f18db'),
 ('10', '20', 'en_gb', 'Fri, 01 Feb 2019 11:16:39', '11', '75757575', 'FirstnameTest', 'LastnameTest', 'test2@pixel.com', '[\"tick1\"]', '[\"tick1\"]', NULL, NULL, NULL, NULL, NULL, NULL, '2019-02-01 11:16:39', '2019-02-01 11:16:39', '2f939172-4162-4c79-845f-20e7698e3cc4'),
 ('11', '21', 'en_gb', 'Fri, 01 Feb 2019 11:16:57', '11', '75757575', 'FirstnameTest', 'LastnameTest', 'test2@pixel.com', '[\"\"]', '[\"\"]', NULL, NULL, NULL, NULL, NULL, NULL, '2019-02-01 11:16:57', '2019-02-01 11:16:57', '2cf9d03f-c0a1-4f6b-b67e-8fc38d558150'),
 ('12', '49', 'en_gb', 'Fri, 01 Feb 2019 16:05:11', '11', '75757575', 'FirstnameTest', 'LastnameTest', 'test2@pixel.com', '[\"tick1\"]', '[\"tick1\"]', 'guardianFirstnameTest', 'guardianLastnameTest', 'guardian@pixel.com', 'tick1', 'tick2', 'tick3', '2019-02-01 16:05:11', '2019-02-01 16:05:11', '17d3d943-bdfd-4ed3-911b-e7301667c87b'),
 ('14', '51', 'en_gb', 'Fri, 01 Feb 2019 16:07:16', '11', '75757575', 'FirstnameTest', 'LastnameTest', 'test2@pixel.com', '[\"tick1\"]', '[\"tick1\"]', 'guardianFirstnameTest', 'guardianLastnameTest', 'guardian@pixel.com', 'tick1', 'tick2', 'tick3', '2019-02-01 16:07:16', '2019-02-01 16:07:16', '90754c82-ab5b-4d42-aab6-a2fbe4d238c4'),
 ('15', '52', 'en_gb', 'Fri, 01 Feb 2019 17:11:38', '11', '75757575', 'FirstnameTest', 'LastnameTest', 'test2@pixel.com', '[\"tick1\"]', '[\"tick1\"]', 'guardianFirstnameTest', 'guardianLastnameTest', 'guardian@pixel.com', 'tick1', 'tick2', 'tick3', '2019-02-01 17:11:38', '2019-02-01 17:11:38', 'd99f3c4e-cab7-4c63-93ae-552424737381'),
 ('16', '53', 'en_gb', 'Fri, 01 Feb 2019 17:12:25', '22', '75757575', 'Paul', 'LastnameTest', 'test2@pixel.com', '[\"tick1\"]', '[\"tick1\"]', 'guardianFirstnameTest', 'guardianLastnameTest', 'guardian@pixel.com', 'tick1', 'tick2', 'tick3', '2019-02-01 17:12:25', '2019-02-01 17:12:25', '1cab80ac-41fe-4dec-99d0-cb326180824c');



DROP TABLE IF EXISTS `craft_sproutreports_datasources`;


--
-- Schema for table `craft_sproutreports_datasources`
--
CREATE TABLE `craft_sproutreports_datasources` (
  `id` int(11) NOT NULL AUTO_INCREMENT,
  `dataSourceId` varchar(255) COLLATE utf8_unicode_ci NOT NULL,
  `options` text COLLATE utf8_unicode_ci,
  `allowNew` tinyint(1) unsigned NOT NULL DEFAULT '1',
  `dateCreated` datetime NOT NULL,
  `dateUpdated` datetime NOT NULL,
  `uid` char(36) COLLATE utf8_unicode_ci NOT NULL DEFAULT '0',
  PRIMARY KEY (`id`)
) ENGINE=InnoDB DEFAULT CHARSET=utf8 COLLATE=utf8_unicode_ci;

DROP TABLE IF EXISTS `craft_sproutreports_reportgroups`;


--
-- Schema for table `craft_sproutreports_reportgroups`
--
CREATE TABLE `craft_sproutreports_reportgroups` (
  `id` int(11) NOT NULL AUTO_INCREMENT,
  `name` varchar(255) COLLATE utf8_unicode_ci NOT NULL,
  `dateCreated` datetime NOT NULL,
  `dateUpdated` datetime NOT NULL,
  `uid` char(36) COLLATE utf8_unicode_ci NOT NULL DEFAULT '0',
  PRIMARY KEY (`id`),
  UNIQUE KEY `craft_sproutreports_reportgroups_name_unq_idx` (`name`)
) ENGINE=InnoDB AUTO_INCREMENT=2 DEFAULT CHARSET=utf8 COLLATE=utf8_unicode_ci;

--
-- Data for table `craft_sproutreports_reportgroups`
--

INSERT INTO `craft_sproutreports_reportgroups` (`id`, `name`, `dateCreated`, `dateUpdated`, `uid`) VALUES
 ('1', 'Sprout Reports', '2019-02-01 10:34:00', '2019-02-01 10:34:00', '47963177-bdf2-46af-913d-9584602284b6');



DROP TABLE IF EXISTS `craft_sproutreports_reports`;


--
-- Schema for table `craft_sproutreports_reports`
--
CREATE TABLE `craft_sproutreports_reports` (
  `id` int(11) NOT NULL AUTO_INCREMENT,
  `groupId` int(10) DEFAULT NULL,
  `name` varchar(255) COLLATE utf8_unicode_ci NOT NULL,
  `handle` varchar(255) COLLATE utf8_unicode_ci NOT NULL,
  `description` varchar(255) COLLATE utf8_unicode_ci DEFAULT NULL,
  `nameFormat` varchar(255) COLLATE utf8_unicode_ci DEFAULT NULL,
  `allowHtml` tinyint(1) unsigned DEFAULT '0',
  `dataSourceId` varchar(255) COLLATE utf8_unicode_ci NOT NULL,
  `options` text COLLATE utf8_unicode_ci,
  `enabled` tinyint(1) unsigned NOT NULL DEFAULT '1',
  `dateCreated` datetime NOT NULL,
  `dateUpdated` datetime NOT NULL,
  `uid` char(36) COLLATE utf8_unicode_ci NOT NULL DEFAULT '0',
  PRIMARY KEY (`id`),
  UNIQUE KEY `craft_sproutreports_reports_name_handle_unq_idx` (`name`,`handle`),
  KEY `craft_sproutreports_reports_dataSourceId_idx` (`dataSourceId`)
) ENGINE=InnoDB DEFAULT CHARSET=utf8 COLLATE=utf8_unicode_ci;

DROP TABLE IF EXISTS `craft_structureelements`;


--
-- Schema for table `craft_structureelements`
--
CREATE TABLE `craft_structureelements` (
  `id` int(11) NOT NULL AUTO_INCREMENT,
  `structureId` int(11) NOT NULL,
  `elementId` int(11) DEFAULT NULL,
  `root` int(11) unsigned DEFAULT NULL,
  `lft` int(11) unsigned NOT NULL,
  `rgt` int(11) unsigned NOT NULL,
  `level` smallint(6) unsigned NOT NULL,
  `dateCreated` datetime NOT NULL,
  `dateUpdated` datetime NOT NULL,
  `uid` char(36) COLLATE utf8_unicode_ci NOT NULL DEFAULT '0',
  PRIMARY KEY (`id`),
  UNIQUE KEY `craft_structureelements_structureId_elementId_unq_idx` (`structureId`,`elementId`),
  KEY `craft_structureelements_root_idx` (`root`),
  KEY `craft_structureelements_lft_idx` (`lft`),
  KEY `craft_structureelements_rgt_idx` (`rgt`),
  KEY `craft_structureelements_level_idx` (`level`),
  KEY `craft_structureelements_elementId_fk` (`elementId`)
) ENGINE=InnoDB DEFAULT CHARSET=utf8 COLLATE=utf8_unicode_ci;

DROP TABLE IF EXISTS `craft_structures`;


--
-- Schema for table `craft_structures`
--
CREATE TABLE `craft_structures` (
  `id` int(11) NOT NULL AUTO_INCREMENT,
  `maxLevels` smallint(6) unsigned DEFAULT NULL,
  `dateCreated` datetime NOT NULL,
  `dateUpdated` datetime NOT NULL,
  `uid` char(36) COLLATE utf8_unicode_ci NOT NULL DEFAULT '0',
  PRIMARY KEY (`id`)
) ENGINE=InnoDB DEFAULT CHARSET=utf8 COLLATE=utf8_unicode_ci;

DROP TABLE IF EXISTS `craft_systemsettings`;


--
-- Schema for table `craft_systemsettings`
--
CREATE TABLE `craft_systemsettings` (
  `id` int(11) NOT NULL AUTO_INCREMENT,
  `category` varchar(15) COLLATE utf8_unicode_ci NOT NULL,
  `settings` text COLLATE utf8_unicode_ci,
  `dateCreated` datetime NOT NULL,
  `dateUpdated` datetime NOT NULL,
  `uid` char(36) COLLATE utf8_unicode_ci NOT NULL DEFAULT '0',
  PRIMARY KEY (`id`),
  UNIQUE KEY `craft_systemsettings_category_unq_idx` (`category`)
) ENGINE=InnoDB AUTO_INCREMENT=2 DEFAULT CHARSET=utf8 COLLATE=utf8_unicode_ci;

--
-- Data for table `craft_systemsettings`
--

INSERT INTO `craft_systemsettings` (`id`, `category`, `settings`, `dateCreated`, `dateUpdated`, `uid`) VALUES
 ('1', 'email', '{\"protocol\":\"php\",\"emailAddress\":\"info@pixelproject.com\",\"senderName\":\"Nissan FE Admin\"}', '2019-02-01 10:24:41', '2019-02-01 10:24:41', 'af7a0f56-199c-4b4b-99df-0f5381f5b9e2');



DROP TABLE IF EXISTS `craft_taggroups`;


--
-- Schema for table `craft_taggroups`
--
CREATE TABLE `craft_taggroups` (
  `id` int(11) NOT NULL AUTO_INCREMENT,
  `name` varchar(255) COLLATE utf8_unicode_ci NOT NULL,
  `handle` varchar(255) COLLATE utf8_unicode_ci NOT NULL,
  `fieldLayoutId` int(10) DEFAULT NULL,
  `dateCreated` datetime NOT NULL,
  `dateUpdated` datetime NOT NULL,
  `uid` char(36) COLLATE utf8_unicode_ci NOT NULL DEFAULT '0',
  PRIMARY KEY (`id`),
  UNIQUE KEY `craft_taggroups_name_unq_idx` (`name`),
  UNIQUE KEY `craft_taggroups_handle_unq_idx` (`handle`),
  KEY `craft_taggroups_fieldLayoutId_fk` (`fieldLayoutId`)
) ENGINE=InnoDB AUTO_INCREMENT=2 DEFAULT CHARSET=utf8 COLLATE=utf8_unicode_ci;

--
-- Data for table `craft_taggroups`
--

INSERT INTO `craft_taggroups` (`id`, `name`, `handle`, `fieldLayoutId`, `dateCreated`, `dateUpdated`, `uid`) VALUES
 ('1', 'Default', 'default', '1', '2019-02-01 10:24:41', '2019-02-01 10:24:41', '6957a779-a3c9-4d83-acd1-cd79f55bd832');



DROP TABLE IF EXISTS `craft_tags`;


--
-- Schema for table `craft_tags`
--
CREATE TABLE `craft_tags` (
  `id` int(11) NOT NULL,
  `groupId` int(11) NOT NULL,
  `dateCreated` datetime NOT NULL,
  `dateUpdated` datetime NOT NULL,
  `uid` char(36) COLLATE utf8_unicode_ci NOT NULL DEFAULT '0',
  PRIMARY KEY (`id`),
  KEY `craft_tags_groupId_fk` (`groupId`)
) ENGINE=InnoDB DEFAULT CHARSET=utf8 COLLATE=utf8_unicode_ci;

DROP TABLE IF EXISTS `craft_tasks`;


--
-- Schema for table `craft_tasks`
--
CREATE TABLE `craft_tasks` (
  `id` int(11) NOT NULL AUTO_INCREMENT,
  `root` int(11) unsigned DEFAULT NULL,
  `lft` int(11) unsigned NOT NULL,
  `rgt` int(11) unsigned NOT NULL,
  `level` smallint(6) unsigned NOT NULL,
  `currentStep` int(11) unsigned DEFAULT NULL,
  `totalSteps` int(11) unsigned DEFAULT NULL,
  `status` enum('pending','error','running') COLLATE utf8_unicode_ci DEFAULT NULL,
  `type` varchar(150) COLLATE utf8_unicode_ci NOT NULL,
  `description` varchar(255) COLLATE utf8_unicode_ci DEFAULT NULL,
  `settings` mediumtext COLLATE utf8_unicode_ci,
  `dateCreated` datetime NOT NULL,
  `dateUpdated` datetime NOT NULL,
  `uid` char(36) COLLATE utf8_unicode_ci NOT NULL DEFAULT '0',
  PRIMARY KEY (`id`),
  KEY `craft_tasks_root_idx` (`root`),
  KEY `craft_tasks_lft_idx` (`lft`),
  KEY `craft_tasks_rgt_idx` (`rgt`),
  KEY `craft_tasks_level_idx` (`level`)
) ENGINE=InnoDB AUTO_INCREMENT=19 DEFAULT CHARSET=utf8 COLLATE=utf8_unicode_ci;

DROP TABLE IF EXISTS `craft_templatecachecriteria`;


--
-- Schema for table `craft_templatecachecriteria`
--
CREATE TABLE `craft_templatecachecriteria` (
  `id` int(11) NOT NULL AUTO_INCREMENT,
  `cacheId` int(11) NOT NULL,
  `type` varchar(150) COLLATE utf8_unicode_ci NOT NULL,
  `criteria` text COLLATE utf8_unicode_ci NOT NULL,
  PRIMARY KEY (`id`),
  KEY `craft_templatecachecriteria_cacheId_fk` (`cacheId`),
  KEY `craft_templatecachecriteria_type_idx` (`type`)
) ENGINE=InnoDB DEFAULT CHARSET=utf8 COLLATE=utf8_unicode_ci;

DROP TABLE IF EXISTS `craft_templatecacheelements`;


--
-- Schema for table `craft_templatecacheelements`
--
CREATE TABLE `craft_templatecacheelements` (
  `cacheId` int(11) NOT NULL,
  `elementId` int(11) NOT NULL,
  KEY `craft_templatecacheelements_cacheId_fk` (`cacheId`),
  KEY `craft_templatecacheelements_elementId_fk` (`elementId`)
) ENGINE=InnoDB DEFAULT CHARSET=utf8 COLLATE=utf8_unicode_ci;

DROP TABLE IF EXISTS `craft_templatecaches`;


--
-- Schema for table `craft_templatecaches`
--
CREATE TABLE `craft_templatecaches` (
  `id` int(11) NOT NULL AUTO_INCREMENT,
  `cacheKey` varchar(255) COLLATE utf8_unicode_ci NOT NULL,
  `locale` char(12) COLLATE utf8_unicode_ci NOT NULL,
  `path` varchar(255) COLLATE utf8_unicode_ci DEFAULT NULL,
  `expiryDate` datetime NOT NULL,
  `body` mediumtext COLLATE utf8_unicode_ci NOT NULL,
  PRIMARY KEY (`id`),
  KEY `craft_templatecaches_cacheKey_locale_expiryDate_path_idx` (`cacheKey`,`locale`,`expiryDate`,`path`),
  KEY `craft_templatecaches_cacheKey_locale_expiryDate_idx` (`cacheKey`,`locale`,`expiryDate`),
  KEY `craft_templatecaches_locale_fk` (`locale`)
) ENGINE=InnoDB DEFAULT CHARSET=utf8 COLLATE=utf8_unicode_ci;

DROP TABLE IF EXISTS `craft_tokens`;


--
-- Schema for table `craft_tokens`
--
CREATE TABLE `craft_tokens` (
  `id` int(11) NOT NULL AUTO_INCREMENT,
  `token` char(32) COLLATE utf8_unicode_ci NOT NULL,
  `route` text COLLATE utf8_unicode_ci,
  `usageLimit` tinyint(3) unsigned DEFAULT NULL,
  `usageCount` tinyint(3) unsigned DEFAULT NULL,
  `expiryDate` datetime NOT NULL,
  `dateCreated` datetime NOT NULL,
  `dateUpdated` datetime NOT NULL,
  `uid` char(36) COLLATE utf8_unicode_ci NOT NULL DEFAULT '0',
  PRIMARY KEY (`id`),
  UNIQUE KEY `craft_tokens_token_unq_idx` (`token`),
  KEY `craft_tokens_expiryDate_idx` (`expiryDate`)
) ENGINE=InnoDB DEFAULT CHARSET=utf8 COLLATE=utf8_unicode_ci;

DROP TABLE IF EXISTS `craft_usergroups`;


--
-- Schema for table `craft_usergroups`
--
CREATE TABLE `craft_usergroups` (
  `id` int(11) NOT NULL AUTO_INCREMENT,
  `name` varchar(255) COLLATE utf8_unicode_ci NOT NULL,
  `handle` varchar(255) COLLATE utf8_unicode_ci NOT NULL,
  `dateCreated` datetime NOT NULL,
  `dateUpdated` datetime NOT NULL,
  `uid` char(36) COLLATE utf8_unicode_ci NOT NULL DEFAULT '0',
  PRIMARY KEY (`id`),
  UNIQUE KEY `craft_usergroups_name_unq_idx` (`name`),
  UNIQUE KEY `craft_usergroups_handle_unq_idx` (`handle`)
) ENGINE=InnoDB DEFAULT CHARSET=utf8 COLLATE=utf8_unicode_ci;

DROP TABLE IF EXISTS `craft_usergroups_users`;


--
-- Schema for table `craft_usergroups_users`
--
CREATE TABLE `craft_usergroups_users` (
  `id` int(11) NOT NULL AUTO_INCREMENT,
  `groupId` int(11) NOT NULL,
  `userId` int(11) NOT NULL,
  `dateCreated` datetime NOT NULL,
  `dateUpdated` datetime NOT NULL,
  `uid` char(36) COLLATE utf8_unicode_ci NOT NULL DEFAULT '0',
  PRIMARY KEY (`id`),
  UNIQUE KEY `craft_usergroups_users_groupId_userId_unq_idx` (`groupId`,`userId`),
  KEY `craft_usergroups_users_userId_fk` (`userId`)
) ENGINE=InnoDB DEFAULT CHARSET=utf8 COLLATE=utf8_unicode_ci;

DROP TABLE IF EXISTS `craft_userpermissions`;


--
-- Schema for table `craft_userpermissions`
--
CREATE TABLE `craft_userpermissions` (
  `id` int(11) NOT NULL AUTO_INCREMENT,
  `name` varchar(255) COLLATE utf8_unicode_ci NOT NULL,
  `dateCreated` datetime NOT NULL,
  `dateUpdated` datetime NOT NULL,
  `uid` char(36) COLLATE utf8_unicode_ci NOT NULL DEFAULT '0',
  PRIMARY KEY (`id`),
  UNIQUE KEY `craft_userpermissions_name_unq_idx` (`name`)
) ENGINE=InnoDB DEFAULT CHARSET=utf8 COLLATE=utf8_unicode_ci;

DROP TABLE IF EXISTS `craft_userpermissions_usergroups`;


--
-- Schema for table `craft_userpermissions_usergroups`
--
CREATE TABLE `craft_userpermissions_usergroups` (
  `id` int(11) NOT NULL AUTO_INCREMENT,
  `permissionId` int(11) NOT NULL,
  `groupId` int(11) NOT NULL,
  `dateCreated` datetime NOT NULL,
  `dateUpdated` datetime NOT NULL,
  `uid` char(36) COLLATE utf8_unicode_ci NOT NULL DEFAULT '0',
  PRIMARY KEY (`id`),
  UNIQUE KEY `craft_userpermissions_usergroups_permissionId_groupId_unq_idx` (`permissionId`,`groupId`),
  KEY `craft_userpermissions_usergroups_groupId_fk` (`groupId`)
) ENGINE=InnoDB DEFAULT CHARSET=utf8 COLLATE=utf8_unicode_ci;

DROP TABLE IF EXISTS `craft_userpermissions_users`;


--
-- Schema for table `craft_userpermissions_users`
--
CREATE TABLE `craft_userpermissions_users` (
  `id` int(11) NOT NULL AUTO_INCREMENT,
  `permissionId` int(11) NOT NULL,
  `userId` int(11) NOT NULL,
  `dateCreated` datetime NOT NULL,
  `dateUpdated` datetime NOT NULL,
  `uid` char(36) COLLATE utf8_unicode_ci NOT NULL DEFAULT '0',
  PRIMARY KEY (`id`),
  UNIQUE KEY `craft_userpermissions_users_permissionId_userId_unq_idx` (`permissionId`,`userId`),
  KEY `craft_userpermissions_users_userId_fk` (`userId`)
) ENGINE=InnoDB DEFAULT CHARSET=utf8 COLLATE=utf8_unicode_ci;

DROP TABLE IF EXISTS `craft_users`;


--
-- Schema for table `craft_users`
--
CREATE TABLE `craft_users` (
  `id` int(11) NOT NULL,
  `username` varchar(100) COLLATE utf8_unicode_ci NOT NULL,
  `photo` varchar(100) COLLATE utf8_unicode_ci DEFAULT NULL,
  `firstName` varchar(100) COLLATE utf8_unicode_ci DEFAULT NULL,
  `lastName` varchar(100) COLLATE utf8_unicode_ci DEFAULT NULL,
  `email` varchar(255) COLLATE utf8_unicode_ci NOT NULL,
  `password` char(255) COLLATE utf8_unicode_ci DEFAULT NULL,
  `preferredLocale` char(12) COLLATE utf8_unicode_ci DEFAULT NULL,
  `weekStartDay` tinyint(1) unsigned NOT NULL DEFAULT '0',
  `admin` tinyint(1) unsigned NOT NULL DEFAULT '0',
  `client` tinyint(1) unsigned NOT NULL DEFAULT '0',
  `locked` tinyint(1) unsigned NOT NULL DEFAULT '0',
  `suspended` tinyint(1) unsigned NOT NULL DEFAULT '0',
  `pending` tinyint(1) unsigned NOT NULL DEFAULT '0',
  `archived` tinyint(1) unsigned NOT NULL DEFAULT '0',
  `lastLoginDate` datetime DEFAULT NULL,
  `lastLoginAttemptIPAddress` varchar(45) COLLATE utf8_unicode_ci DEFAULT NULL,
  `invalidLoginWindowStart` datetime DEFAULT NULL,
  `invalidLoginCount` tinyint(4) unsigned DEFAULT NULL,
  `lastInvalidLoginDate` datetime DEFAULT NULL,
  `lockoutDate` datetime DEFAULT NULL,
  `verificationCode` char(100) COLLATE utf8_unicode_ci DEFAULT NULL,
  `verificationCodeIssuedDate` datetime DEFAULT NULL,
  `unverifiedEmail` varchar(255) COLLATE utf8_unicode_ci DEFAULT NULL,
  `passwordResetRequired` tinyint(1) unsigned NOT NULL DEFAULT '0',
  `lastPasswordChangeDate` datetime DEFAULT NULL,
  `dateCreated` datetime NOT NULL,
  `dateUpdated` datetime NOT NULL,
  `uid` char(36) COLLATE utf8_unicode_ci NOT NULL DEFAULT '0',
  PRIMARY KEY (`id`),
  UNIQUE KEY `craft_users_username_unq_idx` (`username`),
  UNIQUE KEY `craft_users_email_unq_idx` (`email`),
  KEY `craft_users_verificationCode_idx` (`verificationCode`),
  KEY `craft_users_uid_idx` (`uid`),
  KEY `craft_users_preferredLocale_fk` (`preferredLocale`)
) ENGINE=InnoDB DEFAULT CHARSET=utf8 COLLATE=utf8_unicode_ci;

--
-- Data for table `craft_users`
--

INSERT INTO `craft_users` (`id`, `username`, `photo`, `firstName`, `lastName`, `email`, `password`, `preferredLocale`, `weekStartDay`, `admin`, `client`, `locked`, `suspended`, `pending`, `archived`, `lastLoginDate`, `lastLoginAttemptIPAddress`, `invalidLoginWindowStart`, `invalidLoginCount`, `lastInvalidLoginDate`, `lockoutDate`, `verificationCode`, `verificationCodeIssuedDate`, `unverifiedEmail`, `passwordResetRequired`, `lastPasswordChangeDate`, `dateCreated`, `dateUpdated`, `uid`) VALUES
 ('1', 'admin', NULL, NULL, NULL, 'info@pixelproject.com', '$2y$13$d0nJWg64wE.4NMlZyi9LM.mMi7gXSJ5ex2iz48GcX3/rk0prcbtfC', NULL, '0', '1', '0', '0', '0', '0', '0', '2019-02-01 10:24:41', '127.0.0.1', NULL, NULL, NULL, NULL, NULL, NULL, NULL, '0', '2019-02-01 10:24:41', '2019-02-01 10:24:41', '2019-02-01 10:24:41', '5a1a23b0-8a59-4826-9c8c-34b7194c1eee');



DROP TABLE IF EXISTS `craft_widgets`;


--
-- Schema for table `craft_widgets`
--
CREATE TABLE `craft_widgets` (
  `id` int(11) NOT NULL AUTO_INCREMENT,
  `userId` int(11) NOT NULL,
  `type` varchar(150) COLLATE utf8_unicode_ci NOT NULL,
  `sortOrder` smallint(6) unsigned DEFAULT NULL,
  `colspan` tinyint(4) unsigned DEFAULT NULL,
  `settings` text COLLATE utf8_unicode_ci,
  `enabled` tinyint(1) unsigned NOT NULL DEFAULT '1',
  `dateCreated` datetime NOT NULL,
  `dateUpdated` datetime NOT NULL,
  `uid` char(36) COLLATE utf8_unicode_ci NOT NULL DEFAULT '0',
  PRIMARY KEY (`id`),
  KEY `craft_widgets_userId_fk` (`userId`)
) ENGINE=InnoDB AUTO_INCREMENT=5 DEFAULT CHARSET=utf8 COLLATE=utf8_unicode_ci;

--
-- Data for table `craft_widgets`
--

INSERT INTO `craft_widgets` (`id`, `userId`, `type`, `sortOrder`, `colspan`, `settings`, `enabled`, `dateCreated`, `dateUpdated`, `uid`) VALUES
 ('1', '1', 'RecentEntries', '1', NULL, NULL, '1', '2019-02-01 10:25:11', '2019-02-01 10:25:11', '33a341cd-5d04-44a3-abe2-0b81e88dadc8'),
 ('2', '1', 'GetHelp', '2', NULL, NULL, '1', '2019-02-01 10:25:11', '2019-02-01 10:25:11', '3c374f11-11ec-41d0-82c1-384991022530'),
 ('3', '1', 'Updates', '3', NULL, NULL, '1', '2019-02-01 10:25:11', '2019-02-01 10:25:11', '2ea1d7ed-55ed-49b9-9fe1-080f94145d5a'),
 ('4', '1', 'Feed', '4', NULL, '{\"url\":\"https:\\/\\/craftcms.com\\/news.rss\",\"title\":\"Craft News\"}', '1', '2019-02-01 10:25:11', '2019-02-01 10:25:11', 'c7ad7d49-0475-471f-8a91-4191f7e5aa7a');


--
-- Constraints for tables
--


--
-- Constraints for table `craft_assetfiles`
--
ALTER TABLE `craft_assetfiles`
	ADD CONSTRAINT `craft_assetfiles_folderId_fk` FOREIGN KEY (`folderId`) REFERENCES `craft_assetfolders` (`id`) ON DELETE CASCADE,
	ADD CONSTRAINT `craft_assetfiles_id_fk` FOREIGN KEY (`id`) REFERENCES `craft_elements` (`id`) ON DELETE CASCADE,
	ADD CONSTRAINT `craft_assetfiles_sourceId_fk` FOREIGN KEY (`sourceId`) REFERENCES `craft_assetsources` (`id`) ON DELETE CASCADE;

--
-- Constraints for table `craft_assetfolders`
--
ALTER TABLE `craft_assetfolders`
	ADD CONSTRAINT `craft_assetfolders_parentId_fk` FOREIGN KEY (`parentId`) REFERENCES `craft_assetfolders` (`id`) ON DELETE CASCADE,
	ADD CONSTRAINT `craft_assetfolders_sourceId_fk` FOREIGN KEY (`sourceId`) REFERENCES `craft_assetsources` (`id`) ON DELETE CASCADE;

--
-- Constraints for table `craft_assetindexdata`
--
ALTER TABLE `craft_assetindexdata`
	ADD CONSTRAINT `craft_assetindexdata_sourceId_fk` FOREIGN KEY (`sourceId`) REFERENCES `craft_assetsources` (`id`) ON DELETE CASCADE;

--
-- Constraints for table `craft_assetsources`
--
ALTER TABLE `craft_assetsources`
	ADD CONSTRAINT `craft_assetsources_fieldLayoutId_fk` FOREIGN KEY (`fieldLayoutId`) REFERENCES `craft_fieldlayouts` (`id`) ON DELETE SET NULL;

--
-- Constraints for table `craft_categories`
--
ALTER TABLE `craft_categories`
	ADD CONSTRAINT `craft_categories_groupId_fk` FOREIGN KEY (`groupId`) REFERENCES `craft_categorygroups` (`id`) ON DELETE CASCADE,
	ADD CONSTRAINT `craft_categories_id_fk` FOREIGN KEY (`id`) REFERENCES `craft_elements` (`id`) ON DELETE CASCADE;

--
-- Constraints for table `craft_categorygroups`
--
ALTER TABLE `craft_categorygroups`
	ADD CONSTRAINT `craft_categorygroups_fieldLayoutId_fk` FOREIGN KEY (`fieldLayoutId`) REFERENCES `craft_fieldlayouts` (`id`) ON DELETE SET NULL,
	ADD CONSTRAINT `craft_categorygroups_structureId_fk` FOREIGN KEY (`structureId`) REFERENCES `craft_structures` (`id`) ON DELETE CASCADE;

--
-- Constraints for table `craft_categorygroups_i18n`
--
ALTER TABLE `craft_categorygroups_i18n`
	ADD CONSTRAINT `craft_categorygroups_i18n_groupId_fk` FOREIGN KEY (`groupId`) REFERENCES `craft_categorygroups` (`id`) ON DELETE CASCADE,
	ADD CONSTRAINT `craft_categorygroups_i18n_locale_fk` FOREIGN KEY (`locale`) REFERENCES `craft_locales` (`locale`) ON DELETE CASCADE ON UPDATE CASCADE;

--
-- Constraints for table `craft_content`
--
ALTER TABLE `craft_content`
	ADD CONSTRAINT `craft_content_elementId_fk` FOREIGN KEY (`elementId`) REFERENCES `craft_elements` (`id`) ON DELETE CASCADE,
	ADD CONSTRAINT `craft_content_locale_fk` FOREIGN KEY (`locale`) REFERENCES `craft_locales` (`locale`) ON DELETE CASCADE ON UPDATE CASCADE;

--
-- Constraints for table `craft_elements_i18n`
--
ALTER TABLE `craft_elements_i18n`
	ADD CONSTRAINT `craft_elements_i18n_elementId_fk` FOREIGN KEY (`elementId`) REFERENCES `craft_elements` (`id`) ON DELETE CASCADE,
	ADD CONSTRAINT `craft_elements_i18n_locale_fk` FOREIGN KEY (`locale`) REFERENCES `craft_locales` (`locale`) ON DELETE CASCADE ON UPDATE CASCADE;

--
-- Constraints for table `craft_emailmessages`
--
ALTER TABLE `craft_emailmessages`
	ADD CONSTRAINT `craft_emailmessages_locale_fk` FOREIGN KEY (`locale`) REFERENCES `craft_locales` (`locale`) ON DELETE CASCADE ON UPDATE CASCADE;

--
-- Constraints for table `craft_entries`
--
ALTER TABLE `craft_entries`
	ADD CONSTRAINT `craft_entries_authorId_fk` FOREIGN KEY (`authorId`) REFERENCES `craft_users` (`id`) ON DELETE CASCADE,
	ADD CONSTRAINT `craft_entries_id_fk` FOREIGN KEY (`id`) REFERENCES `craft_elements` (`id`) ON DELETE CASCADE,
	ADD CONSTRAINT `craft_entries_sectionId_fk` FOREIGN KEY (`sectionId`) REFERENCES `craft_sections` (`id`) ON DELETE CASCADE,
	ADD CONSTRAINT `craft_entries_typeId_fk` FOREIGN KEY (`typeId`) REFERENCES `craft_entrytypes` (`id`) ON DELETE CASCADE;

--
-- Constraints for table `craft_entrydrafts`
--
ALTER TABLE `craft_entrydrafts`
	ADD CONSTRAINT `craft_entrydrafts_creatorId_fk` FOREIGN KEY (`creatorId`) REFERENCES `craft_users` (`id`) ON DELETE CASCADE,
	ADD CONSTRAINT `craft_entrydrafts_entryId_fk` FOREIGN KEY (`entryId`) REFERENCES `craft_entries` (`id`) ON DELETE CASCADE,
	ADD CONSTRAINT `craft_entrydrafts_locale_fk` FOREIGN KEY (`locale`) REFERENCES `craft_locales` (`locale`) ON DELETE CASCADE ON UPDATE CASCADE,
	ADD CONSTRAINT `craft_entrydrafts_sectionId_fk` FOREIGN KEY (`sectionId`) REFERENCES `craft_sections` (`id`) ON DELETE CASCADE;

--
-- Constraints for table `craft_entrytypes`
--
ALTER TABLE `craft_entrytypes`
	ADD CONSTRAINT `craft_entrytypes_fieldLayoutId_fk` FOREIGN KEY (`fieldLayoutId`) REFERENCES `craft_fieldlayouts` (`id`) ON DELETE SET NULL,
	ADD CONSTRAINT `craft_entrytypes_sectionId_fk` FOREIGN KEY (`sectionId`) REFERENCES `craft_sections` (`id`) ON DELETE CASCADE;

--
-- Constraints for table `craft_entryversions`
--
ALTER TABLE `craft_entryversions`
	ADD CONSTRAINT `craft_entryversions_creatorId_fk` FOREIGN KEY (`creatorId`) REFERENCES `craft_users` (`id`) ON DELETE SET NULL,
	ADD CONSTRAINT `craft_entryversions_entryId_fk` FOREIGN KEY (`entryId`) REFERENCES `craft_entries` (`id`) ON DELETE CASCADE,
	ADD CONSTRAINT `craft_entryversions_locale_fk` FOREIGN KEY (`locale`) REFERENCES `craft_locales` (`locale`) ON DELETE CASCADE ON UPDATE CASCADE,
	ADD CONSTRAINT `craft_entryversions_sectionId_fk` FOREIGN KEY (`sectionId`) REFERENCES `craft_sections` (`id`) ON DELETE CASCADE;

--
-- Constraints for table `craft_fieldlayoutfields`
--
ALTER TABLE `craft_fieldlayoutfields`
	ADD CONSTRAINT `craft_fieldlayoutfields_fieldId_fk` FOREIGN KEY (`fieldId`) REFERENCES `craft_fields` (`id`) ON DELETE CASCADE,
	ADD CONSTRAINT `craft_fieldlayoutfields_layoutId_fk` FOREIGN KEY (`layoutId`) REFERENCES `craft_fieldlayouts` (`id`) ON DELETE CASCADE,
	ADD CONSTRAINT `craft_fieldlayoutfields_tabId_fk` FOREIGN KEY (`tabId`) REFERENCES `craft_fieldlayouttabs` (`id`) ON DELETE CASCADE;

--
-- Constraints for table `craft_fieldlayouttabs`
--
ALTER TABLE `craft_fieldlayouttabs`
	ADD CONSTRAINT `craft_fieldlayouttabs_layoutId_fk` FOREIGN KEY (`layoutId`) REFERENCES `craft_fieldlayouts` (`id`) ON DELETE CASCADE;

--
-- Constraints for table `craft_fields`
--
ALTER TABLE `craft_fields`
	ADD CONSTRAINT `craft_fields_groupId_fk` FOREIGN KEY (`groupId`) REFERENCES `craft_fieldgroups` (`id`) ON DELETE CASCADE;

--
-- Constraints for table `craft_globalsets`
--
ALTER TABLE `craft_globalsets`
	ADD CONSTRAINT `craft_globalsets_fieldLayoutId_fk` FOREIGN KEY (`fieldLayoutId`) REFERENCES `craft_fieldlayouts` (`id`) ON DELETE SET NULL,
	ADD CONSTRAINT `craft_globalsets_id_fk` FOREIGN KEY (`id`) REFERENCES `craft_elements` (`id`) ON DELETE CASCADE;

--
-- Constraints for table `craft_matrixblocks`
--
ALTER TABLE `craft_matrixblocks`
	ADD CONSTRAINT `craft_matrixblocks_fieldId_fk` FOREIGN KEY (`fieldId`) REFERENCES `craft_fields` (`id`) ON DELETE CASCADE,
	ADD CONSTRAINT `craft_matrixblocks_id_fk` FOREIGN KEY (`id`) REFERENCES `craft_elements` (`id`) ON DELETE CASCADE,
	ADD CONSTRAINT `craft_matrixblocks_ownerId_fk` FOREIGN KEY (`ownerId`) REFERENCES `craft_elements` (`id`) ON DELETE CASCADE,
	ADD CONSTRAINT `craft_matrixblocks_ownerLocale_fk` FOREIGN KEY (`ownerLocale`) REFERENCES `craft_locales` (`locale`) ON DELETE CASCADE ON UPDATE CASCADE,
	ADD CONSTRAINT `craft_matrixblocks_typeId_fk` FOREIGN KEY (`typeId`) REFERENCES `craft_matrixblocktypes` (`id`) ON DELETE CASCADE;

--
-- Constraints for table `craft_matrixblocktypes`
--
ALTER TABLE `craft_matrixblocktypes`
	ADD CONSTRAINT `craft_matrixblocktypes_fieldId_fk` FOREIGN KEY (`fieldId`) REFERENCES `craft_fields` (`id`) ON DELETE CASCADE,
	ADD CONSTRAINT `craft_matrixblocktypes_fieldLayoutId_fk` FOREIGN KEY (`fieldLayoutId`) REFERENCES `craft_fieldlayouts` (`id`) ON DELETE SET NULL;

--
-- Constraints for table `craft_matrixcontent_colour_matrix`
--
ALTER TABLE `craft_matrixcontent_colour_matrix`
	ADD CONSTRAINT `craft_matrixcontent_colour_matrix_elementId_fk` FOREIGN KEY (`elementId`) REFERENCES `craft_elements` (`id`) ON DELETE CASCADE,
	ADD CONSTRAINT `craft_matrixcontent_colour_matrix_locale_fk` FOREIGN KEY (`locale`) REFERENCES `craft_locales` (`locale`) ON DELETE CASCADE ON UPDATE CASCADE;

--
-- Constraints for table `craft_matrixcontent_drinks_matrix`
--
ALTER TABLE `craft_matrixcontent_drinks_matrix`
	ADD CONSTRAINT `craft_matrixcontent_drinks_matrix_elementId_fk` FOREIGN KEY (`elementId`) REFERENCES `craft_elements` (`id`) ON DELETE CASCADE,
	ADD CONSTRAINT `craft_matrixcontent_drinks_matrix_locale_fk` FOREIGN KEY (`locale`) REFERENCES `craft_locales` (`locale`) ON DELETE CASCADE ON UPDATE CASCADE;

--
-- Constraints for table `craft_matrixcontent_drivers_matrix`
--
ALTER TABLE `craft_matrixcontent_drivers_matrix`
	ADD CONSTRAINT `craft_matrixcontent_drivers_matrix_elementId_fk` FOREIGN KEY (`elementId`) REFERENCES `craft_elements` (`id`) ON DELETE CASCADE,
	ADD CONSTRAINT `craft_matrixcontent_drivers_matrix_locale_fk` FOREIGN KEY (`locale`) REFERENCES `craft_locales` (`locale`) ON DELETE CASCADE ON UPDATE CASCADE;

--
-- Constraints for table `craft_migrations`
--
ALTER TABLE `craft_migrations`
	ADD CONSTRAINT `craft_migrations_pluginId_fk` FOREIGN KEY (`pluginId`) REFERENCES `craft_plugins` (`id`) ON DELETE CASCADE;

--
-- Constraints for table `craft_relations`
--
ALTER TABLE `craft_relations`
	ADD CONSTRAINT `craft_relations_fieldId_fk` FOREIGN KEY (`fieldId`) REFERENCES `craft_fields` (`id`) ON DELETE CASCADE,
	ADD CONSTRAINT `craft_relations_sourceId_fk` FOREIGN KEY (`sourceId`) REFERENCES `craft_elements` (`id`) ON DELETE CASCADE,
	ADD CONSTRAINT `craft_relations_sourceLocale_fk` FOREIGN KEY (`sourceLocale`) REFERENCES `craft_locales` (`locale`) ON DELETE CASCADE ON UPDATE CASCADE,
	ADD CONSTRAINT `craft_relations_targetId_fk` FOREIGN KEY (`targetId`) REFERENCES `craft_elements` (`id`) ON DELETE CASCADE;

--
-- Constraints for table `craft_routes`
--
ALTER TABLE `craft_routes`
	ADD CONSTRAINT `craft_routes_locale_fk` FOREIGN KEY (`locale`) REFERENCES `craft_locales` (`locale`) ON DELETE CASCADE ON UPDATE CASCADE;

--
-- Constraints for table `craft_sections`
--
ALTER TABLE `craft_sections`
	ADD CONSTRAINT `craft_sections_structureId_fk` FOREIGN KEY (`structureId`) REFERENCES `craft_structures` (`id`) ON DELETE SET NULL;

--
-- Constraints for table `craft_sections_i18n`
--
ALTER TABLE `craft_sections_i18n`
	ADD CONSTRAINT `craft_sections_i18n_locale_fk` FOREIGN KEY (`locale`) REFERENCES `craft_locales` (`locale`) ON DELETE CASCADE ON UPDATE CASCADE,
	ADD CONSTRAINT `craft_sections_i18n_sectionId_fk` FOREIGN KEY (`sectionId`) REFERENCES `craft_sections` (`id`) ON DELETE CASCADE;

--
-- Constraints for table `craft_sessions`
--
ALTER TABLE `craft_sessions`
	ADD CONSTRAINT `craft_sessions_userId_fk` FOREIGN KEY (`userId`) REFERENCES `craft_users` (`id`) ON DELETE CASCADE;

--
-- Constraints for table `craft_shunnedmessages`
--
ALTER TABLE `craft_shunnedmessages`
	ADD CONSTRAINT `craft_shunnedmessages_userId_fk` FOREIGN KEY (`userId`) REFERENCES `craft_users` (`id`) ON DELETE CASCADE;

--
-- Constraints for table `craft_sproutforms_entries`
--
ALTER TABLE `craft_sproutforms_entries`
	ADD CONSTRAINT `craft_sproutforms_entries_formId_fk` FOREIGN KEY (`formId`) REFERENCES `craft_sproutforms_forms` (`id`) ON DELETE CASCADE,
	ADD CONSTRAINT `craft_sproutforms_entries_id_fk` FOREIGN KEY (`id`) REFERENCES `craft_elements` (`id`) ON DELETE CASCADE,
	ADD CONSTRAINT `craft_sproutforms_entries_statusId_fk` FOREIGN KEY (`statusId`) REFERENCES `craft_sproutforms_entrystatuses` (`id`) ON DELETE CASCADE;

--
-- Constraints for table `craft_sproutforms_forms`
--
ALTER TABLE `craft_sproutforms_forms`
	ADD CONSTRAINT `craft_sproutforms_forms_fieldLayoutId_fk` FOREIGN KEY (`fieldLayoutId`) REFERENCES `craft_fieldlayouts` (`id`) ON DELETE SET NULL,
	ADD CONSTRAINT `craft_sproutforms_forms_id_fk` FOREIGN KEY (`id`) REFERENCES `craft_elements` (`id`) ON DELETE CASCADE;

--
-- Constraints for table `craft_sproutformscontent_nissan_fe_form1`
--
ALTER TABLE `craft_sproutformscontent_nissan_fe_form1`
	ADD CONSTRAINT `craft_sproutformscontent_nissan_fe_form1_elementId_fk` FOREIGN KEY (`elementId`) REFERENCES `craft_elements` (`id`) ON DELETE CASCADE,
	ADD CONSTRAINT `craft_sproutformscontent_nissan_fe_form1_locale_fk` FOREIGN KEY (`locale`) REFERENCES `craft_locales` (`locale`) ON DELETE CASCADE ON UPDATE CASCADE;

--
-- Constraints for table `craft_structureelements`
--
ALTER TABLE `craft_structureelements`
	ADD CONSTRAINT `craft_structureelements_elementId_fk` FOREIGN KEY (`elementId`) REFERENCES `craft_elements` (`id`) ON DELETE CASCADE,
	ADD CONSTRAINT `craft_structureelements_structureId_fk` FOREIGN KEY (`structureId`) REFERENCES `craft_structures` (`id`) ON DELETE CASCADE;

--
-- Constraints for table `craft_taggroups`
--
ALTER TABLE `craft_taggroups`
	ADD CONSTRAINT `craft_taggroups_fieldLayoutId_fk` FOREIGN KEY (`fieldLayoutId`) REFERENCES `craft_fieldlayouts` (`id`) ON DELETE SET NULL;

--
-- Constraints for table `craft_tags`
--
ALTER TABLE `craft_tags`
	ADD CONSTRAINT `craft_tags_groupId_fk` FOREIGN KEY (`groupId`) REFERENCES `craft_taggroups` (`id`) ON DELETE CASCADE,
	ADD CONSTRAINT `craft_tags_id_fk` FOREIGN KEY (`id`) REFERENCES `craft_elements` (`id`) ON DELETE CASCADE;

--
-- Constraints for table `craft_templatecachecriteria`
--
ALTER TABLE `craft_templatecachecriteria`
	ADD CONSTRAINT `craft_templatecachecriteria_cacheId_fk` FOREIGN KEY (`cacheId`) REFERENCES `craft_templatecaches` (`id`) ON DELETE CASCADE;

--
-- Constraints for table `craft_templatecacheelements`
--
ALTER TABLE `craft_templatecacheelements`
	ADD CONSTRAINT `craft_templatecacheelements_cacheId_fk` FOREIGN KEY (`cacheId`) REFERENCES `craft_templatecaches` (`id`) ON DELETE CASCADE,
	ADD CONSTRAINT `craft_templatecacheelements_elementId_fk` FOREIGN KEY (`elementId`) REFERENCES `craft_elements` (`id`) ON DELETE CASCADE;

--
-- Constraints for table `craft_templatecaches`
--
ALTER TABLE `craft_templatecaches`
	ADD CONSTRAINT `craft_templatecaches_locale_fk` FOREIGN KEY (`locale`) REFERENCES `craft_locales` (`locale`) ON DELETE CASCADE ON UPDATE CASCADE;

--
-- Constraints for table `craft_usergroups_users`
--
ALTER TABLE `craft_usergroups_users`
	ADD CONSTRAINT `craft_usergroups_users_groupId_fk` FOREIGN KEY (`groupId`) REFERENCES `craft_usergroups` (`id`) ON DELETE CASCADE,
	ADD CONSTRAINT `craft_usergroups_users_userId_fk` FOREIGN KEY (`userId`) REFERENCES `craft_users` (`id`) ON DELETE CASCADE;

--
-- Constraints for table `craft_userpermissions_usergroups`
--
ALTER TABLE `craft_userpermissions_usergroups`
	ADD CONSTRAINT `craft_userpermissions_usergroups_groupId_fk` FOREIGN KEY (`groupId`) REFERENCES `craft_usergroups` (`id`) ON DELETE CASCADE,
	ADD CONSTRAINT `craft_userpermissions_usergroups_permissionId_fk` FOREIGN KEY (`permissionId`) REFERENCES `craft_userpermissions` (`id`) ON DELETE CASCADE;

--
-- Constraints for table `craft_userpermissions_users`
--
ALTER TABLE `craft_userpermissions_users`
	ADD CONSTRAINT `craft_userpermissions_users_permissionId_fk` FOREIGN KEY (`permissionId`) REFERENCES `craft_userpermissions` (`id`) ON DELETE CASCADE,
	ADD CONSTRAINT `craft_userpermissions_users_userId_fk` FOREIGN KEY (`userId`) REFERENCES `craft_users` (`id`) ON DELETE CASCADE;

--
-- Constraints for table `craft_users`
--
ALTER TABLE `craft_users`
	ADD CONSTRAINT `craft_users_id_fk` FOREIGN KEY (`id`) REFERENCES `craft_elements` (`id`) ON DELETE CASCADE,
	ADD CONSTRAINT `craft_users_preferredLocale_fk` FOREIGN KEY (`preferredLocale`) REFERENCES `craft_locales` (`locale`) ON DELETE SET NULL ON UPDATE CASCADE;

--
-- Constraints for table `craft_widgets`
--
ALTER TABLE `craft_widgets`
	ADD CONSTRAINT `craft_widgets_userId_fk` FOREIGN KEY (`userId`) REFERENCES `craft_users` (`id`) ON DELETE CASCADE;

SET FOREIGN_KEY_CHECKS = 1;
