-- Generated by Craft v2.7.4 on 1 Feb 2019 11:56:21.

--
-- Disable foreign key checks and autocommit.
--

SET FOREIGN_KEY_CHECKS = 0;
SET SQL_MODE = "NO_AUTO_VALUE_ON_ZERO";
SET AUTOCOMMIT = 0;
SET NAMES utf8;


DROP TABLE IF EXISTS `craft_assetfiles`;


--
-- Schema for table `craft_assetfiles`
--
CREATE TABLE `craft_assetfiles` (
  `id` int(11) NOT NULL,
  `sourceId` int(11) DEFAULT NULL,
  `folderId` int(11) NOT NULL,
  `filename` varchar(255) COLLATE utf8_unicode_ci NOT NULL,
  `kind` varchar(50) COLLATE utf8_unicode_ci NOT NULL DEFAULT 'unknown',
  `width` int(11) unsigned DEFAULT NULL,
  `height` int(11) unsigned DEFAULT NULL,
  `size` bigint(20) unsigned DEFAULT NULL,
  `dateModified` datetime DEFAULT NULL,
  `dateCreated` datetime NOT NULL,
  `dateUpdated` datetime NOT NULL,
  `uid` char(36) COLLATE utf8_unicode_ci NOT NULL DEFAULT '0',
  PRIMARY KEY (`id`),
  UNIQUE KEY `craft_assetfiles_filename_folderId_unq_idx` (`filename`,`folderId`),
  KEY `craft_assetfiles_sourceId_fk` (`sourceId`),
  KEY `craft_assetfiles_folderId_fk` (`folderId`)
) ENGINE=InnoDB DEFAULT CHARSET=utf8 COLLATE=utf8_unicode_ci;

--
-- Data for table `craft_assetfiles`
--

INSERT INTO `craft_assetfiles` (`id`, `sourceId`, `folderId`, `filename`, `kind`, `width`, `height`, `size`, `dateModified`, `dateCreated`, `dateUpdated`, `uid`) VALUES
 ('31', '1', '1', 'aperol-spritz.jpg', 'image', '720', '720', '103931', '2019-02-01 11:40:14', '2019-02-01 11:40:14', '2019-02-01 11:40:14', '6e645c6a-f4eb-43b0-9558-51b41aec14fb');



DROP TABLE IF EXISTS `craft_assetfolders`;


--
-- Schema for table `craft_assetfolders`
--
CREATE TABLE `craft_assetfolders` (
  `id` int(11) NOT NULL AUTO_INCREMENT,
  `parentId` int(11) DEFAULT NULL,
  `sourceId` int(11) DEFAULT NULL,
  `name` varchar(255) COLLATE utf8_unicode_ci NOT NULL,
  `path` varchar(255) COLLATE utf8_unicode_ci DEFAULT NULL,
  `dateCreated` datetime NOT NULL,
  `dateUpdated` datetime NOT NULL,
  `uid` char(36) COLLATE utf8_unicode_ci NOT NULL DEFAULT '0',
  PRIMARY KEY (`id`),
  UNIQUE KEY `craft_assetfolders_name_parentId_sourceId_unq_idx` (`name`,`parentId`,`sourceId`),
  KEY `craft_assetfolders_parentId_fk` (`parentId`),
  KEY `craft_assetfolders_sourceId_fk` (`sourceId`)
) ENGINE=InnoDB AUTO_INCREMENT=2 DEFAULT CHARSET=utf8 COLLATE=utf8_unicode_ci;

--
-- Data for table `craft_assetfolders`
--

INSERT INTO `craft_assetfolders` (`id`, `parentId`, `sourceId`, `name`, `path`, `dateCreated`, `dateUpdated`, `uid`) VALUES
 ('1', NULL, '1', 'Images', '', '2019-02-01 11:37:40', '2019-02-01 11:37:40', '61fc88c0-38ef-4cdd-8fa6-86b5d59fe385');



DROP TABLE IF EXISTS `craft_assetindexdata`;


--
-- Schema for table `craft_assetindexdata`
--
CREATE TABLE `craft_assetindexdata` (
  `id` int(11) NOT NULL AUTO_INCREMENT,
  `sessionId` varchar(36) COLLATE utf8_unicode_ci NOT NULL DEFAULT '',
  `sourceId` int(10) NOT NULL,
  `offset` int(10) NOT NULL,
  `uri` varchar(255) COLLATE utf8_unicode_ci DEFAULT NULL,
  `size` varchar(255) COLLATE utf8_unicode_ci DEFAULT NULL,
  `recordId` int(10) DEFAULT NULL,
  `dateCreated` datetime NOT NULL,
  `dateUpdated` datetime NOT NULL,
  `uid` char(36) COLLATE utf8_unicode_ci NOT NULL DEFAULT '0',
  PRIMARY KEY (`id`),
  UNIQUE KEY `craft_assetindexdata_sessionId_sourceId_offset_unq_idx` (`sessionId`,`sourceId`,`offset`),
  KEY `craft_assetindexdata_sourceId_fk` (`sourceId`)
) ENGINE=InnoDB DEFAULT CHARSET=utf8 COLLATE=utf8_unicode_ci;

DROP TABLE IF EXISTS `craft_assetsources`;


--
-- Schema for table `craft_assetsources`
--
CREATE TABLE `craft_assetsources` (
  `id` int(11) NOT NULL AUTO_INCREMENT,
  `name` varchar(255) COLLATE utf8_unicode_ci NOT NULL,
  `handle` varchar(255) COLLATE utf8_unicode_ci NOT NULL,
  `type` varchar(150) COLLATE utf8_unicode_ci NOT NULL,
  `settings` text COLLATE utf8_unicode_ci,
  `sortOrder` smallint(6) unsigned DEFAULT NULL,
  `fieldLayoutId` int(10) DEFAULT NULL,
  `dateCreated` datetime NOT NULL,
  `dateUpdated` datetime NOT NULL,
  `uid` char(36) COLLATE utf8_unicode_ci NOT NULL DEFAULT '0',
  PRIMARY KEY (`id`),
  UNIQUE KEY `craft_assetsources_name_unq_idx` (`name`),
  UNIQUE KEY `craft_assetsources_handle_unq_idx` (`handle`),
  KEY `craft_assetsources_fieldLayoutId_fk` (`fieldLayoutId`)
) ENGINE=InnoDB AUTO_INCREMENT=2 DEFAULT CHARSET=utf8 COLLATE=utf8_unicode_ci;

--
-- Data for table `craft_assetsources`
--

INSERT INTO `craft_assetsources` (`id`, `name`, `handle`, `type`, `settings`, `sortOrder`, `fieldLayoutId`, `dateCreated`, `dateUpdated`, `uid`) VALUES
 ('1', 'Images', 'images', 'Local', '{\"path\":\"images\\/\",\"publicURLs\":\"1\",\"url\":\"images\\/\"}', '1', '33', '2019-02-01 11:37:40', '2019-02-01 11:37:40', 'b889e6a7-b175-4238-9b65-8ba883820b47');



DROP TABLE IF EXISTS `craft_assettransformindex`;


--
-- Schema for table `craft_assettransformindex`
--
CREATE TABLE `craft_assettransformindex` (
  `id` int(11) NOT NULL AUTO_INCREMENT,
  `fileId` int(11) NOT NULL,
  `filename` varchar(255) COLLATE utf8_unicode_ci DEFAULT NULL,
  `format` varchar(255) COLLATE utf8_unicode_ci DEFAULT NULL,
  `location` varchar(255) COLLATE utf8_unicode_ci NOT NULL,
  `sourceId` int(11) DEFAULT NULL,
  `fileExists` tinyint(1) DEFAULT NULL,
  `inProgress` tinyint(1) DEFAULT NULL,
  `dateIndexed` datetime DEFAULT NULL,
  `dateCreated` datetime NOT NULL,
  `dateUpdated` datetime NOT NULL,
  `uid` char(36) COLLATE utf8_unicode_ci NOT NULL DEFAULT '0',
  PRIMARY KEY (`id`),
  KEY `craft_assettransformindex_sourceId_fileId_location_idx` (`sourceId`,`fileId`,`location`)
) ENGINE=InnoDB DEFAULT CHARSET=utf8 COLLATE=utf8_unicode_ci;

DROP TABLE IF EXISTS `craft_assettransforms`;


--
-- Schema for table `craft_assettransforms`
--
CREATE TABLE `craft_assettransforms` (
  `id` int(11) NOT NULL AUTO_INCREMENT,
  `name` varchar(255) COLLATE utf8_unicode_ci NOT NULL,
  `handle` varchar(255) COLLATE utf8_unicode_ci NOT NULL,
  `mode` enum('stretch','fit','crop') COLLATE utf8_unicode_ci NOT NULL DEFAULT 'crop',
  `position` enum('top-left','top-center','top-right','center-left','center-center','center-right','bottom-left','bottom-center','bottom-right') COLLATE utf8_unicode_ci NOT NULL DEFAULT 'center-center',
  `height` int(10) DEFAULT NULL,
  `width` int(10) DEFAULT NULL,
  `format` varchar(255) COLLATE utf8_unicode_ci DEFAULT NULL,
  `quality` int(10) DEFAULT NULL,
  `dimensionChangeTime` datetime DEFAULT NULL,
  `dateCreated` datetime NOT NULL,
  `dateUpdated` datetime NOT NULL,
  `uid` char(36) COLLATE utf8_unicode_ci NOT NULL DEFAULT '0',
  PRIMARY KEY (`id`),
  UNIQUE KEY `craft_assettransforms_name_unq_idx` (`name`),
  UNIQUE KEY `craft_assettransforms_handle_unq_idx` (`handle`)
) ENGINE=InnoDB DEFAULT CHARSET=utf8 COLLATE=utf8_unicode_ci;

DROP TABLE IF EXISTS `craft_categories`;


--
-- Schema for table `craft_categories`
--
CREATE TABLE `craft_categories` (
  `id` int(11) NOT NULL,
  `groupId` int(11) NOT NULL,
  `dateCreated` datetime NOT NULL,
  `dateUpdated` datetime NOT NULL,
  `uid` char(36) COLLATE utf8_unicode_ci NOT NULL DEFAULT '0',
  PRIMARY KEY (`id`),
  KEY `craft_categories_groupId_fk` (`groupId`)
) ENGINE=InnoDB DEFAULT CHARSET=utf8 COLLATE=utf8_unicode_ci;

DROP TABLE IF EXISTS `craft_categorygroups`;


--
-- Schema for table `craft_categorygroups`
--
CREATE TABLE `craft_categorygroups` (
  `id` int(11) NOT NULL AUTO_INCREMENT,
  `structureId` int(11) NOT NULL,
  `fieldLayoutId` int(11) DEFAULT NULL,
  `name` varchar(255) COLLATE utf8_unicode_ci NOT NULL,
  `handle` varchar(255) COLLATE utf8_unicode_ci NOT NULL,
  `hasUrls` tinyint(1) unsigned NOT NULL DEFAULT '1',
  `template` varchar(500) COLLATE utf8_unicode_ci DEFAULT NULL,
  `dateCreated` datetime NOT NULL,
  `dateUpdated` datetime NOT NULL,
  `uid` char(36) COLLATE utf8_unicode_ci NOT NULL DEFAULT '0',
  PRIMARY KEY (`id`),
  UNIQUE KEY `craft_categorygroups_name_unq_idx` (`name`),
  UNIQUE KEY `craft_categorygroups_handle_unq_idx` (`handle`),
  KEY `craft_categorygroups_structureId_fk` (`structureId`),
  KEY `craft_categorygroups_fieldLayoutId_fk` (`fieldLayoutId`)
) ENGINE=InnoDB DEFAULT CHARSET=utf8 COLLATE=utf8_unicode_ci;

DROP TABLE IF EXISTS `craft_categorygroups_i18n`;


--
-- Schema for table `craft_categorygroups_i18n`
--
CREATE TABLE `craft_categorygroups_i18n` (
  `id` int(11) NOT NULL AUTO_INCREMENT,
  `groupId` int(11) NOT NULL,
  `locale` char(12) CHARACTER SET utf8 COLLATE utf8_unicode_ci NOT NULL,
  `urlFormat` text COLLATE utf8_unicode_ci,
  `nestedUrlFormat` text COLLATE utf8_unicode_ci,
  `dateCreated` datetime NOT NULL,
  `dateUpdated` datetime NOT NULL,
  `uid` char(36) COLLATE utf8_unicode_ci NOT NULL DEFAULT '0',
  PRIMARY KEY (`id`),
  UNIQUE KEY `craft_categorygroups_i18n_groupId_locale_unq_idx` (`groupId`,`locale`),
  KEY `craft_categorygroups_i18n_locale_fk` (`locale`)
) ENGINE=InnoDB DEFAULT CHARSET=utf8 COLLATE=utf8_unicode_ci;

DROP TABLE IF EXISTS `craft_content`;


--
-- Schema for table `craft_content`
--
CREATE TABLE `craft_content` (
  `id` int(11) NOT NULL AUTO_INCREMENT,
  `elementId` int(11) NOT NULL,
  `locale` char(12) CHARACTER SET utf8 COLLATE utf8_unicode_ci NOT NULL,
  `title` varchar(255) COLLATE utf8_unicode_ci DEFAULT NULL,
  `field_body` text COLLATE utf8_unicode_ci,
  `field_defaultField1` text COLLATE utf8_unicode_ci,
  `dateCreated` datetime NOT NULL,
  `dateUpdated` datetime NOT NULL,
  `uid` char(36) COLLATE utf8_unicode_ci NOT NULL DEFAULT '0',
  PRIMARY KEY (`id`),
  UNIQUE KEY `craft_content_elementId_locale_unq_idx` (`elementId`,`locale`),
  KEY `craft_content_title_idx` (`title`),
  KEY `craft_content_locale_fk` (`locale`)
) ENGINE=InnoDB AUTO_INCREMENT=10 DEFAULT CHARSET=utf8 COLLATE=utf8_unicode_ci;

--
-- Data for table `craft_content`
--

INSERT INTO `craft_content` (`id`, `elementId`, `locale`, `title`, `field_body`, `field_defaultField1`, `dateCreated`, `dateUpdated`, `uid`) VALUES
 ('1', '1', 'en_gb', NULL, NULL, NULL, '2019-02-01 10:24:41', '2019-02-01 10:24:41', '19c7ff2c-6efc-486a-937f-49fa05a42d3f'),
 ('2', '2', 'en_gb', 'Welcome to Dev.nissan.wearecassetteapps.test!', '<p>It’s true, this site doesn’t have a whole lot of content yet, but don’t worry. Our web developers have just installed the CMS, and they’re setting things up for the content editors this very moment. Soon Dev.nissan.wearecassetteapps.test will be an oasis of fresh perspectives, sharp analyses, and astute opinions that will keep you coming back again and again.</p>', NULL, '2019-02-01 10:24:41', '2019-02-01 10:24:41', '99ae2277-ef05-4a15-8944-5d7242f9d4c2'),
 ('6', '24', 'en_gb', 'Colours Event 1', NULL, NULL, '2019-02-01 11:30:43', '2019-02-01 11:34:36', '42aae811-2030-41c0-842f-90e70a166e45'),
 ('7', '25', 'en_gb', 'Drinks Event 1', NULL, NULL, '2019-02-01 11:30:50', '2019-02-01 11:40:28', '7fa3dbd8-85d8-4da6-8c82-464b6bcaf469'),
 ('8', '26', 'en_gb', 'Drivers Event 1', NULL, NULL, '2019-02-01 11:31:05', '2019-02-01 11:31:05', 'b37b31cb-06fe-4f0c-b09a-29e8bf8d81a3'),
 ('9', '31', 'en_gb', 'Aperol Spritz', NULL, NULL, '2019-02-01 11:40:14', '2019-02-01 11:40:14', '7b675d24-0d63-4a8b-bbf4-c7b4ca31c120');



DROP TABLE IF EXISTS `craft_deprecationerrors`;


--
-- Schema for table `craft_deprecationerrors`
--
CREATE TABLE `craft_deprecationerrors` (
  `id` int(11) NOT NULL AUTO_INCREMENT,
  `key` varchar(255) COLLATE utf8_unicode_ci NOT NULL,
  `fingerprint` varchar(255) COLLATE utf8_unicode_ci NOT NULL,
  `lastOccurrence` datetime NOT NULL,
  `file` varchar(255) COLLATE utf8_unicode_ci NOT NULL,
  `line` smallint(6) unsigned NOT NULL,
  `class` varchar(255) COLLATE utf8_unicode_ci DEFAULT NULL,
  `method` varchar(255) COLLATE utf8_unicode_ci DEFAULT NULL,
  `template` varchar(255) COLLATE utf8_unicode_ci DEFAULT NULL,
  `templateLine` smallint(6) unsigned DEFAULT NULL,
  `message` varchar(255) COLLATE utf8_unicode_ci DEFAULT NULL,
  `traces` text COLLATE utf8_unicode_ci,
  `dateCreated` datetime NOT NULL,
  `dateUpdated` datetime NOT NULL,
  `uid` char(36) COLLATE utf8_unicode_ci NOT NULL DEFAULT '0',
  PRIMARY KEY (`id`),
  UNIQUE KEY `craft_deprecationerrors_key_fingerprint_unq_idx` (`key`,`fingerprint`)
) ENGINE=InnoDB DEFAULT CHARSET=utf8 COLLATE=utf8_unicode_ci;

DROP TABLE IF EXISTS `craft_elementindexsettings`;


--
-- Schema for table `craft_elementindexsettings`
--
CREATE TABLE `craft_elementindexsettings` (
  `id` int(11) NOT NULL AUTO_INCREMENT,
  `type` varchar(150) COLLATE utf8_unicode_ci NOT NULL,
  `settings` text COLLATE utf8_unicode_ci,
  `dateCreated` datetime NOT NULL,
  `dateUpdated` datetime NOT NULL,
  `uid` char(36) COLLATE utf8_unicode_ci NOT NULL DEFAULT '0',
  PRIMARY KEY (`id`),
  UNIQUE KEY `craft_elementindexsettings_type_unq_idx` (`type`)
) ENGINE=InnoDB AUTO_INCREMENT=2 DEFAULT CHARSET=utf8 COLLATE=utf8_unicode_ci;

--
-- Data for table `craft_elementindexsettings`
--

INSERT INTO `craft_elementindexsettings` (`id`, `type`, `settings`, `dateCreated`, `dateUpdated`, `uid`) VALUES
 ('1', 'Entry', '{\"sourceOrder\":[[\"key\",\"*\"],[\"key\",\"singles\"],[\"heading\",\"Channels\"],[\"key\",\"section:2\"],[\"heading\",\"NissanFE event 1\"]],\"sources\":{\"singles\":{\"tableAttributes\":{\"1\":\"link\"}}}}', '2019-02-01 11:25:01', '2019-02-01 11:25:01', '88b0ad9f-24c0-45fc-9761-0a0a717a7d4c');



DROP TABLE IF EXISTS `craft_elements`;


--
-- Schema for table `craft_elements`
--
CREATE TABLE `craft_elements` (
  `id` int(11) NOT NULL AUTO_INCREMENT,
  `type` varchar(150) COLLATE utf8_unicode_ci NOT NULL,
  `enabled` tinyint(1) unsigned NOT NULL DEFAULT '1',
  `archived` tinyint(1) unsigned NOT NULL DEFAULT '0',
  `dateCreated` datetime NOT NULL,
  `dateUpdated` datetime NOT NULL,
  `uid` char(36) COLLATE utf8_unicode_ci NOT NULL DEFAULT '0',
  PRIMARY KEY (`id`),
  KEY `craft_elements_type_idx` (`type`),
  KEY `craft_elements_enabled_idx` (`enabled`),
  KEY `craft_elements_archived_dateCreated_idx` (`archived`,`dateCreated`)
) ENGINE=InnoDB AUTO_INCREMENT=34 DEFAULT CHARSET=utf8 COLLATE=utf8_unicode_ci;

--
-- Data for table `craft_elements`
--

INSERT INTO `craft_elements` (`id`, `type`, `enabled`, `archived`, `dateCreated`, `dateUpdated`, `uid`) VALUES
 ('1', 'User', '1', '0', '2019-02-01 10:24:41', '2019-02-01 10:24:41', '5bf7507f-64ad-47db-8960-a764f5e03867'),
 ('2', 'Entry', '1', '0', '2019-02-01 10:24:41', '2019-02-01 10:24:41', 'af182552-6d90-4d60-adfe-fcb1c4b429f9'),
 ('8', 'SproutForms_Form', '1', '0', '2019-02-01 10:34:27', '2019-02-01 10:34:27', 'a0838b66-b5aa-4051-ab3e-ce8ae8efdc8c'),
 ('9', 'SproutForms_Form', '1', '0', '2019-02-01 10:34:27', '2019-02-01 10:34:27', '61224152-9dc3-47b3-9873-f0dea1b5e17d'),
 ('10', 'SproutForms_Form', '1', '0', '2019-02-01 10:37:33', '2019-02-01 11:21:41', '7493976b-3e24-4a1a-b27b-67b5b2f23070'),
 ('15', 'SproutForms_Entry', '1', '0', '2019-02-01 11:10:20', '2019-02-01 11:10:20', '0a92510c-58ff-4183-9e01-bed14f982d0b'),
 ('16', 'SproutForms_Entry', '1', '0', '2019-02-01 11:10:55', '2019-02-01 11:10:55', 'b9c5e3c8-5925-4e2b-8c9d-c1b2cf8aeb44'),
 ('17', 'SproutForms_Entry', '1', '0', '2019-02-01 11:11:24', '2019-02-01 11:11:24', '6a312f47-ec64-4340-95e8-90083aed9363'),
 ('18', 'SproutForms_Entry', '1', '0', '2019-02-01 11:11:54', '2019-02-01 11:11:54', '67df2ddb-c0eb-45af-b744-f9f194842ba6'),
 ('19', 'SproutForms_Entry', '1', '0', '2019-02-01 11:13:14', '2019-02-01 11:13:14', '90e28319-1228-4393-a0f2-8e78dc14caea'),
 ('20', 'SproutForms_Entry', '1', '0', '2019-02-01 11:16:39', '2019-02-01 11:16:39', '676d49ac-1ea2-4cd6-9ed6-8f4432fcb1e2'),
 ('21', 'SproutForms_Entry', '1', '0', '2019-02-01 11:16:57', '2019-02-01 11:16:57', '9d7bde9c-76aa-435d-99e2-a483ecfaff42'),
 ('24', 'Entry', '1', '0', '2019-02-01 11:30:43', '2019-02-01 11:34:36', 'b5df6700-b639-4094-a805-f515b787564e'),
 ('25', 'Entry', '1', '0', '2019-02-01 11:30:50', '2019-02-01 11:40:28', '293eaab1-85a7-4a0e-be53-3f66e4010c49'),
 ('26', 'Entry', '1', '0', '2019-02-01 11:31:05', '2019-02-01 11:31:05', '2eb2128c-82f8-4951-a32e-0e88d9d2070b'),
 ('27', 'MatrixBlock', '1', '0', '2019-02-01 11:34:32', '2019-02-01 11:34:36', 'bf01c569-81f5-42e0-bca1-c48dc3356fad'),
 ('28', 'MatrixBlock', '1', '0', '2019-02-01 11:34:32', '2019-02-01 11:34:36', '7ddeed32-31f5-4302-82b8-2cce0a17ce9f'),
 ('29', 'MatrixBlock', '1', '0', '2019-02-01 11:34:32', '2019-02-01 11:34:36', '37a2d6ca-41b5-492b-b502-22bfededa7b6'),
 ('30', 'MatrixBlock', '1', '0', '2019-02-01 11:34:32', '2019-02-01 11:34:36', '8e9898ca-b948-4c45-a263-ddac4de79905'),
 ('31', 'Asset', '1', '0', '2019-02-01 11:40:14', '2019-02-01 11:40:14', '6cefb519-688f-4b59-a6a5-2463691621b7'),
 ('33', 'MatrixBlock', '1', '0', '2019-02-01 11:40:28', '2019-02-01 11:40:28', '2fa20db3-3df7-431d-9a0f-aa817d7fa4a7');



DROP TABLE IF EXISTS `craft_elements_i18n`;


--
-- Schema for table `craft_elements_i18n`
--
CREATE TABLE `craft_elements_i18n` (
  `id` int(11) NOT NULL AUTO_INCREMENT,
  `elementId` int(11) NOT NULL,
  `locale` char(12) CHARACTER SET utf8 COLLATE utf8_unicode_ci NOT NULL,
  `slug` varchar(255) COLLATE utf8_unicode_ci DEFAULT NULL,
  `uri` varchar(255) COLLATE utf8_unicode_ci DEFAULT NULL,
  `enabled` tinyint(1) unsigned NOT NULL DEFAULT '1',
  `dateCreated` datetime NOT NULL,
  `dateUpdated` datetime NOT NULL,
  `uid` char(36) COLLATE utf8_unicode_ci NOT NULL DEFAULT '0',
  PRIMARY KEY (`id`),
  UNIQUE KEY `craft_elements_i18n_elementId_locale_unq_idx` (`elementId`,`locale`),
  UNIQUE KEY `craft_elements_i18n_uri_locale_unq_idx` (`uri`,`locale`),
  KEY `craft_elements_i18n_slug_locale_idx` (`slug`,`locale`),
  KEY `craft_elements_i18n_enabled_idx` (`enabled`),
  KEY `craft_elements_i18n_locale_fk` (`locale`)
) ENGINE=InnoDB AUTO_INCREMENT=33 DEFAULT CHARSET=utf8 COLLATE=utf8_unicode_ci;

--
-- Data for table `craft_elements_i18n`
--

INSERT INTO `craft_elements_i18n` (`id`, `elementId`, `locale`, `slug`, `uri`, `enabled`, `dateCreated`, `dateUpdated`, `uid`) VALUES
 ('1', '1', 'en_gb', '', NULL, '1', '2019-02-01 10:24:41', '2019-02-01 10:24:41', '3398b135-89e7-476e-a5c8-cbdc8f170df1'),
 ('2', '2', 'en_gb', 'homepage', '__home__', '1', '2019-02-01 10:24:41', '2019-02-01 10:24:41', 'bbb17b7c-99d4-4e9c-a5a9-d715649077d3'),
 ('7', '8', 'en_gb', '', NULL, '1', '2019-02-01 10:34:27', '2019-02-01 10:34:27', '4b84a0bc-d0ed-4c98-96e0-689892a29a70'),
 ('8', '9', 'en_gb', '', NULL, '1', '2019-02-01 10:34:27', '2019-02-01 10:34:27', '42b029a3-a3d0-44ba-8edf-f46e3c86c971'),
 ('9', '10', 'en_gb', '', NULL, '1', '2019-02-01 10:37:33', '2019-02-01 11:21:41', 'f75a7529-d9c3-4b6b-898a-113af7dc0ba9'),
 ('14', '15', 'en_gb', 'fri-01-feb-2019-111020', NULL, '1', '2019-02-01 11:10:20', '2019-02-01 11:10:20', 'f9c0769a-2ea4-4236-b004-b7f16869ad7f'),
 ('15', '16', 'en_gb', 'fri-01-feb-2019-111055', NULL, '1', '2019-02-01 11:10:55', '2019-02-01 11:10:55', '3e52508e-8a2e-41e8-aa65-1b9baaed91f2'),
 ('16', '17', 'en_gb', 'fri-01-feb-2019-111124', NULL, '1', '2019-02-01 11:11:24', '2019-02-01 11:11:24', 'dca196f5-0805-4e0a-9d61-c67eb3c1a63c'),
 ('17', '18', 'en_gb', 'fri-01-feb-2019-111154', NULL, '1', '2019-02-01 11:11:54', '2019-02-01 11:11:54', 'cfe7838e-68e5-4c15-9751-95d7b52a1bc7'),
 ('18', '19', 'en_gb', 'fri-01-feb-2019-111314', NULL, '1', '2019-02-01 11:13:14', '2019-02-01 11:13:14', 'a4004bee-0aa2-41a7-98dc-8bf891db6cc3'),
 ('19', '20', 'en_gb', 'fri-01-feb-2019-111639', NULL, '1', '2019-02-01 11:16:39', '2019-02-01 11:16:39', '04c5d3d7-4709-4ada-b0c3-73454a36c05d'),
 ('20', '21', 'en_gb', 'fri-01-feb-2019-111657', NULL, '1', '2019-02-01 11:16:57', '2019-02-01 11:16:57', '9bb8b5c3-f5f2-4e92-a01b-d2e82995c32b'),
 ('23', '24', 'en_gb', 'colours-event-1', 'colours/colours-event-1', '1', '2019-02-01 11:30:43', '2019-02-01 11:34:36', 'b7e8e0bd-4d71-43c3-9247-e1c90baf0c89'),
 ('24', '25', 'en_gb', 'drinks-event-1', NULL, '1', '2019-02-01 11:30:50', '2019-02-01 11:40:28', 'e3d3cf2a-9969-4f79-a37b-78aa811dff86'),
 ('25', '26', 'en_gb', 'drivers-event-1', NULL, '1', '2019-02-01 11:31:05', '2019-02-01 11:31:05', '5b8f57a8-0552-4cb0-8ec8-29a21445c32d'),
 ('26', '27', 'en_gb', '', NULL, '1', '2019-02-01 11:34:32', '2019-02-01 11:34:36', '387e545c-a437-4992-a41d-d48bb03e6cdb'),
 ('27', '28', 'en_gb', '', NULL, '1', '2019-02-01 11:34:32', '2019-02-01 11:34:36', '56791983-8e3b-44a4-be5c-cf2b6e2d582b'),
 ('28', '29', 'en_gb', '', NULL, '1', '2019-02-01 11:34:32', '2019-02-01 11:34:36', '346ef32c-8228-4486-8cbf-cc131546bc24'),
 ('29', '30', 'en_gb', '', NULL, '1', '2019-02-01 11:34:32', '2019-02-01 11:34:36', '1b40eac6-70dc-477c-984c-f552dd5ac309'),
 ('30', '31', 'en_gb', 'aperol-spritz', NULL, '1', '2019-02-01 11:40:14', '2019-02-01 11:40:14', 'd0ac5a5d-a55d-47b3-a804-76826b5a69cd'),
 ('32', '33', 'en_gb', '', NULL, '1', '2019-02-01 11:40:28', '2019-02-01 11:40:28', 'e700d936-8d5b-4098-bdfa-eb7fe7614daf');



DROP TABLE IF EXISTS `craft_emailmessages`;


--
-- Schema for table `craft_emailmessages`
--
CREATE TABLE `craft_emailmessages` (
  `id` int(11) NOT NULL AUTO_INCREMENT,
  `key` char(150) COLLATE utf8_unicode_ci NOT NULL,
  `locale` char(12) CHARACTER SET utf8 COLLATE utf8_unicode_ci NOT NULL,
  `subject` varchar(1000) COLLATE utf8_unicode_ci NOT NULL,
  `body` text COLLATE utf8_unicode_ci NOT NULL,
  `dateCreated` datetime NOT NULL,
  `dateUpdated` datetime NOT NULL,
  `uid` char(36) COLLATE utf8_unicode_ci NOT NULL DEFAULT '0',
  PRIMARY KEY (`id`),
  UNIQUE KEY `craft_emailmessages_key_locale_unq_idx` (`key`,`locale`),
  KEY `craft_emailmessages_locale_fk` (`locale`)
) ENGINE=InnoDB DEFAULT CHARSET=utf8 COLLATE=utf8_unicode_ci;

DROP TABLE IF EXISTS `craft_entries`;


--
-- Schema for table `craft_entries`
--
CREATE TABLE `craft_entries` (
  `id` int(11) NOT NULL,
  `sectionId` int(11) NOT NULL,
  `typeId` int(11) DEFAULT NULL,
  `authorId` int(11) DEFAULT NULL,
  `postDate` datetime DEFAULT NULL,
  `expiryDate` datetime DEFAULT NULL,
  `dateCreated` datetime NOT NULL,
  `dateUpdated` datetime NOT NULL,
  `uid` char(36) COLLATE utf8_unicode_ci NOT NULL DEFAULT '0',
  PRIMARY KEY (`id`),
  KEY `craft_entries_sectionId_idx` (`sectionId`),
  KEY `craft_entries_typeId_idx` (`typeId`),
  KEY `craft_entries_postDate_idx` (`postDate`),
  KEY `craft_entries_expiryDate_idx` (`expiryDate`),
  KEY `craft_entries_authorId_fk` (`authorId`)
) ENGINE=InnoDB DEFAULT CHARSET=utf8 COLLATE=utf8_unicode_ci;

--
-- Data for table `craft_entries`
--

INSERT INTO `craft_entries` (`id`, `sectionId`, `typeId`, `authorId`, `postDate`, `expiryDate`, `dateCreated`, `dateUpdated`, `uid`) VALUES
 ('2', '1', NULL, NULL, '2019-02-01 10:24:41', NULL, '2019-02-01 10:24:41', '2019-02-01 10:24:41', 'af3f3e70-53fa-4deb-ab33-74f1fbeeb526'),
 ('24', '5', '5', '1', '2019-02-01 11:30:00', NULL, '2019-02-01 11:30:43', '2019-02-01 11:34:36', 'c1fabe20-48ca-49f7-80a7-943931e62087'),
 ('25', '3', '3', '1', '2019-02-01 11:30:00', NULL, '2019-02-01 11:30:50', '2019-02-01 11:40:28', '07ceddde-009e-4a42-bcfe-7d7822e1af88'),
 ('26', '4', '4', '1', '2019-02-01 11:31:05', NULL, '2019-02-01 11:31:05', '2019-02-01 11:31:05', 'c008aab1-3437-405c-ba70-5227b6742f81');



DROP TABLE IF EXISTS `craft_entrydrafts`;


--
-- Schema for table `craft_entrydrafts`
--
CREATE TABLE `craft_entrydrafts` (
  `id` int(11) NOT NULL AUTO_INCREMENT,
  `entryId` int(11) NOT NULL,
  `sectionId` int(11) NOT NULL,
  `creatorId` int(11) NOT NULL,
  `locale` char(12) CHARACTER SET utf8 COLLATE utf8_unicode_ci NOT NULL,
  `name` varchar(255) COLLATE utf8_unicode_ci NOT NULL,
  `notes` tinytext COLLATE utf8_unicode_ci,
  `data` mediumtext COLLATE utf8_unicode_ci NOT NULL,
  `dateCreated` datetime NOT NULL,
  `dateUpdated` datetime NOT NULL,
  `uid` char(36) COLLATE utf8_unicode_ci NOT NULL DEFAULT '0',
  PRIMARY KEY (`id`),
  KEY `craft_entrydrafts_entryId_locale_idx` (`entryId`,`locale`),
  KEY `craft_entrydrafts_sectionId_fk` (`sectionId`),
  KEY `craft_entrydrafts_creatorId_fk` (`creatorId`),
  KEY `craft_entrydrafts_locale_fk` (`locale`)
) ENGINE=InnoDB DEFAULT CHARSET=utf8 COLLATE=utf8_unicode_ci;

DROP TABLE IF EXISTS `craft_entrytypes`;


--
-- Schema for table `craft_entrytypes`
--
CREATE TABLE `craft_entrytypes` (
  `id` int(11) NOT NULL AUTO_INCREMENT,
  `sectionId` int(11) NOT NULL,
  `fieldLayoutId` int(11) DEFAULT NULL,
  `name` varchar(255) COLLATE utf8_unicode_ci NOT NULL,
  `handle` varchar(255) COLLATE utf8_unicode_ci NOT NULL,
  `hasTitleField` tinyint(1) unsigned NOT NULL DEFAULT '1',
  `titleLabel` varchar(255) COLLATE utf8_unicode_ci DEFAULT 'Title',
  `titleFormat` varchar(255) COLLATE utf8_unicode_ci DEFAULT NULL,
  `sortOrder` smallint(6) unsigned DEFAULT NULL,
  `dateCreated` datetime NOT NULL,
  `dateUpdated` datetime NOT NULL,
  `uid` char(36) COLLATE utf8_unicode_ci NOT NULL DEFAULT '0',
  PRIMARY KEY (`id`),
  UNIQUE KEY `craft_entrytypes_name_sectionId_unq_idx` (`name`,`sectionId`),
  UNIQUE KEY `craft_entrytypes_handle_sectionId_unq_idx` (`handle`,`sectionId`),
  KEY `craft_entrytypes_sectionId_fk` (`sectionId`),
  KEY `craft_entrytypes_fieldLayoutId_fk` (`fieldLayoutId`)
) ENGINE=InnoDB AUTO_INCREMENT=6 DEFAULT CHARSET=utf8 COLLATE=utf8_unicode_ci;

--
-- Data for table `craft_entrytypes`
--

INSERT INTO `craft_entrytypes` (`id`, `sectionId`, `fieldLayoutId`, `name`, `handle`, `hasTitleField`, `titleLabel`, `titleFormat`, `sortOrder`, `dateCreated`, `dateUpdated`, `uid`) VALUES
 ('1', '1', '3', 'Homepage', 'homepage', '1', 'Title', NULL, '1', '2019-02-01 10:24:41', '2019-02-01 10:24:41', '6a1828d2-32fe-4a94-a6e8-3a791b426411'),
 ('3', '3', '36', 'Drinks', 'drinks', '1', 'Title', NULL, '1', '2019-02-01 11:28:47', '2019-02-01 11:39:03', '47cc16d0-385c-4af1-bb24-08b92fd7c1fc'),
 ('4', '4', '28', 'Drivers', 'drivers', '1', 'Title', NULL, '1', '2019-02-01 11:28:56', '2019-02-01 11:28:56', '239b23c9-ff09-4938-8a39-493bec8bfd2a'),
 ('5', '5', '31', 'Colours', 'colours', '1', 'Title', NULL, '1', '2019-02-01 11:29:02', '2019-02-01 11:33:42', 'bcdd5787-ad5b-4038-bd33-1b0f2973f80d');



DROP TABLE IF EXISTS `craft_entryversions`;


--
-- Schema for table `craft_entryversions`
--
CREATE TABLE `craft_entryversions` (
  `id` int(11) NOT NULL AUTO_INCREMENT,
  `entryId` int(11) NOT NULL,
  `sectionId` int(11) NOT NULL,
  `creatorId` int(11) DEFAULT NULL,
  `locale` char(12) CHARACTER SET utf8 COLLATE utf8_unicode_ci NOT NULL,
  `num` smallint(6) unsigned NOT NULL,
  `notes` tinytext COLLATE utf8_unicode_ci,
  `data` mediumtext COLLATE utf8_unicode_ci NOT NULL,
  `dateCreated` datetime NOT NULL,
  `dateUpdated` datetime NOT NULL,
  `uid` char(36) COLLATE utf8_unicode_ci NOT NULL DEFAULT '0',
  PRIMARY KEY (`id`),
  KEY `craft_entryversions_entryId_locale_idx` (`entryId`,`locale`),
  KEY `craft_entryversions_sectionId_fk` (`sectionId`),
  KEY `craft_entryversions_creatorId_fk` (`creatorId`),
  KEY `craft_entryversions_locale_fk` (`locale`)
) ENGINE=InnoDB AUTO_INCREMENT=13 DEFAULT CHARSET=utf8 COLLATE=utf8_unicode_ci;

--
-- Data for table `craft_entryversions`
--

INSERT INTO `craft_entryversions` (`id`, `entryId`, `sectionId`, `creatorId`, `locale`, `num`, `notes`, `data`, `dateCreated`, `dateUpdated`, `uid`) VALUES
 ('1', '2', '1', '1', 'en_gb', '1', NULL, '{\"typeId\":\"1\",\"authorId\":null,\"title\":\"Homepage\",\"slug\":\"homepage\",\"postDate\":1549016681,\"expiryDate\":null,\"enabled\":1,\"parentId\":null,\"fields\":[]}', '2019-02-01 10:24:41', '2019-02-01 10:24:41', '36bb8f04-b6a5-49ba-9521-f6ba05e8b300'),
 ('2', '2', '1', '1', 'en_gb', '2', NULL, '{\"typeId\":null,\"authorId\":null,\"title\":\"Welcome to Dev.nissan.wearecassetteapps.test!\",\"slug\":\"homepage\",\"postDate\":1549016681,\"expiryDate\":null,\"enabled\":\"1\",\"parentId\":null,\"fields\":{\"1\":\"<p>It\\u2019s true, this site doesn\\u2019t have a whole lot of content yet, but don\\u2019t worry. Our web developers have just installed the CMS, and they\\u2019re setting things up for the content editors this very moment. Soon Dev.nissan.wearecassetteapps.test will be an oasis of fresh perspectives, sharp analyses, and astute opinions that will keep you coming back again and again.<\\/p>\"}}', '2019-02-01 10:24:41', '2019-02-01 10:24:41', 'f1dd68ed-59f8-4e96-ad61-13659b98d094'),
 ('5', '24', '5', '1', 'en_gb', '1', '', '{\"typeId\":null,\"authorId\":\"1\",\"title\":\"Colours Event 1\",\"slug\":\"colours-event-1\",\"postDate\":1549020643,\"expiryDate\":null,\"enabled\":1,\"parentId\":null,\"fields\":[]}', '2019-02-01 11:30:43', '2019-02-01 11:30:43', '496dc909-db73-4084-8e36-0a633be4ef63'),
 ('6', '25', '3', '1', 'en_gb', '1', '', '{\"typeId\":null,\"authorId\":\"1\",\"title\":\"Drinks Event 1\",\"slug\":\"drinks-event-1\",\"postDate\":1549020650,\"expiryDate\":null,\"enabled\":1,\"parentId\":null,\"fields\":[]}', '2019-02-01 11:30:50', '2019-02-01 11:30:50', 'a699f002-963e-4bfc-9925-68461f88de51'),
 ('7', '26', '4', '1', 'en_gb', '1', '', '{\"typeId\":null,\"authorId\":\"1\",\"title\":\"Drivers Event 1\",\"slug\":\"drivers-event-1\",\"postDate\":1549020665,\"expiryDate\":null,\"enabled\":1,\"parentId\":null,\"fields\":[]}', '2019-02-01 11:31:05', '2019-02-01 11:31:05', '500d76db-6006-414b-baa8-170c1f637b84'),
 ('8', '24', '5', '1', 'en_gb', '2', '', '{\"typeId\":\"5\",\"authorId\":\"1\",\"title\":\"Colours Event 1\",\"slug\":\"colours-event-1\",\"postDate\":1549020600,\"expiryDate\":null,\"enabled\":1,\"parentId\":null,\"fields\":[]}', '2019-02-01 11:31:26', '2019-02-01 11:31:26', '17c563e1-c5bb-4394-a4bd-ffc4c06be57d'),
 ('9', '24', '5', '1', 'en_gb', '3', '', '{\"typeId\":\"5\",\"authorId\":\"1\",\"title\":\"Colours Event 1\",\"slug\":\"colours-event-1\",\"postDate\":1549020600,\"expiryDate\":null,\"enabled\":1,\"parentId\":null,\"fields\":{\"47\":{\"27\":{\"type\":\"colour\",\"enabled\":\"1\",\"fields\":{\"colour\":\"#bf13bf\"}},\"28\":{\"type\":\"colour\",\"enabled\":\"1\",\"fields\":{\"colour\":\"#16dce3\"}},\"29\":{\"type\":\"colour\",\"enabled\":\"1\",\"fields\":{\"colour\":\"#aeff00\"}},\"30\":{\"type\":\"colour\",\"enabled\":\"1\",\"fields\":{\"colour\":\"#fa002a\"}}}}}', '2019-02-01 11:34:32', '2019-02-01 11:34:32', '7343226c-3d89-4027-8850-4b803f4aabda'),
 ('10', '24', '5', '1', 'en_gb', '4', '', '{\"typeId\":\"5\",\"authorId\":\"1\",\"title\":\"Colours Event 1\",\"slug\":\"colours-event-1\",\"postDate\":1549020600,\"expiryDate\":null,\"enabled\":1,\"parentId\":null,\"fields\":{\"47\":{\"27\":{\"type\":\"colour\",\"enabled\":\"1\",\"fields\":{\"colour\":\"#bf13bf\"}},\"28\":{\"type\":\"colour\",\"enabled\":\"1\",\"fields\":{\"colour\":\"#16dce3\"}},\"29\":{\"type\":\"colour\",\"enabled\":\"1\",\"fields\":{\"colour\":\"#aeff00\"}},\"30\":{\"type\":\"colour\",\"enabled\":\"1\",\"fields\":{\"colour\":\"#fa002a\"}}}}}', '2019-02-01 11:34:36', '2019-02-01 11:34:36', '5400cec7-141a-426b-830f-13106750f4d2'),
 ('11', '25', '3', '1', 'en_gb', '2', '', '{\"typeId\":\"3\",\"authorId\":\"1\",\"title\":\"Drinks Event 1\",\"slug\":\"drinks-event-1\",\"postDate\":1549020600,\"expiryDate\":null,\"enabled\":1,\"parentId\":null,\"fields\":{\"49\":{\"32\":{\"type\":\"drink\",\"enabled\":\"1\",\"fields\":{\"drink_title\":\"Drink Name 1\",\"drink_body\":\"Drink body copy\",\"drink_image\":[\"31\"]}}}}}', '2019-02-01 11:40:17', '2019-02-01 11:40:17', '5a0f5f0b-d263-4ae5-9dcc-40fa6721b664'),
 ('12', '25', '3', '1', 'en_gb', '3', '', '{\"typeId\":\"3\",\"authorId\":\"1\",\"title\":\"Drinks Event 1\",\"slug\":\"drinks-event-1\",\"postDate\":1549020600,\"expiryDate\":null,\"enabled\":1,\"parentId\":null,\"fields\":{\"49\":{\"33\":{\"type\":\"drink\",\"enabled\":\"1\",\"fields\":{\"drink_title\":\"\",\"drink_body\":\"\",\"drink_image\":[\"31\"]}}}}}', '2019-02-01 11:40:28', '2019-02-01 11:40:28', 'ab0d62e7-b0f6-451f-b779-c79fff99f3cf');



DROP TABLE IF EXISTS `craft_fieldgroups`;


--
-- Schema for table `craft_fieldgroups`
--
CREATE TABLE `craft_fieldgroups` (
  `id` int(11) NOT NULL AUTO_INCREMENT,
  `name` varchar(255) COLLATE utf8_unicode_ci NOT NULL,
  `dateCreated` datetime NOT NULL,
  `dateUpdated` datetime NOT NULL,
  `uid` char(36) COLLATE utf8_unicode_ci NOT NULL DEFAULT '0',
  PRIMARY KEY (`id`),
  UNIQUE KEY `craft_fieldgroups_name_unq_idx` (`name`)
) ENGINE=InnoDB AUTO_INCREMENT=2 DEFAULT CHARSET=utf8 COLLATE=utf8_unicode_ci;

--
-- Data for table `craft_fieldgroups`
--

INSERT INTO `craft_fieldgroups` (`id`, `name`, `dateCreated`, `dateUpdated`, `uid`) VALUES
 ('1', 'Default', '2019-02-01 10:24:41', '2019-02-01 10:24:41', '558e4778-07d2-458c-84b7-995e539dbee7');



DROP TABLE IF EXISTS `craft_fieldlayoutfields`;


--
-- Schema for table `craft_fieldlayoutfields`
--
CREATE TABLE `craft_fieldlayoutfields` (
  `id` int(11) NOT NULL AUTO_INCREMENT,
  `layoutId` int(11) NOT NULL,
  `tabId` int(11) NOT NULL,
  `fieldId` int(11) NOT NULL,
  `required` tinyint(1) unsigned NOT NULL DEFAULT '0',
  `sortOrder` smallint(6) unsigned DEFAULT NULL,
  `dateCreated` datetime NOT NULL,
  `dateUpdated` datetime NOT NULL,
  `uid` char(36) COLLATE utf8_unicode_ci NOT NULL DEFAULT '0',
  PRIMARY KEY (`id`),
  UNIQUE KEY `craft_fieldlayoutfields_layoutId_fieldId_unq_idx` (`layoutId`,`fieldId`),
  KEY `craft_fieldlayoutfields_sortOrder_idx` (`sortOrder`),
  KEY `craft_fieldlayoutfields_tabId_fk` (`tabId`),
  KEY `craft_fieldlayoutfields_fieldId_fk` (`fieldId`)
) ENGINE=InnoDB AUTO_INCREMENT=122 DEFAULT CHARSET=utf8 COLLATE=utf8_unicode_ci;

--
-- Data for table `craft_fieldlayoutfields`
--

INSERT INTO `craft_fieldlayoutfields` (`id`, `layoutId`, `tabId`, `fieldId`, `required`, `sortOrder`, `dateCreated`, `dateUpdated`, `uid`) VALUES
 ('1', '3', '1', '1', '1', '1', '2019-02-01 10:24:41', '2019-02-01 10:24:41', '6a9178f6-bde7-4abb-b8ce-f08fe7b9f107'),
 ('24', '15', '9', '23', '1', '1', '2019-02-01 10:34:27', '2019-02-01 10:34:27', 'be05ccff-4648-4979-be20-4bb4c033b387'),
 ('25', '15', '9', '24', '1', '2', '2019-02-01 10:34:27', '2019-02-01 10:34:27', 'd57c0e4f-c23c-4e2a-9a4b-736c9cae36d3'),
 ('26', '15', '9', '25', '1', '3', '2019-02-01 10:34:27', '2019-02-01 10:34:27', 'd5046907-888b-4e18-a879-46a102860882'),
 ('27', '17', '10', '26', '1', '1', '2019-02-01 10:34:27', '2019-02-01 10:34:27', 'd7dc79c4-c302-4ff6-a7fe-3e52db8eeeed'),
 ('28', '17', '10', '27', '1', '2', '2019-02-01 10:34:27', '2019-02-01 10:34:27', '2205a8c6-9004-4a0e-a13c-5325b39c76c0'),
 ('29', '17', '10', '28', '0', '3', '2019-02-01 10:34:27', '2019-02-01 10:34:27', 'de86deee-bffb-43fb-bafe-e11d5f4c26bf'),
 ('30', '17', '11', '29', '0', '1', '2019-02-01 10:34:27', '2019-02-01 10:34:27', '775eafa6-ec0b-4bf1-894c-84cd2cda059f'),
 ('31', '17', '11', '30', '0', '2', '2019-02-01 10:34:27', '2019-02-01 10:34:27', '5a0bb3e9-edc8-42ad-8e16-c39d73b39333'),
 ('32', '17', '11', '31', '0', '3', '2019-02-01 10:34:27', '2019-02-01 10:34:27', 'c352327d-c536-4b34-93c0-ff3730597be1'),
 ('33', '17', '11', '32', '0', '4', '2019-02-01 10:34:27', '2019-02-01 10:34:27', 'e64dd2cc-633a-4f8f-a452-36083bdc12c6'),
 ('99', '26', '20', '34', '0', '1', '2019-02-01 11:21:41', '2019-02-01 11:21:41', '79e9eb56-790b-4b0a-b044-2d429b14f7d9'),
 ('100', '26', '20', '35', '0', '2', '2019-02-01 11:21:41', '2019-02-01 11:21:41', '6e2ab5d1-00d7-4775-9f7f-8b27137072b6'),
 ('101', '26', '20', '36', '0', '3', '2019-02-01 11:21:41', '2019-02-01 11:21:41', '54e9b6c7-6171-4a25-9642-0cf6aa64560e'),
 ('102', '26', '20', '37', '0', '4', '2019-02-01 11:21:41', '2019-02-01 11:21:41', 'a7b3daa6-6755-44b0-b065-0ee73ec499cf'),
 ('103', '26', '20', '38', '0', '5', '2019-02-01 11:21:41', '2019-02-01 11:21:41', '187a4531-368b-4e8c-b47e-3fce37fbf48c'),
 ('104', '26', '20', '39', '0', '6', '2019-02-01 11:21:41', '2019-02-01 11:21:41', 'ac57144a-ba75-4576-9a77-dfa152908d08'),
 ('105', '26', '20', '40', '0', '7', '2019-02-01 11:21:41', '2019-02-01 11:21:41', '80be729d-49fc-44af-a19a-e822cf83e9ae'),
 ('106', '26', '20', '41', '0', '8', '2019-02-01 11:21:41', '2019-02-01 11:21:41', '10482550-714d-443a-ac00-dcb29ae01c98'),
 ('107', '26', '20', '42', '0', '9', '2019-02-01 11:21:41', '2019-02-01 11:21:41', '4d4fbe1a-3999-4e94-aa45-1cc170542233'),
 ('108', '26', '20', '43', '0', '10', '2019-02-01 11:21:41', '2019-02-01 11:21:41', '74510d34-a592-48b3-87be-660fac2adc10'),
 ('109', '26', '20', '44', '0', '11', '2019-02-01 11:21:41', '2019-02-01 11:21:41', 'dfc06574-ee8c-4264-a31f-dab09f5231c1'),
 ('110', '26', '20', '45', '0', '12', '2019-02-01 11:21:41', '2019-02-01 11:21:41', 'cd9e86cc-b564-4c98-b067-3d4c67ed398f'),
 ('111', '26', '20', '46', '0', '13', '2019-02-01 11:21:41', '2019-02-01 11:21:41', '86975eaa-798e-433d-b993-2fb127df41cf'),
 ('112', '30', '21', '48', '0', '1', '2019-02-01 11:33:23', '2019-02-01 11:33:23', 'caa98978-9609-4f9e-83fb-ae2e87a00128'),
 ('113', '31', '22', '47', '0', '1', '2019-02-01 11:33:42', '2019-02-01 11:33:42', '13c54466-b00a-4d77-a4a9-b18132d3cdee'),
 ('118', '35', '25', '50', '0', '1', '2019-02-01 11:38:34', '2019-02-01 11:38:34', 'fd2b019f-ad12-4c60-9a1d-346296b3ea59'),
 ('119', '35', '25', '51', '0', '2', '2019-02-01 11:38:34', '2019-02-01 11:38:34', '527f805e-4080-409e-be19-05e135c97335'),
 ('120', '35', '25', '52', '0', '3', '2019-02-01 11:38:34', '2019-02-01 11:38:34', '3177b0cf-3cf0-468a-adf0-89b77df5b9f5'),
 ('121', '36', '26', '49', '0', '1', '2019-02-01 11:39:03', '2019-02-01 11:39:03', '89a82111-fc34-4ebd-abdb-4e54538ecdd0');



DROP TABLE IF EXISTS `craft_fieldlayouts`;


--
-- Schema for table `craft_fieldlayouts`
--
CREATE TABLE `craft_fieldlayouts` (
  `id` int(11) NOT NULL AUTO_INCREMENT,
  `type` varchar(150) COLLATE utf8_unicode_ci NOT NULL,
  `dateCreated` datetime NOT NULL,
  `dateUpdated` datetime NOT NULL,
  `uid` char(36) COLLATE utf8_unicode_ci NOT NULL DEFAULT '0',
  PRIMARY KEY (`id`),
  KEY `craft_fieldlayouts_type_idx` (`type`)
) ENGINE=InnoDB AUTO_INCREMENT=37 DEFAULT CHARSET=utf8 COLLATE=utf8_unicode_ci;

--
-- Data for table `craft_fieldlayouts`
--

INSERT INTO `craft_fieldlayouts` (`id`, `type`, `dateCreated`, `dateUpdated`, `uid`) VALUES
 ('1', 'Tag', '2019-02-01 10:24:41', '2019-02-01 10:24:41', '2ece45e7-ab6c-47c7-b8a3-c4e671a80de8'),
 ('3', 'Entry', '2019-02-01 10:24:41', '2019-02-01 10:24:41', '6bfa4157-10e4-4bd0-8629-b79022f9bbdf'),
 ('15', 'SproutForms_Form', '2019-02-01 10:34:27', '2019-02-01 10:34:27', '177d5077-f894-4e0b-bfeb-2812674c3ada'),
 ('17', 'SproutForms_Form', '2019-02-01 10:34:27', '2019-02-01 10:34:27', 'ab9ce953-c91b-4fb4-a8f6-886fd6931856'),
 ('26', 'SproutForms_Form', '2019-02-01 11:21:41', '2019-02-01 11:21:41', 'c41a45b1-4057-444f-a30a-6632382f7976'),
 ('28', 'Entry', '2019-02-01 11:28:56', '2019-02-01 11:28:56', '446675c7-6ac4-4a36-a18c-85e5841b5a0f'),
 ('30', 'MatrixBlock', '2019-02-01 11:33:23', '2019-02-01 11:33:23', '34fcf262-c830-4704-a391-5cbab2d1654f'),
 ('31', 'Entry', '2019-02-01 11:33:42', '2019-02-01 11:33:42', 'cad2b82a-24fd-4e71-9743-5ed118b62811'),
 ('33', 'Asset', '2019-02-01 11:37:40', '2019-02-01 11:37:40', '2c808bc0-6691-431a-b895-8e7e12a38af2'),
 ('35', 'MatrixBlock', '2019-02-01 11:38:34', '2019-02-01 11:38:34', '8f87e9b7-38c5-47d4-a1f5-f25bfd4a33fb'),
 ('36', 'Entry', '2019-02-01 11:39:03', '2019-02-01 11:39:03', '8180abe0-dd03-4c6f-b273-454578b85e1c');



DROP TABLE IF EXISTS `craft_fieldlayouttabs`;


--
-- Schema for table `craft_fieldlayouttabs`
--
CREATE TABLE `craft_fieldlayouttabs` (
  `id` int(11) NOT NULL AUTO_INCREMENT,
  `layoutId` int(11) NOT NULL,
  `name` varchar(255) COLLATE utf8_unicode_ci NOT NULL,
  `sortOrder` smallint(6) unsigned DEFAULT NULL,
  `dateCreated` datetime NOT NULL,
  `dateUpdated` datetime NOT NULL,
  `uid` char(36) COLLATE utf8_unicode_ci NOT NULL DEFAULT '0',
  PRIMARY KEY (`id`),
  KEY `craft_fieldlayouttabs_sortOrder_idx` (`sortOrder`),
  KEY `craft_fieldlayouttabs_layoutId_fk` (`layoutId`)
) ENGINE=InnoDB AUTO_INCREMENT=27 DEFAULT CHARSET=utf8 COLLATE=utf8_unicode_ci;

--
-- Data for table `craft_fieldlayouttabs`
--

INSERT INTO `craft_fieldlayouttabs` (`id`, `layoutId`, `name`, `sortOrder`, `dateCreated`, `dateUpdated`, `uid`) VALUES
 ('1', '3', 'Content', '1', '2019-02-01 10:24:41', '2019-02-01 10:24:41', '4e483728-5f0c-4fea-b12e-2dc1b864626a'),
 ('9', '15', 'Default', '1', '2019-02-01 10:34:27', '2019-02-01 10:34:27', 'c1593c00-8cc3-44c9-b2cd-6b1f396070d3'),
 ('10', '17', 'Section One', '1', '2019-02-01 10:34:27', '2019-02-01 10:34:27', '0013a8b7-8b00-479a-9ebe-2fc70df68771'),
 ('11', '17', 'Section Two', '2', '2019-02-01 10:34:27', '2019-02-01 10:34:27', 'f97fc6d7-e0e7-459e-b08f-7f9bf333db12'),
 ('20', '26', 'Tab 1', '1', '2019-02-01 11:21:41', '2019-02-01 11:21:41', 'efa8d905-e035-4d62-88b4-e8e1a0d051d3'),
 ('21', '30', 'Content', '1', '2019-02-01 11:33:23', '2019-02-01 11:33:23', 'd891d0c6-30b6-4be4-8187-6f925a676f4b'),
 ('22', '31', 'Tab 1', '1', '2019-02-01 11:33:42', '2019-02-01 11:33:42', 'f07372c3-5ad7-458c-a752-88fd05ed98bb'),
 ('25', '35', 'Content', '1', '2019-02-01 11:38:34', '2019-02-01 11:38:34', '23babd63-bda1-457c-b443-ef8e239cdd19'),
 ('26', '36', 'Tab 1', '1', '2019-02-01 11:39:03', '2019-02-01 11:39:03', '02b03e09-928a-410c-8d94-591bf7c6db7d');



DROP TABLE IF EXISTS `craft_fields`;


--
-- Schema for table `craft_fields`
--
CREATE TABLE `craft_fields` (
  `id` int(11) NOT NULL AUTO_INCREMENT,
  `groupId` int(11) DEFAULT NULL,
  `name` varchar(255) COLLATE utf8_unicode_ci NOT NULL,
  `handle` varchar(58) COLLATE utf8_unicode_ci NOT NULL,
  `context` varchar(255) COLLATE utf8_unicode_ci NOT NULL DEFAULT 'global',
  `instructions` text COLLATE utf8_unicode_ci,
  `translatable` tinyint(1) unsigned NOT NULL DEFAULT '0',
  `type` varchar(150) COLLATE utf8_unicode_ci NOT NULL,
  `settings` text COLLATE utf8_unicode_ci,
  `dateCreated` datetime NOT NULL,
  `dateUpdated` datetime NOT NULL,
  `uid` char(36) COLLATE utf8_unicode_ci NOT NULL DEFAULT '0',
  PRIMARY KEY (`id`),
  UNIQUE KEY `craft_fields_handle_context_unq_idx` (`handle`,`context`),
  KEY `craft_fields_context_idx` (`context`),
  KEY `craft_fields_groupId_fk` (`groupId`)
) ENGINE=InnoDB AUTO_INCREMENT=53 DEFAULT CHARSET=utf8 COLLATE=utf8_unicode_ci;

--
-- Data for table `craft_fields`
--

INSERT INTO `craft_fields` (`id`, `groupId`, `name`, `handle`, `context`, `instructions`, `translatable`, `type`, `settings`, `dateCreated`, `dateUpdated`, `uid`) VALUES
 ('1', '1', 'Body', 'body', 'global', NULL, '1', 'RichText', '{\"configFile\":\"Standard.json\",\"columnType\":\"text\"}', '2019-02-01 10:24:41', '2019-02-01 10:24:41', 'bd264074-23ff-4b36-ae91-4f2feae7c020'),
 ('2', '1', 'Tags', 'tags', 'global', NULL, '0', 'Tags', '{\"source\":\"taggroup:1\"}', '2019-02-01 10:24:41', '2019-02-01 10:24:41', '45255eb6-3efd-49c4-9972-55148d98d07f'),
 ('23', NULL, 'Full Name', 'fullName', 'sproutForms:8', NULL, '0', 'PlainText', '{\"placeholder\":\"\",\"maxLength\":\"\",\"multiline\":\"\",\"initialRows\":4}', '2019-02-01 10:34:27', '2019-02-01 10:34:27', '0dd387bf-f3bf-44f6-a1c1-11cac0bebb0b'),
 ('24', NULL, 'Email', 'email', 'sproutForms:8', NULL, '0', 'PlainText', '{\"placeholder\":\"\",\"maxLength\":\"\",\"multiline\":\"\",\"initialRows\":4}', '2019-02-01 10:34:27', '2019-02-01 10:34:27', 'b9a2f852-fb65-40ce-9438-6d32a30ce1b7'),
 ('25', NULL, 'Message', 'message', 'sproutForms:8', NULL, '0', 'PlainText', '{\"placeholder\":\"\",\"maxLength\":\"\",\"multiline\":1,\"initialRows\":4}', '2019-02-01 10:34:27', '2019-02-01 10:34:27', '866851aa-33fd-45b6-b23a-2fc2a639db1f'),
 ('26', NULL, 'Plain Text Field', 'plainText', 'sproutForms:9', NULL, '0', 'PlainText', '{\"placeholder\":\"\",\"maxLength\":\"\",\"multiline\":0,\"initialRows\":4}', '2019-02-01 10:34:27', '2019-02-01 10:34:27', '73f4f5a5-785c-4d3c-a0be-028cfe17c7fc'),
 ('27', NULL, 'Dropdown Field', 'dropdown', 'sproutForms:9', NULL, '0', 'Dropdown', '{\"options\":[{\"label\":\"Option 1\",\"value\":\"option1\",\"default\":\"\"},{\"label\":\"Option 2\",\"value\":\"option2\",\"default\":\"\"},{\"label\":\"Option 3\",\"value\":\"option3\",\"default\":\"\"}]}', '2019-02-01 10:34:27', '2019-02-01 10:34:27', '2d39cadf-8f49-4090-bbca-2a1a855a7506'),
 ('28', NULL, 'Number Field', 'number', 'sproutForms:9', NULL, '0', 'Number', '{\"min\":0,\"max\":\"\",\"decimals\":\"\"}', '2019-02-01 10:34:27', '2019-02-01 10:34:27', '5486b4de-b64c-4b7e-a9d4-2ce194b24a4f'),
 ('29', NULL, 'Radio Buttons Field', 'radioButtons', 'sproutForms:9', NULL, '0', 'RadioButtons', '{\"options\":[{\"label\":\"Option 1\",\"value\":\"option1\",\"default\":\"\"},{\"label\":\"Option 2\",\"value\":\"option2\",\"default\":\"\"},{\"label\":\"Option 3\",\"value\":\"option3\",\"default\":\"\"}]}', '2019-02-01 10:34:27', '2019-02-01 10:34:27', 'd250e12b-3246-406b-9e05-709ec3bc3943'),
 ('30', NULL, 'Checkboxes Field', 'checkboxes', 'sproutForms:9', NULL, '0', 'Checkboxes', '{\"options\":[{\"label\":\"Option 1\",\"value\":\"option1\",\"default\":\"\"},{\"label\":\"Option 2\",\"value\":\"option2\",\"default\":\"\"},{\"label\":\"Option 3\",\"value\":\"option3\",\"default\":\"\"}]}', '2019-02-01 10:34:27', '2019-02-01 10:34:27', '3827a483-430c-4a4e-85be-6b7de08b74a7'),
 ('31', NULL, 'Multi-select Field', 'multiSelect', 'sproutForms:9', NULL, '0', 'MultiSelect', '{\"options\":[{\"label\":\"Option 1\",\"value\":\"option1\",\"default\":\"\"},{\"label\":\"Option 2\",\"value\":\"option2\",\"default\":\"\"},{\"label\":\"Option 3\",\"value\":\"option3\",\"default\":\"\"}]}', '2019-02-01 10:34:27', '2019-02-01 10:34:27', '98d67049-704c-4357-9566-6ad756d20bdf'),
 ('32', NULL, 'Textarea Field', 'textarea', 'sproutForms:9', NULL, '0', 'PlainText', '{\"placeholder\":\"\",\"maxLength\":\"\",\"multiline\":1,\"initialRows\":4}', '2019-02-01 10:34:27', '2019-02-01 10:34:27', 'e33ab8f1-d03e-441b-86db-d9193bc6ad2c'),
 ('34', NULL, 'userid', 'userid', 'sproutForms:10', '', '0', 'Number', '{\"min\":\"0\",\"max\":\"\",\"decimals\":\"0\"}', '2019-02-01 10:38:18', '2019-02-01 10:38:18', '2a706479-7f5b-4e12-9d3d-adb466aab54a'),
 ('35', NULL, 'rfid', 'rfid', 'sproutForms:10', '', '0', 'PlainText', '{\"placeholder\":\"\",\"maxLength\":\"\",\"multiline\":\"\",\"initialRows\":\"4\"}', '2019-02-01 10:38:26', '2019-02-01 10:38:26', 'eab0aec8-0f77-4b0b-8b09-e2c5b2d5de6a'),
 ('36', NULL, 'firstname', 'firstname', 'sproutForms:10', '', '0', 'PlainText', '{\"placeholder\":\"\",\"maxLength\":\"\",\"multiline\":\"\",\"initialRows\":\"4\"}', '2019-02-01 10:38:33', '2019-02-01 10:38:33', 'c8f848c4-df69-41b5-a85b-6f7adaff305d'),
 ('37', NULL, 'lastname', 'lastname', 'sproutForms:10', '', '0', 'PlainText', '{\"placeholder\":\"\",\"maxLength\":\"\",\"multiline\":\"\",\"initialRows\":\"4\"}', '2019-02-01 10:38:39', '2019-02-01 10:38:39', 'd68c0e60-861b-4617-83b8-0493a71199c2'),
 ('38', NULL, 'email', 'email', 'sproutForms:10', '', '0', 'PlainText', '{\"placeholder\":\"\",\"maxLength\":\"\",\"multiline\":\"\",\"initialRows\":\"4\"}', '2019-02-01 10:38:49', '2019-02-01 10:38:49', '5be2e567-ea87-4641-8761-13fdab2f944a'),
 ('39', NULL, 'Email Optin', 'checkbox_emailoptin', 'sproutForms:10', '', '0', 'Checkboxes', '{\"options\":[{\"label\":\"Email Optin\",\"value\":\"tick1\",\"default\":\"\"}]}', '2019-02-01 10:40:59', '2019-02-01 11:16:32', '1e461848-2f2e-4cec-8e02-3ec3d5f224c5'),
 ('40', NULL, 'Under 16', 'checkbox_under16', 'sproutForms:10', '', '0', 'Checkboxes', '{\"options\":[{\"label\":\"Under 16\",\"value\":\"tick1\",\"default\":\"\"}]}', '2019-02-01 10:57:33', '2019-02-01 11:16:28', 'fdbba141-733f-4b5a-a3b1-3b94ab8da1b4'),
 ('41', NULL, 'Guardian Firstname', 'guardian_firstname', 'sproutForms:10', '', '0', 'Checkboxes', '{\"options\":[{\"label\":\"Guardian Firstname\",\"value\":\"tick1\",\"default\":\"\"}]}', '2019-02-01 11:18:23', '2019-02-01 11:18:23', 'ab594edd-4a80-4eb0-b8b5-5ede4af02795'),
 ('42', NULL, 'Guardian Lastname', 'guardian_lastname', 'sproutForms:10', '', '0', 'Checkboxes', '{\"options\":[{\"label\":\"Guardian Lastname\",\"value\":\"guardian_lastname\",\"default\":\"\"}]}', '2019-02-01 11:18:47', '2019-02-01 11:18:47', '8ba5b3c4-ec37-4176-a8d1-9fa50e5f0d38'),
 ('43', NULL, 'Guardian Email', 'guardian_email', 'sproutForms:10', '', '0', 'PlainText', '{\"placeholder\":\"\",\"maxLength\":\"\",\"multiline\":\"\",\"initialRows\":\"4\"}', '2019-02-01 11:19:01', '2019-02-01 11:19:01', '08c08b8d-fb70-4acf-a499-143da947a121'),
 ('44', NULL, 'Colour', 'multi_colour', 'sproutForms:10', '', '0', 'RadioButtons', '{\"options\":[{\"label\":\"Red\",\"value\":\"tick1\",\"default\":\"\"},{\"label\":\"Blue\",\"value\":\"tick2\",\"default\":\"\"},{\"label\":\"Green\",\"value\":\"tick3\",\"default\":\"\"},{\"label\":\"Yellow\",\"value\":\"tick4\",\"default\":\"\"}]}', '2019-02-01 11:19:53', '2019-02-01 11:20:21', 'ac5b57be-be99-4921-8c2e-730ce9c3abb8'),
 ('45', NULL, 'Driver', 'multi_driver', 'sproutForms:10', '', '0', 'RadioButtons', '{\"options\":[{\"label\":\"Driver1\",\"value\":\"tick1\",\"default\":\"\"},{\"label\":\"Driver2\",\"value\":\"tick2\",\"default\":\"\"}]}', '2019-02-01 11:20:51', '2019-02-01 11:20:51', '6489b138-abd2-4674-8fbe-f7f131232a42'),
 ('46', NULL, 'Drink', 'multi_drink', 'sproutForms:10', '', '0', 'RadioButtons', '{\"options\":[{\"label\":\"Drink 1\",\"value\":\"tick1\",\"default\":\"\"},{\"label\":\"Drink 2\",\"value\":\"tick2\",\"default\":\"\"},{\"label\":\"Drink 3\",\"value\":\"tick3\",\"default\":\"\"},{\"label\":\"Drink 4\",\"value\":\"tick4\",\"default\":\"\"}]}', '2019-02-01 11:21:35', '2019-02-01 11:21:35', '72728e77-2ac1-49d3-9a75-e9a2330bc27c'),
 ('47', '1', 'Colour', 'colour_field', 'global', '', '0', 'Matrix', '{\"maxBlocks\":null}', '2019-02-01 11:33:23', '2019-02-01 11:33:23', '4e5fede7-59d6-453f-8026-3795a8a5947f'),
 ('48', NULL, 'Colour', 'colour', 'matrixBlockType:1', '', '0', 'Color', NULL, '2019-02-01 11:33:23', '2019-02-01 11:33:23', '27e328aa-a804-44f2-82b8-fda9af5a4fea'),
 ('49', '1', 'Drinks', 'drinks', 'global', '', '0', 'Matrix', '{\"maxBlocks\":null}', '2019-02-01 11:35:56', '2019-02-01 11:38:34', 'a3eeb861-2e1f-4158-810a-2c776e37619c'),
 ('50', NULL, 'Name', 'drink_title', 'matrixBlockType:2', '', '0', 'PlainText', '{\"placeholder\":\"\",\"maxLength\":\"\",\"multiline\":\"\",\"initialRows\":\"4\"}', '2019-02-01 11:35:56', '2019-02-01 11:38:34', 'e99a093c-5ac1-4579-b3bf-114668eaa1d9'),
 ('51', NULL, 'Body', 'drink_body', 'matrixBlockType:2', '', '0', 'PlainText', '{\"placeholder\":\"\",\"maxLength\":\"\",\"multiline\":\"\",\"initialRows\":\"4\"}', '2019-02-01 11:35:56', '2019-02-01 11:38:34', 'd90373c4-3128-4094-b682-4ba49cd79526'),
 ('52', NULL, 'Image', 'drink_image', 'matrixBlockType:2', '', '0', 'Assets', '{\"useSingleFolder\":\"\",\"sources\":\"*\",\"defaultUploadLocationSource\":\"1\",\"defaultUploadLocationSubpath\":\"\",\"singleUploadLocationSource\":\"1\",\"singleUploadLocationSubpath\":\"\",\"restrictFiles\":\"\",\"limit\":\"\",\"viewMode\":\"large\",\"selectionLabel\":\"\"}', '2019-02-01 11:38:34', '2019-02-01 11:38:34', 'b7be16eb-43a1-4116-9cf0-0113fea67bb2');



DROP TABLE IF EXISTS `craft_globalsets`;


--
-- Schema for table `craft_globalsets`
--
CREATE TABLE `craft_globalsets` (
  `id` int(11) NOT NULL,
  `name` varchar(255) COLLATE utf8_unicode_ci NOT NULL,
  `handle` varchar(255) COLLATE utf8_unicode_ci NOT NULL,
  `fieldLayoutId` int(10) DEFAULT NULL,
  `dateCreated` datetime NOT NULL,
  `dateUpdated` datetime NOT NULL,
  `uid` char(36) COLLATE utf8_unicode_ci NOT NULL DEFAULT '0',
  PRIMARY KEY (`id`),
  UNIQUE KEY `craft_globalsets_name_unq_idx` (`name`),
  UNIQUE KEY `craft_globalsets_handle_unq_idx` (`handle`),
  KEY `craft_globalsets_fieldLayoutId_fk` (`fieldLayoutId`)
) ENGINE=InnoDB DEFAULT CHARSET=utf8 COLLATE=utf8_unicode_ci;

DROP TABLE IF EXISTS `craft_info`;


--
-- Schema for table `craft_info`
--
CREATE TABLE `craft_info` (
  `id` int(11) NOT NULL AUTO_INCREMENT,
  `version` varchar(50) COLLATE utf8_unicode_ci NOT NULL,
  `schemaVersion` varchar(15) COLLATE utf8_unicode_ci NOT NULL,
  `edition` tinyint(1) unsigned NOT NULL DEFAULT '0',
  `siteName` varchar(100) COLLATE utf8_unicode_ci NOT NULL,
  `siteUrl` varchar(255) COLLATE utf8_unicode_ci NOT NULL,
  `timezone` varchar(30) COLLATE utf8_unicode_ci DEFAULT NULL,
  `on` tinyint(1) unsigned NOT NULL DEFAULT '0',
  `maintenance` tinyint(1) unsigned NOT NULL DEFAULT '0',
  `dateCreated` datetime NOT NULL,
  `dateUpdated` datetime NOT NULL,
  `uid` char(36) COLLATE utf8_unicode_ci NOT NULL DEFAULT '0',
  PRIMARY KEY (`id`)
) ENGINE=InnoDB AUTO_INCREMENT=2 DEFAULT CHARSET=utf8 COLLATE=utf8_unicode_ci;

--
-- Data for table `craft_info`
--

INSERT INTO `craft_info` (`id`, `version`, `schemaVersion`, `edition`, `siteName`, `siteUrl`, `timezone`, `on`, `maintenance`, `dateCreated`, `dateUpdated`, `uid`) VALUES
 ('1', '2.7.4', '2.6.14', '0', 'Nissan FE Admin', 'http://dev.nissan.wearecassetteapps.test', 'UTC', '1', '0', '2019-02-01 10:24:40', '2019-02-01 10:31:26', '515820fb-eed3-4cc8-888b-9f59c586239a');



DROP TABLE IF EXISTS `craft_locales`;


--
-- Schema for table `craft_locales`
--
CREATE TABLE `craft_locales` (
  `locale` char(12) CHARACTER SET utf8 COLLATE utf8_unicode_ci NOT NULL,
  `sortOrder` smallint(6) unsigned DEFAULT NULL,
  `dateCreated` datetime NOT NULL,
  `dateUpdated` datetime NOT NULL,
  `uid` char(36) COLLATE utf8_unicode_ci NOT NULL DEFAULT '0',
  PRIMARY KEY (`locale`),
  KEY `craft_locales_sortOrder_idx` (`sortOrder`)
) ENGINE=InnoDB DEFAULT CHARSET=utf8 COLLATE=utf8_unicode_ci;

--
-- Data for table `craft_locales`
--

INSERT INTO `craft_locales` (`locale`, `sortOrder`, `dateCreated`, `dateUpdated`, `uid`) VALUES
 ('en_gb', '1', '2019-02-01 10:24:40', '2019-02-01 10:24:40', 'da3bba14-e7f0-433c-a80d-cc1d12d17fa7');



DROP TABLE IF EXISTS `craft_matrixblocks`;


--
-- Schema for table `craft_matrixblocks`
--
CREATE TABLE `craft_matrixblocks` (
  `id` int(11) NOT NULL,
  `ownerId` int(11) NOT NULL,
  `fieldId` int(11) NOT NULL,
  `typeId` int(11) DEFAULT NULL,
  `sortOrder` smallint(6) unsigned DEFAULT NULL,
  `ownerLocale` char(12) CHARACTER SET utf8 COLLATE utf8_unicode_ci DEFAULT NULL,
  `dateCreated` datetime NOT NULL,
  `dateUpdated` datetime NOT NULL,
  `uid` char(36) COLLATE utf8_unicode_ci NOT NULL DEFAULT '0',
  PRIMARY KEY (`id`),
  KEY `craft_matrixblocks_ownerId_idx` (`ownerId`),
  KEY `craft_matrixblocks_fieldId_idx` (`fieldId`),
  KEY `craft_matrixblocks_typeId_idx` (`typeId`),
  KEY `craft_matrixblocks_sortOrder_idx` (`sortOrder`),
  KEY `craft_matrixblocks_ownerLocale_fk` (`ownerLocale`)
) ENGINE=InnoDB DEFAULT CHARSET=utf8 COLLATE=utf8_unicode_ci;

--
-- Data for table `craft_matrixblocks`
--

INSERT INTO `craft_matrixblocks` (`id`, `ownerId`, `fieldId`, `typeId`, `sortOrder`, `ownerLocale`, `dateCreated`, `dateUpdated`, `uid`) VALUES
 ('27', '24', '47', '1', '1', NULL, '2019-02-01 11:34:32', '2019-02-01 11:34:36', '6fd324dd-f946-4f7d-b446-e8a434c938b8'),
 ('28', '24', '47', '1', '2', NULL, '2019-02-01 11:34:32', '2019-02-01 11:34:36', 'bf8bfa29-aad3-4e9d-b323-35dfd36b8f4c'),
 ('29', '24', '47', '1', '3', NULL, '2019-02-01 11:34:32', '2019-02-01 11:34:36', '39df1bdd-165b-43d5-b926-a38d9a37cc61'),
 ('30', '24', '47', '1', '4', NULL, '2019-02-01 11:34:32', '2019-02-01 11:34:36', '26705586-c3be-4e43-8803-03bc2daff94a'),
 ('33', '25', '49', '2', '1', NULL, '2019-02-01 11:40:28', '2019-02-01 11:40:28', '2764c0cd-dacd-45d7-81f9-c5812e02a4f9');



DROP TABLE IF EXISTS `craft_matrixblocktypes`;


--
-- Schema for table `craft_matrixblocktypes`
--
CREATE TABLE `craft_matrixblocktypes` (
  `id` int(11) NOT NULL AUTO_INCREMENT,
  `fieldId` int(11) NOT NULL,
  `fieldLayoutId` int(11) DEFAULT NULL,
  `name` varchar(255) COLLATE utf8_unicode_ci NOT NULL,
  `handle` varchar(255) COLLATE utf8_unicode_ci NOT NULL,
  `sortOrder` smallint(6) unsigned DEFAULT NULL,
  `dateCreated` datetime NOT NULL,
  `dateUpdated` datetime NOT NULL,
  `uid` char(36) COLLATE utf8_unicode_ci NOT NULL DEFAULT '0',
  PRIMARY KEY (`id`),
  UNIQUE KEY `craft_matrixblocktypes_name_fieldId_unq_idx` (`name`,`fieldId`),
  UNIQUE KEY `craft_matrixblocktypes_handle_fieldId_unq_idx` (`handle`,`fieldId`),
  KEY `craft_matrixblocktypes_fieldId_fk` (`fieldId`),
  KEY `craft_matrixblocktypes_fieldLayoutId_fk` (`fieldLayoutId`)
) ENGINE=InnoDB AUTO_INCREMENT=3 DEFAULT CHARSET=utf8 COLLATE=utf8_unicode_ci;

--
-- Data for table `craft_matrixblocktypes`
--

INSERT INTO `craft_matrixblocktypes` (`id`, `fieldId`, `fieldLayoutId`, `name`, `handle`, `sortOrder`, `dateCreated`, `dateUpdated`, `uid`) VALUES
 ('1', '47', '30', 'Colour', 'colour', '1', '2019-02-01 11:33:23', '2019-02-01 11:33:23', 'e02a73bd-6f82-4e11-b89f-be2e2f4ab252'),
 ('2', '49', '35', 'Drink', 'drink', '1', '2019-02-01 11:35:56', '2019-02-01 11:38:34', '1a0caf9f-bed4-4a95-bc6d-d008ad70d1ad');



DROP TABLE IF EXISTS `craft_matrixcontent_colour_field`;


--
-- Schema for table `craft_matrixcontent_colour_field`
--
CREATE TABLE `craft_matrixcontent_colour_field` (
  `id` int(11) NOT NULL AUTO_INCREMENT,
  `elementId` int(11) NOT NULL,
  `locale` char(12) CHARACTER SET utf8 COLLATE utf8_unicode_ci NOT NULL,
  `field_colour_colour` char(7) COLLATE utf8_unicode_ci DEFAULT NULL,
  `dateCreated` datetime NOT NULL,
  `dateUpdated` datetime NOT NULL,
  `uid` char(36) COLLATE utf8_unicode_ci NOT NULL DEFAULT '0',
  PRIMARY KEY (`id`),
  UNIQUE KEY `craft_matrixcontent_colour_field_elementId_locale_unq_idx` (`elementId`,`locale`),
  KEY `craft_matrixcontent_colour_field_locale_fk` (`locale`)
) ENGINE=InnoDB AUTO_INCREMENT=5 DEFAULT CHARSET=utf8 COLLATE=utf8_unicode_ci;

--
-- Data for table `craft_matrixcontent_colour_field`
--

INSERT INTO `craft_matrixcontent_colour_field` (`id`, `elementId`, `locale`, `field_colour_colour`, `dateCreated`, `dateUpdated`, `uid`) VALUES
 ('1', '27', 'en_gb', '#bf13bf', '2019-02-01 11:34:32', '2019-02-01 11:34:36', 'fb7b382b-5764-41e2-8a16-7e69b3dece46'),
 ('2', '28', 'en_gb', '#16dce3', '2019-02-01 11:34:32', '2019-02-01 11:34:36', '08ea9277-efe3-42da-837b-51c33d78e12c'),
 ('3', '29', 'en_gb', '#aeff00', '2019-02-01 11:34:32', '2019-02-01 11:34:36', '0b93a00d-32cb-4c7f-bfa2-11d89deb907c'),
 ('4', '30', 'en_gb', '#fa002a', '2019-02-01 11:34:32', '2019-02-01 11:34:36', 'd29b3d2f-6b83-4a9b-a400-8c4aa9afbae2');



DROP TABLE IF EXISTS `craft_matrixcontent_drinks`;


--
-- Schema for table `craft_matrixcontent_drinks`
--
CREATE TABLE `craft_matrixcontent_drinks` (
  `id` int(11) NOT NULL AUTO_INCREMENT,
  `elementId` int(11) NOT NULL,
  `locale` char(12) CHARACTER SET utf8 COLLATE utf8_unicode_ci NOT NULL,
  `field_drink_drink_title` text COLLATE utf8_unicode_ci,
  `field_drink_drink_body` text COLLATE utf8_unicode_ci,
  `dateCreated` datetime NOT NULL,
  `dateUpdated` datetime NOT NULL,
  `uid` char(36) COLLATE utf8_unicode_ci NOT NULL DEFAULT '0',
  PRIMARY KEY (`id`),
  UNIQUE KEY `craft_matrixcontent_drinks_elementId_locale_unq_idx` (`elementId`,`locale`),
  KEY `craft_matrixcontent_drinks_locale_fk` (`locale`)
) ENGINE=InnoDB AUTO_INCREMENT=3 DEFAULT CHARSET=utf8 COLLATE=utf8_unicode_ci;

--
-- Data for table `craft_matrixcontent_drinks`
--

INSERT INTO `craft_matrixcontent_drinks` (`id`, `elementId`, `locale`, `field_drink_drink_title`, `field_drink_drink_body`, `dateCreated`, `dateUpdated`, `uid`) VALUES
 ('2', '33', 'en_gb', '', '', '2019-02-01 11:40:28', '2019-02-01 11:40:28', '50a1e508-2190-4a8b-ba70-0ca1a6ed50c0');



DROP TABLE IF EXISTS `craft_migrations`;


--
-- Schema for table `craft_migrations`
--
CREATE TABLE `craft_migrations` (
  `id` int(11) NOT NULL AUTO_INCREMENT,
  `pluginId` int(11) DEFAULT NULL,
  `version` varchar(255) COLLATE utf8_unicode_ci NOT NULL,
  `applyTime` datetime NOT NULL,
  `dateCreated` datetime NOT NULL,
  `dateUpdated` datetime NOT NULL,
  `uid` char(36) COLLATE utf8_unicode_ci NOT NULL DEFAULT '0',
  PRIMARY KEY (`id`),
  UNIQUE KEY `craft_migrations_version_unq_idx` (`version`),
  KEY `craft_migrations_pluginId_fk` (`pluginId`)
) ENGINE=InnoDB AUTO_INCREMENT=126 DEFAULT CHARSET=utf8 COLLATE=utf8_unicode_ci;

--
-- Data for table `craft_migrations`
--

INSERT INTO `craft_migrations` (`id`, `pluginId`, `version`, `applyTime`, `dateCreated`, `dateUpdated`, `uid`) VALUES
 ('1', NULL, 'm000000_000000_base', '2019-02-01 10:24:40', '2019-02-01 10:24:40', '2019-02-01 10:24:40', '7d832f0b-5967-43fd-8896-fa8dcb07035a'),
 ('2', NULL, 'm140730_000001_add_filename_and_format_to_transformindex', '2019-02-01 10:24:40', '2019-02-01 10:24:40', '2019-02-01 10:24:40', 'f1da6f60-8f03-4a35-9857-b53c40e4791b'),
 ('3', NULL, 'm140815_000001_add_format_to_transforms', '2019-02-01 10:24:40', '2019-02-01 10:24:40', '2019-02-01 10:24:40', '77795f4f-3d3f-46c3-b66d-95bf4dc2da5e'),
 ('4', NULL, 'm140822_000001_allow_more_than_128_items_per_field', '2019-02-01 10:24:40', '2019-02-01 10:24:40', '2019-02-01 10:24:40', '1068e331-941c-4d9f-a3e0-d0dcfc448c11'),
 ('5', NULL, 'm140829_000001_single_title_formats', '2019-02-01 10:24:40', '2019-02-01 10:24:40', '2019-02-01 10:24:40', 'f461877b-e932-4376-b1b7-56c12a6979b8'),
 ('6', NULL, 'm140831_000001_extended_cache_keys', '2019-02-01 10:24:40', '2019-02-01 10:24:40', '2019-02-01 10:24:40', '2ed83a4e-e5ba-4dbc-9a2f-71bc52f765e2'),
 ('7', NULL, 'm140922_000001_delete_orphaned_matrix_blocks', '2019-02-01 10:24:40', '2019-02-01 10:24:40', '2019-02-01 10:24:40', 'cb5b457c-1e4b-4fc4-bede-6005b82b8688'),
 ('8', NULL, 'm141008_000001_elements_index_tune', '2019-02-01 10:24:40', '2019-02-01 10:24:40', '2019-02-01 10:24:40', 'bb42c2d6-8bcd-4920-ad81-565271fa77ed'),
 ('9', NULL, 'm141009_000001_assets_source_handle', '2019-02-01 10:24:40', '2019-02-01 10:24:40', '2019-02-01 10:24:40', '0e489928-5a5d-4534-ba82-b6a559d50a9f'),
 ('10', NULL, 'm141024_000001_field_layout_tabs', '2019-02-01 10:24:40', '2019-02-01 10:24:40', '2019-02-01 10:24:40', '4c94cc72-4afc-4bb5-8103-8fbdd3581066'),
 ('11', NULL, 'm141030_000000_plugin_schema_versions', '2019-02-01 10:24:40', '2019-02-01 10:24:40', '2019-02-01 10:24:40', '8bd3c11b-8bfe-484b-849f-955918a67c64'),
 ('12', NULL, 'm141030_000001_drop_structure_move_permission', '2019-02-01 10:24:40', '2019-02-01 10:24:40', '2019-02-01 10:24:40', '7678f4e4-aa14-4f76-9808-5c6182856a2f'),
 ('13', NULL, 'm141103_000001_tag_titles', '2019-02-01 10:24:40', '2019-02-01 10:24:40', '2019-02-01 10:24:40', 'd0c6fc29-0de4-483b-a0d3-9f9847cdb1b8'),
 ('14', NULL, 'm141109_000001_user_status_shuffle', '2019-02-01 10:24:40', '2019-02-01 10:24:40', '2019-02-01 10:24:40', 'f3e09073-de4f-4e5c-811f-f58a2c9ad7c8'),
 ('15', NULL, 'm141126_000001_user_week_start_day', '2019-02-01 10:24:40', '2019-02-01 10:24:40', '2019-02-01 10:24:40', '670c25bf-c4a4-4b12-b029-525a21a9016a'),
 ('16', NULL, 'm150210_000001_adjust_user_photo_size', '2019-02-01 10:24:40', '2019-02-01 10:24:40', '2019-02-01 10:24:40', '56bed3d6-e207-4cc9-87d2-90cad97e7276'),
 ('17', NULL, 'm150724_000001_adjust_quality_settings', '2019-02-01 10:24:40', '2019-02-01 10:24:40', '2019-02-01 10:24:40', '6b078498-86bf-4f63-9af8-c54f500fbf46'),
 ('18', NULL, 'm150827_000000_element_index_settings', '2019-02-01 10:24:40', '2019-02-01 10:24:40', '2019-02-01 10:24:40', '3853c77c-0e68-4f4e-b425-cda623500cd1'),
 ('19', NULL, 'm150918_000001_add_colspan_to_widgets', '2019-02-01 10:24:40', '2019-02-01 10:24:40', '2019-02-01 10:24:40', '5822b644-bd92-4665-b006-1fa9aa46238a'),
 ('20', NULL, 'm151007_000000_clear_asset_caches', '2019-02-01 10:24:40', '2019-02-01 10:24:40', '2019-02-01 10:24:40', '39af6499-8f06-485d-9447-97f455d9164c'),
 ('21', NULL, 'm151109_000000_text_url_formats', '2019-02-01 10:24:40', '2019-02-01 10:24:40', '2019-02-01 10:24:40', '22036f4c-8cd1-4115-8caa-42cbb9a00d20'),
 ('22', NULL, 'm151110_000000_move_logo', '2019-02-01 10:24:40', '2019-02-01 10:24:40', '2019-02-01 10:24:40', '88b0255a-d54b-41ba-aaff-17f7171dd2a6'),
 ('23', NULL, 'm151117_000000_adjust_image_widthheight', '2019-02-01 10:24:40', '2019-02-01 10:24:40', '2019-02-01 10:24:40', 'e6edd88a-1573-4eda-b753-89e8a2ca6bee'),
 ('24', NULL, 'm151127_000000_clear_license_key_status', '2019-02-01 10:24:40', '2019-02-01 10:24:40', '2019-02-01 10:24:40', '2a1f8bc5-a876-4d43-abf8-8892c4e7daf1'),
 ('25', NULL, 'm151127_000000_plugin_license_keys', '2019-02-01 10:24:40', '2019-02-01 10:24:40', '2019-02-01 10:24:40', '6f905b41-e607-4b36-87a2-5e0c678b4dc1'),
 ('26', NULL, 'm151130_000000_update_pt_widget_feeds', '2019-02-01 10:24:40', '2019-02-01 10:24:40', '2019-02-01 10:24:40', '44bbe228-1564-4ba2-976f-8caa6868edb7'),
 ('27', NULL, 'm160114_000000_asset_sources_public_url_default_true', '2019-02-01 10:24:40', '2019-02-01 10:24:40', '2019-02-01 10:24:40', '421cc7dd-579e-4db8-bc01-dd4b7a7eb197'),
 ('28', NULL, 'm160223_000000_sortorder_to_smallint', '2019-02-01 10:24:40', '2019-02-01 10:24:40', '2019-02-01 10:24:40', '0ae2e6f0-4b5a-41bf-9232-de14b0004dc7'),
 ('29', NULL, 'm160229_000000_set_default_entry_statuses', '2019-02-01 10:24:40', '2019-02-01 10:24:40', '2019-02-01 10:24:40', '09b85509-2c5d-44fa-864e-4b81c62673eb'),
 ('30', NULL, 'm160304_000000_client_permissions', '2019-02-01 10:24:40', '2019-02-01 10:24:40', '2019-02-01 10:24:40', '8000ed90-d32b-4a08-8afe-99a7b46532a3'),
 ('31', NULL, 'm160322_000000_asset_filesize', '2019-02-01 10:24:40', '2019-02-01 10:24:40', '2019-02-01 10:24:40', 'a514539c-15fb-47c7-a223-b066ff9a2f93'),
 ('32', NULL, 'm160503_000000_orphaned_fieldlayouts', '2019-02-01 10:24:40', '2019-02-01 10:24:40', '2019-02-01 10:24:40', '7850f31a-0ece-47b5-8686-63564526b5a8'),
 ('33', NULL, 'm160510_000000_tasksettings', '2019-02-01 10:24:40', '2019-02-01 10:24:40', '2019-02-01 10:24:40', '2a46d432-a6c4-4c6f-92af-5f89d106cfbf'),
 ('34', NULL, 'm160829_000000_pending_user_content_cleanup', '2019-02-01 10:24:40', '2019-02-01 10:24:40', '2019-02-01 10:24:40', '4c716dca-0818-4246-9093-ed384bfae473'),
 ('35', NULL, 'm160830_000000_asset_index_uri_increase', '2019-02-01 10:24:40', '2019-02-01 10:24:40', '2019-02-01 10:24:40', 'b8b46bee-b4db-4e44-b8cc-74543a7aadb7'),
 ('36', NULL, 'm160919_000000_usergroup_handle_title_unique', '2019-02-01 10:24:40', '2019-02-01 10:24:40', '2019-02-01 10:24:40', 'ced441a1-e585-4ff8-b50d-e11413569fc4'),
 ('37', NULL, 'm161108_000000_new_version_format', '2019-02-01 10:24:40', '2019-02-01 10:24:40', '2019-02-01 10:24:40', '72d5cccb-29c2-452c-891a-ec9d4d11e385'),
 ('38', NULL, 'm161109_000000_index_shuffle', '2019-02-01 10:24:40', '2019-02-01 10:24:40', '2019-02-01 10:24:40', 'e90d3350-969d-48d6-9310-b2a9de62d9d5'),
 ('39', NULL, 'm170612_000000_route_index_shuffle', '2019-02-01 10:24:40', '2019-02-01 10:24:40', '2019-02-01 10:24:40', 'e67faf0c-7870-46ff-ae84-5a48de269b82'),
 ('40', NULL, 'm171107_000000_assign_group_permissions', '2019-02-01 10:24:40', '2019-02-01 10:24:40', '2019-02-01 10:24:40', '56b8df1b-8b97-4063-bedf-8d69e20301fd'),
 ('41', NULL, 'm171117_000001_templatecache_index_tune', '2019-02-01 10:24:40', '2019-02-01 10:24:40', '2019-02-01 10:24:40', 'e12d539f-7cf3-4f75-bebb-9bcb8b7720bd'),
 ('42', NULL, 'm171204_000001_templatecache_index_tune_deux', '2019-02-01 10:24:40', '2019-02-01 10:24:40', '2019-02-01 10:24:40', '0bc989dd-636d-4ca6-a74f-ddb62c0dbb89'),
 ('43', NULL, 'm180406_000000_pro_upgrade', '2019-02-01 10:24:40', '2019-02-01 10:24:40', '2019-02-01 10:24:40', 'b97e5451-bdf9-4d98-bfcd-6731790fdb65'),
 ('101', '6', 'm151229_000001_sproutReports_addReportGroupsTable', '2019-02-01 10:34:00', '2019-02-01 10:34:00', '2019-02-01 10:34:00', 'd2edeccb-838b-4463-8af8-5e38d5200905'),
 ('102', '6', 'm151229_000002_sproutReports_updateSingleNumberWidgetToNumberWidget', '2019-02-01 10:34:00', '2019-02-01 10:34:00', '2019-02-01 10:34:00', '256ac72e-64cc-4763-9786-d10619f3b950'),
 ('103', '6', 'm151229_000003_sproutReports_removeOldReportColumns', '2019-02-01 10:34:00', '2019-02-01 10:34:00', '2019-02-01 10:34:00', '94e36238-5a86-4c0b-9154-a0405243b350'),
 ('104', '6', 'm151229_000004_sproutReports_addNewReportColumns', '2019-02-01 10:34:00', '2019-02-01 10:34:00', '2019-02-01 10:34:00', '4c6aafd3-1b1a-44d8-83d9-5dc2d882e19d'),
 ('105', '6', 'm151229_000005_sproutReports_migrateAndRemoveCustomQueryColumn', '2019-02-01 10:34:00', '2019-02-01 10:34:00', '2019-02-01 10:34:00', '35f1ea21-f699-46cb-b45a-021efc8d873c'),
 ('106', '6', 'm151229_000006_sproutReports_addDetailsToReportsTable', '2019-02-01 10:34:00', '2019-02-01 10:34:00', '2019-02-01 10:34:00', '6b338c1b-b1c0-482b-9150-63e3abfe7a7b'),
 ('107', '6', 'm161101_134003_sproutreports_createDataSourceTable', '2019-02-01 10:34:00', '2019-02-01 10:34:00', '2019-02-01 10:34:00', 'aa34c1ab-5fd1-46ea-a645-670a790d1531'),
 ('108', '6', 'm161122_000000_sproutReports_addAllowHtmlColumn', '2019-02-01 10:34:00', '2019-02-01 10:34:00', '2019-02-01 10:34:00', '7b8e12ef-cff3-41cf-800c-791e3152e0b1'),
 ('109', '6', 'm171020_000000_sproutReports_addDynamicNameColumn', '2019-02-01 10:34:00', '2019-02-01 10:34:00', '2019-02-01 10:34:00', '05cc19a6-a5d6-43e8-beaf-bc1b07f09e1d'),
 ('110', '7', 'm141026_000000_sproutForms_addFormGroupsTable', '2019-02-01 10:34:03', '2019-02-01 10:34:03', '2019-02-01 10:34:03', '9d8fe8e2-c6dc-40d0-848a-7a06a5218778'),
 ('111', '7', 'm141026_020000_sproutForms_renameOldFormsTableAndCreateNewFormsTable', '2019-02-01 10:34:03', '2019-02-01 10:34:03', '2019-02-01 10:34:03', '27f14b0d-320b-40a9-a540-5a2cb626b36e'),
 ('112', '7', 'm141026_030000_sproutForms_addFormEntryTable', '2019-02-01 10:34:03', '2019-02-01 10:34:03', '2019-02-01 10:34:03', '3e66ede4-bc77-45aa-af4b-42c7bf8d0324'),
 ('113', '7', 'm141026_060000_sproutForms_migrateFieldsFormsAndEntries', '2019-02-01 10:34:03', '2019-02-01 10:34:03', '2019-02-01 10:34:03', '19a5c23d-87a1-44fd-8fba-c5e9421947bb'),
 ('114', '7', 'm150418_000000_sproutForms_addNotificationEnabledSetting', '2019-02-01 10:34:03', '2019-02-01 10:34:03', '2019-02-01 10:34:03', '71c55f0a-6f2b-4882-b98b-a052a81f33c2'),
 ('115', '7', 'm150629_000000_sproutForms_updateSproutEmailNotificationOptionsFormat', '2019-02-01 10:34:03', '2019-02-01 10:34:03', '2019-02-01 10:34:03', '6e59e071-f5d0-4435-8371-7d826b8b3e3c'),
 ('116', '7', 'm151006_000000_sproutForms_addTemplateOverrides', '2019-02-01 10:34:03', '2019-02-01 10:34:03', '2019-02-01 10:34:03', '8d7c79c3-67c7-49ab-bb31-637a695d0a4d'),
 ('117', '7', 'm151007_000000_sproutForms_addFileAttachments', '2019-02-01 10:34:03', '2019-02-01 10:34:03', '2019-02-01 10:34:03', '93ce3ce6-b87b-47ef-8e7d-e4db6be850f5'),
 ('118', '7', 'm160405_000000_sproutForms_addSavePayloadColumn', '2019-02-01 10:34:03', '2019-02-01 10:34:03', '2019-02-01 10:34:03', 'd44daeaa-2ada-44fc-956b-b7f513122f90'),
 ('119', '7', 'm160509_000000_sproutForms_addEntryStatusTable', '2019-02-01 10:34:03', '2019-02-01 10:34:03', '2019-02-01 10:34:03', 'f7159578-764a-4d22-a1f1-ea4219261e36'),
 ('120', '7', 'm160509_010000_sproutForms_addStatusIdColumn', '2019-02-01 10:34:03', '2019-02-01 10:34:03', '2019-02-01 10:34:03', 'ecd386cb-0ff6-4ad6-86f3-a2b1d2f21d42'),
 ('121', '7', 'm160509_030000_sproutForms_addStatusIdFk', '2019-02-01 10:34:03', '2019-02-01 10:34:03', '2019-02-01 10:34:03', 'bc93a012-6daa-44bf-ab8c-7bcdd717f0c4'),
 ('122', '7', 'm160510_000000_sproutForms_installDefaultEntryStatuses', '2019-02-01 10:34:03', '2019-02-01 10:34:03', '2019-02-01 10:34:03', '4ca447fb-95b1-4477-a142-08dbfa680f38'),
 ('123', '7', 'm160511_000000_sproutForms_setDefaultColorToEntries', '2019-02-01 10:34:03', '2019-02-01 10:34:03', '2019-02-01 10:34:03', '8e9740ad-aac3-49dc-93bc-d0c90c0b7536'),
 ('124', '7', 'm160524_000000_sproutForms_setAdvancedSettings', '2019-02-01 10:34:03', '2019-02-01 10:34:03', '2019-02-01 10:34:03', '77a6d34e-228a-44cb-aaa2-f1d4d190d0b4'),
 ('125', '7', 'm170323_000000_sproutForms_addSaveDataAdvancedSettings', '2019-02-01 10:34:03', '2019-02-01 10:34:03', '2019-02-01 10:34:03', '540e7575-54fc-4187-adfc-201d57a75a94');



DROP TABLE IF EXISTS `craft_plugins`;


--
-- Schema for table `craft_plugins`
--
CREATE TABLE `craft_plugins` (
  `id` int(11) NOT NULL AUTO_INCREMENT,
  `class` varchar(150) COLLATE utf8_unicode_ci NOT NULL,
  `version` varchar(15) COLLATE utf8_unicode_ci NOT NULL,
  `schemaVersion` varchar(15) COLLATE utf8_unicode_ci DEFAULT NULL,
  `licenseKey` char(24) COLLATE utf8_unicode_ci DEFAULT NULL,
  `licenseKeyStatus` enum('valid','invalid','mismatched','unknown') COLLATE utf8_unicode_ci NOT NULL DEFAULT 'unknown',
  `enabled` tinyint(1) unsigned NOT NULL DEFAULT '0',
  `settings` text COLLATE utf8_unicode_ci,
  `installDate` datetime NOT NULL,
  `dateCreated` datetime NOT NULL,
  `dateUpdated` datetime NOT NULL,
  `uid` char(36) COLLATE utf8_unicode_ci NOT NULL DEFAULT '0',
  PRIMARY KEY (`id`)
) ENGINE=InnoDB AUTO_INCREMENT=8 DEFAULT CHARSET=utf8 COLLATE=utf8_unicode_ci;

--
-- Data for table `craft_plugins`
--

INSERT INTO `craft_plugins` (`id`, `class`, `version`, `schemaVersion`, `licenseKey`, `licenseKeyStatus`, `enabled`, `settings`, `installDate`, `dateCreated`, `dateUpdated`, `uid`) VALUES
 ('1', 'ElementApi', '1.2.1', '1.0.0', NULL, 'unknown', '1', NULL, '2019-02-01 10:28:35', '2019-02-01 10:28:35', '2019-02-01 11:41:27', '0f0a636a-ab4c-437f-ac88-a7d902a78c02'),
 ('6', 'SproutReports', '0.10.2', '0.9.1', NULL, 'unknown', '1', NULL, '2019-02-01 10:34:00', '2019-02-01 10:34:00', '2019-02-01 11:41:27', 'f5aae392-7054-4a44-a400-ff3a45d323dd'),
 ('7', 'SproutForms', '2.6.3', '2.4.0', NULL, 'unknown', '1', '{\"pluginNameOverride\":null,\"templateFolderOverride\":\"\",\"enablePerFormTemplateFolderOverride\":\"\",\"enablePayloadForwarding\":\"\",\"enableSaveData\":\"1\",\"enableSaveDataPerFormBasis\":\"\", \"saveDataByDefault\":\"1\"}', '2019-02-01 10:34:03', '2019-02-01 10:34:03', '2019-02-01 11:41:27', '8d04d56c-298d-4c35-a307-f4317161ccb6');



DROP TABLE IF EXISTS `craft_rackspaceaccess`;


--
-- Schema for table `craft_rackspaceaccess`
--
CREATE TABLE `craft_rackspaceaccess` (
  `id` int(11) NOT NULL AUTO_INCREMENT,
  `connectionKey` varchar(255) COLLATE utf8_unicode_ci NOT NULL,
  `token` varchar(255) COLLATE utf8_unicode_ci NOT NULL,
  `storageUrl` varchar(255) COLLATE utf8_unicode_ci NOT NULL,
  `cdnUrl` varchar(255) COLLATE utf8_unicode_ci NOT NULL,
  `dateCreated` datetime NOT NULL,
  `dateUpdated` datetime NOT NULL,
  `uid` char(36) COLLATE utf8_unicode_ci NOT NULL DEFAULT '0',
  PRIMARY KEY (`id`),
  UNIQUE KEY `craft_rackspaceaccess_connectionKey_unq_idx` (`connectionKey`)
) ENGINE=InnoDB DEFAULT CHARSET=utf8 COLLATE=utf8_unicode_ci;

DROP TABLE IF EXISTS `craft_relations`;


--
-- Schema for table `craft_relations`
--
CREATE TABLE `craft_relations` (
  `id` int(11) NOT NULL AUTO_INCREMENT,
  `fieldId` int(11) NOT NULL,
  `sourceId` int(11) NOT NULL,
  `sourceLocale` char(12) CHARACTER SET utf8 COLLATE utf8_unicode_ci DEFAULT NULL,
  `targetId` int(11) NOT NULL,
  `sortOrder` smallint(6) DEFAULT NULL,
  `dateCreated` datetime NOT NULL,
  `dateUpdated` datetime NOT NULL,
  `uid` char(36) COLLATE utf8_unicode_ci NOT NULL DEFAULT '0',
  PRIMARY KEY (`id`),
  UNIQUE KEY `craft_relations_fieldId_sourceId_sourceLocale_targetId_unq_idx` (`fieldId`,`sourceId`,`sourceLocale`,`targetId`),
  KEY `craft_relations_sourceId_fk` (`sourceId`),
  KEY `craft_relations_sourceLocale_fk` (`sourceLocale`),
  KEY `craft_relations_targetId_fk` (`targetId`)
) ENGINE=InnoDB AUTO_INCREMENT=3 DEFAULT CHARSET=utf8 COLLATE=utf8_unicode_ci;

--
-- Data for table `craft_relations`
--

INSERT INTO `craft_relations` (`id`, `fieldId`, `sourceId`, `sourceLocale`, `targetId`, `sortOrder`, `dateCreated`, `dateUpdated`, `uid`) VALUES
 ('2', '52', '33', NULL, '31', '1', '2019-02-01 11:40:28', '2019-02-01 11:40:28', 'dbd6e582-2247-42e6-b21e-c82e8023098d');



DROP TABLE IF EXISTS `craft_routes`;


--
-- Schema for table `craft_routes`
--
CREATE TABLE `craft_routes` (
  `id` int(11) NOT NULL AUTO_INCREMENT,
  `locale` char(12) CHARACTER SET utf8 COLLATE utf8_unicode_ci DEFAULT NULL,
  `urlParts` varchar(255) COLLATE utf8_unicode_ci NOT NULL,
  `urlPattern` varchar(255) COLLATE utf8_unicode_ci NOT NULL,
  `template` varchar(255) COLLATE utf8_unicode_ci NOT NULL,
  `sortOrder` smallint(6) unsigned DEFAULT NULL,
  `dateCreated` datetime NOT NULL,
  `dateUpdated` datetime NOT NULL,
  `uid` char(36) COLLATE utf8_unicode_ci NOT NULL DEFAULT '0',
  PRIMARY KEY (`id`),
  KEY `craft_routes_locale_idx` (`locale`),
  KEY `craft_routes_urlPattern_idx` (`urlPattern`)
) ENGINE=InnoDB DEFAULT CHARSET=utf8 COLLATE=utf8_unicode_ci;

DROP TABLE IF EXISTS `craft_searchindex`;


--
-- Schema for table `craft_searchindex`
--
CREATE TABLE `craft_searchindex` (
  `elementId` int(11) NOT NULL,
  `attribute` varchar(25) COLLATE utf8_unicode_ci NOT NULL,
  `fieldId` int(11) NOT NULL,
  `locale` char(12) CHARACTER SET utf8 COLLATE utf8_unicode_ci NOT NULL,
  `keywords` text COLLATE utf8_unicode_ci NOT NULL,
  PRIMARY KEY (`elementId`,`attribute`,`fieldId`,`locale`),
  FULLTEXT KEY `craft_searchindex_keywords_idx` (`keywords`)
) ENGINE=MyISAM DEFAULT CHARSET=utf8 COLLATE=utf8_unicode_ci;

--
-- Data for table `craft_searchindex`
--

INSERT INTO `craft_searchindex` (`elementId`, `attribute`, `fieldId`, `locale`, `keywords`) VALUES
 ('1', 'username', '0', 'en_gb', ' admin '),
 ('1', 'firstname', '0', 'en_gb', ''),
 ('1', 'lastname', '0', 'en_gb', ''),
 ('1', 'fullname', '0', 'en_gb', ''),
 ('1', 'email', '0', 'en_gb', ' info pixelproject com '),
 ('1', 'slug', '0', 'en_gb', ''),
 ('2', 'slug', '0', 'en_gb', ' homepage '),
 ('2', 'title', '0', 'en_gb', ' welcome to dev nissan wearecassetteapps test '),
 ('2', 'field', '1', 'en_gb', ' it s true this site doesn t have a whole lot of content yet but don t worry our web developers have just installed the cms and they re setting things up for the content editors this very moment soon dev nissan wearecassetteapps test will be an oasis of fresh perspectives sharp analyses and astute opinions that will keep you coming back again and again '),
 ('8', 'name', '0', 'en_gb', ' contact form '),
 ('8', 'handle', '0', 'en_gb', ' contact '),
 ('8', 'slug', '0', 'en_gb', ''),
 ('9', 'name', '0', 'en_gb', ' basic fields form '),
 ('9', 'handle', '0', 'en_gb', ' basic '),
 ('9', 'slug', '0', 'en_gb', ''),
 ('10', 'name', '0', 'en_gb', ' nissan_energy_form '),
 ('10', 'handle', '0', 'en_gb', ' nissan_energy_form '),
 ('10', 'slug', '0', 'en_gb', ''),
 ('17', 'field', '40', 'en_gb', ''),
 ('17', 'field', '39', 'en_gb', ''),
 ('17', 'field', '38', 'en_gb', ' test2 pixel com '),
 ('17', 'field', '37', 'en_gb', ' lastnametest '),
 ('17', 'field', '36', 'en_gb', ' firstnametest '),
 ('17', 'field', '35', 'en_gb', ' 75757575 '),
 ('17', 'field', '34', 'en_gb', ' 11 '),
 ('16', 'slug', '0', 'en_gb', ' fri 01 feb 2019 111055 '),
 ('16', 'formname', '0', 'en_gb', ''),
 ('16', 'title', '0', 'en_gb', ' fri 01 feb 2019 11 10 55 '),
 ('16', 'id', '0', 'en_gb', ' 16 '),
 ('16', 'field', '40', 'en_gb', ''),
 ('16', 'field', '39', 'en_gb', ''),
 ('16', 'field', '38', 'en_gb', ' test2 pixel com '),
 ('16', 'field', '37', 'en_gb', ' lastnametest '),
 ('16', 'field', '36', 'en_gb', ' firstnametest '),
 ('16', 'field', '35', 'en_gb', ' 75757575 '),
 ('16', 'field', '34', 'en_gb', ' 11 '),
 ('15', 'slug', '0', 'en_gb', ' fri 01 feb 2019 111020 '),
 ('15', 'formname', '0', 'en_gb', ''),
 ('15', 'title', '0', 'en_gb', ' fri 01 feb 2019 11 10 20 '),
 ('15', 'id', '0', 'en_gb', ' 15 '),
 ('15', 'field', '40', 'en_gb', ''),
 ('15', 'field', '39', 'en_gb', ''),
 ('15', 'field', '38', 'en_gb', ' test2 pixel com '),
 ('15', 'field', '37', 'en_gb', ' lastnametest '),
 ('15', 'field', '36', 'en_gb', ' firstnametest '),
 ('15', 'field', '35', 'en_gb', ' 75757575 '),
 ('15', 'field', '34', 'en_gb', ' 11 '),
 ('17', 'id', '0', 'en_gb', ' 17 '),
 ('17', 'title', '0', 'en_gb', ' fri 01 feb 2019 11 11 24 '),
 ('17', 'formname', '0', 'en_gb', ''),
 ('17', 'slug', '0', 'en_gb', ' fri 01 feb 2019 111124 '),
 ('18', 'field', '34', 'en_gb', ' 11 '),
 ('18', 'field', '35', 'en_gb', ' 75757575 '),
 ('18', 'field', '36', 'en_gb', ' firstnametest '),
 ('18', 'field', '37', 'en_gb', ' lastnametest '),
 ('18', 'field', '38', 'en_gb', ' test2 pixel com '),
 ('18', 'field', '39', 'en_gb', ''),
 ('18', 'field', '40', 'en_gb', ''),
 ('18', 'id', '0', 'en_gb', ' 18 '),
 ('18', 'title', '0', 'en_gb', ' fri 01 feb 2019 11 11 54 '),
 ('18', 'formname', '0', 'en_gb', ''),
 ('18', 'slug', '0', 'en_gb', ' fri 01 feb 2019 111154 '),
 ('19', 'field', '34', 'en_gb', ' 11 '),
 ('19', 'field', '35', 'en_gb', ' 75757575 '),
 ('19', 'field', '36', 'en_gb', ' firstnametest '),
 ('19', 'field', '37', 'en_gb', ' lastnametest '),
 ('19', 'field', '38', 'en_gb', ' test2 pixel com '),
 ('19', 'field', '39', 'en_gb', ' tick1 '),
 ('19', 'field', '40', 'en_gb', ''),
 ('19', 'id', '0', 'en_gb', ' 19 '),
 ('19', 'title', '0', 'en_gb', ' fri 01 feb 2019 11 13 14 '),
 ('19', 'formname', '0', 'en_gb', ''),
 ('19', 'slug', '0', 'en_gb', ' fri 01 feb 2019 111314 '),
 ('20', 'field', '34', 'en_gb', ' 11 '),
 ('20', 'field', '35', 'en_gb', ' 75757575 '),
 ('20', 'field', '36', 'en_gb', ' firstnametest '),
 ('20', 'field', '37', 'en_gb', ' lastnametest '),
 ('20', 'field', '38', 'en_gb', ' test2 pixel com '),
 ('20', 'field', '39', 'en_gb', ' tick1 '),
 ('20', 'field', '40', 'en_gb', ' tick1 '),
 ('20', 'id', '0', 'en_gb', ' 20 '),
 ('20', 'title', '0', 'en_gb', ' fri 01 feb 2019 11 16 39 '),
 ('20', 'formname', '0', 'en_gb', ''),
 ('20', 'slug', '0', 'en_gb', ' fri 01 feb 2019 111639 '),
 ('21', 'field', '34', 'en_gb', ' 11 '),
 ('21', 'field', '35', 'en_gb', ' 75757575 '),
 ('21', 'field', '36', 'en_gb', ' firstnametest '),
 ('21', 'field', '37', 'en_gb', ' lastnametest '),
 ('21', 'field', '38', 'en_gb', ' test2 pixel com '),
 ('21', 'field', '39', 'en_gb', ''),
 ('21', 'field', '40', 'en_gb', ''),
 ('21', 'id', '0', 'en_gb', ' 21 '),
 ('21', 'title', '0', 'en_gb', ' fri 01 feb 2019 11 16 57 '),
 ('21', 'formname', '0', 'en_gb', ''),
 ('21', 'slug', '0', 'en_gb', ' fri 01 feb 2019 111657 '),
 ('25', 'title', '0', 'en_gb', ' drinks event 1 '),
 ('25', 'slug', '0', 'en_gb', ' drinks event 1 '),
 ('24', 'title', '0', 'en_gb', ' colours event 1 '),
 ('24', 'slug', '0', 'en_gb', ' colours event 1 '),
 ('26', 'slug', '0', 'en_gb', ' drivers event 1 ');
INSERT INTO `craft_searchindex` (`elementId`, `attribute`, `fieldId`, `locale`, `keywords`) VALUES
 ('26', 'title', '0', 'en_gb', ' drivers event 1 '),
 ('24', 'field', '47', 'en_gb', ' bf13bf 16dce3 aeff00 fa002a '),
 ('27', 'field', '48', 'en_gb', ' bf13bf '),
 ('27', 'slug', '0', 'en_gb', ''),
 ('28', 'field', '48', 'en_gb', ' 16dce3 '),
 ('28', 'slug', '0', 'en_gb', ''),
 ('29', 'field', '48', 'en_gb', ' aeff00 '),
 ('29', 'slug', '0', 'en_gb', ''),
 ('30', 'field', '48', 'en_gb', ' fa002a '),
 ('30', 'slug', '0', 'en_gb', ''),
 ('31', 'filename', '0', 'en_gb', ' aperol spritz jpg '),
 ('31', 'extension', '0', 'en_gb', ' jpg '),
 ('31', 'kind', '0', 'en_gb', ' image '),
 ('31', 'slug', '0', 'en_gb', ' aperol spritz '),
 ('31', 'title', '0', 'en_gb', ' aperol spritz '),
 ('25', 'field', '49', 'en_gb', ' aperol spritz '),
 ('33', 'field', '50', 'en_gb', ''),
 ('33', 'field', '51', 'en_gb', ''),
 ('33', 'field', '52', 'en_gb', ' aperol spritz '),
 ('33', 'slug', '0', 'en_gb', '');



DROP TABLE IF EXISTS `craft_sections`;


--
-- Schema for table `craft_sections`
--
CREATE TABLE `craft_sections` (
  `id` int(11) NOT NULL AUTO_INCREMENT,
  `structureId` int(11) DEFAULT NULL,
  `name` varchar(255) COLLATE utf8_unicode_ci NOT NULL,
  `handle` varchar(255) COLLATE utf8_unicode_ci NOT NULL,
  `type` enum('single','channel','structure') COLLATE utf8_unicode_ci NOT NULL DEFAULT 'channel',
  `hasUrls` tinyint(1) unsigned NOT NULL DEFAULT '1',
  `template` varchar(500) COLLATE utf8_unicode_ci DEFAULT NULL,
  `enableVersioning` tinyint(1) unsigned NOT NULL DEFAULT '0',
  `dateCreated` datetime NOT NULL,
  `dateUpdated` datetime NOT NULL,
  `uid` char(36) COLLATE utf8_unicode_ci NOT NULL DEFAULT '0',
  PRIMARY KEY (`id`),
  UNIQUE KEY `craft_sections_name_unq_idx` (`name`),
  UNIQUE KEY `craft_sections_handle_unq_idx` (`handle`),
  KEY `craft_sections_structureId_fk` (`structureId`)
) ENGINE=InnoDB AUTO_INCREMENT=6 DEFAULT CHARSET=utf8 COLLATE=utf8_unicode_ci;

--
-- Data for table `craft_sections`
--

INSERT INTO `craft_sections` (`id`, `structureId`, `name`, `handle`, `type`, `hasUrls`, `template`, `enableVersioning`, `dateCreated`, `dateUpdated`, `uid`) VALUES
 ('1', NULL, 'Homepage', 'homepage', 'single', '1', 'index', '1', '2019-02-01 10:24:41', '2019-02-01 10:24:41', 'b99cdcb2-c4a4-463b-8bcf-ebad70a1e1d9'),
 ('3', NULL, 'Drinks', 'drinks', 'channel', '0', NULL, '1', '2019-02-01 11:28:47', '2019-02-01 11:28:47', 'aec8eabb-f016-4333-8ae9-2d8d1ecd00c1'),
 ('4', NULL, 'Drivers', 'drivers', 'channel', '0', NULL, '1', '2019-02-01 11:28:56', '2019-02-01 11:28:56', 'f8992ad8-fbd5-4516-b953-77ab9d2e6605'),
 ('5', NULL, 'Colours', 'colours', 'channel', '1', 'colours/_entry', '1', '2019-02-01 11:29:02', '2019-02-01 11:29:02', 'c8c7ca2b-a743-440c-ab0e-5a6acbce91db');



DROP TABLE IF EXISTS `craft_sections_i18n`;


--
-- Schema for table `craft_sections_i18n`
--
CREATE TABLE `craft_sections_i18n` (
  `id` int(11) NOT NULL AUTO_INCREMENT,
  `sectionId` int(11) NOT NULL,
  `locale` char(12) CHARACTER SET utf8 COLLATE utf8_unicode_ci NOT NULL,
  `enabledByDefault` tinyint(1) unsigned NOT NULL DEFAULT '1',
  `urlFormat` text COLLATE utf8_unicode_ci,
  `nestedUrlFormat` text COLLATE utf8_unicode_ci,
  `dateCreated` datetime NOT NULL,
  `dateUpdated` datetime NOT NULL,
  `uid` char(36) COLLATE utf8_unicode_ci NOT NULL DEFAULT '0',
  PRIMARY KEY (`id`),
  UNIQUE KEY `craft_sections_i18n_sectionId_locale_unq_idx` (`sectionId`,`locale`),
  KEY `craft_sections_i18n_locale_fk` (`locale`)
) ENGINE=InnoDB AUTO_INCREMENT=6 DEFAULT CHARSET=utf8 COLLATE=utf8_unicode_ci;

--
-- Data for table `craft_sections_i18n`
--

INSERT INTO `craft_sections_i18n` (`id`, `sectionId`, `locale`, `enabledByDefault`, `urlFormat`, `nestedUrlFormat`, `dateCreated`, `dateUpdated`, `uid`) VALUES
 ('1', '1', 'en_gb', '1', '__home__', NULL, '2019-02-01 10:24:41', '2019-02-01 10:24:41', 'b194f1bf-fc1a-4b18-9114-2d268b952830'),
 ('3', '3', 'en_gb', '1', NULL, NULL, '2019-02-01 11:28:47', '2019-02-01 11:28:47', '16d00c04-1ef4-45ff-8a85-3ce817837992'),
 ('4', '4', 'en_gb', '1', NULL, NULL, '2019-02-01 11:28:56', '2019-02-01 11:28:56', '2581957e-71f7-4a33-a62a-7a133cc8c597'),
 ('5', '5', 'en_gb', '1', 'colours/{slug}', NULL, '2019-02-01 11:29:02', '2019-02-01 11:29:02', '59d394d6-771f-426c-9b41-d3e53bbc96a7');



DROP TABLE IF EXISTS `craft_sessions`;


--
-- Schema for table `craft_sessions`
--
CREATE TABLE `craft_sessions` (
  `id` int(11) NOT NULL AUTO_INCREMENT,
  `userId` int(11) NOT NULL,
  `token` char(100) COLLATE utf8_unicode_ci NOT NULL,
  `dateCreated` datetime NOT NULL,
  `dateUpdated` datetime NOT NULL,
  `uid` char(36) COLLATE utf8_unicode_ci NOT NULL DEFAULT '0',
  PRIMARY KEY (`id`),
  KEY `craft_sessions_uid_idx` (`uid`),
  KEY `craft_sessions_token_idx` (`token`),
  KEY `craft_sessions_dateUpdated_idx` (`dateUpdated`),
  KEY `craft_sessions_userId_fk` (`userId`)
) ENGINE=InnoDB AUTO_INCREMENT=2 DEFAULT CHARSET=utf8 COLLATE=utf8_unicode_ci;

DROP TABLE IF EXISTS `craft_shunnedmessages`;


--
-- Schema for table `craft_shunnedmessages`
--
CREATE TABLE `craft_shunnedmessages` (
  `id` int(11) NOT NULL AUTO_INCREMENT,
  `userId` int(11) NOT NULL,
  `message` varchar(255) COLLATE utf8_unicode_ci NOT NULL,
  `expiryDate` datetime DEFAULT NULL,
  `dateCreated` datetime NOT NULL,
  `dateUpdated` datetime NOT NULL,
  `uid` char(36) COLLATE utf8_unicode_ci NOT NULL DEFAULT '0',
  PRIMARY KEY (`id`),
  UNIQUE KEY `craft_shunnedmessages_userId_message_unq_idx` (`userId`,`message`)
) ENGINE=InnoDB DEFAULT CHARSET=utf8 COLLATE=utf8_unicode_ci;

DROP TABLE IF EXISTS `craft_sproutforms_entries`;


--
-- Schema for table `craft_sproutforms_entries`
--
CREATE TABLE `craft_sproutforms_entries` (
  `id` int(11) NOT NULL,
  `formId` int(11) NOT NULL,
  `statusId` int(10) DEFAULT NULL,
  `ipAddress` varchar(255) COLLATE utf8_unicode_ci DEFAULT NULL,
  `userAgent` text COLLATE utf8_unicode_ci,
  `dateCreated` datetime NOT NULL,
  `dateUpdated` datetime NOT NULL,
  `uid` char(36) COLLATE utf8_unicode_ci NOT NULL DEFAULT '0',
  PRIMARY KEY (`id`),
  KEY `craft_sproutforms_entries_formId_fk` (`formId`),
  KEY `craft_sproutforms_entries_statusId_fk` (`statusId`)
) ENGINE=InnoDB DEFAULT CHARSET=utf8 COLLATE=utf8_unicode_ci;

--
-- Data for table `craft_sproutforms_entries`
--

INSERT INTO `craft_sproutforms_entries` (`id`, `formId`, `statusId`, `ipAddress`, `userAgent`, `dateCreated`, `dateUpdated`, `uid`) VALUES
 ('15', '10', '1', '127.0.0.1', 'Mozilla/5.0 (Macintosh; U; Intel Mac OS X; en-ZA) AppleWebKit/533.19.4 (KHTML, like Gecko) AdobeAIR/31.0', '2019-02-01 11:10:20', '2019-02-01 11:10:20', '2d198b0b-a317-4bc4-80d9-c319124d0e5e'),
 ('16', '10', '1', '127.0.0.1', 'Mozilla/5.0 (Macintosh; U; Intel Mac OS X; en-ZA) AppleWebKit/533.19.4 (KHTML, like Gecko) AdobeAIR/31.0', '2019-02-01 11:10:55', '2019-02-01 11:10:55', '80e1be91-e585-4b27-85bb-fdf0180188c6'),
 ('17', '10', '1', '127.0.0.1', 'Mozilla/5.0 (Macintosh; U; Intel Mac OS X; en-ZA) AppleWebKit/533.19.4 (KHTML, like Gecko) AdobeAIR/31.0', '2019-02-01 11:11:24', '2019-02-01 11:11:24', 'de3aa275-52cb-44cc-8007-8a167e5b8d91'),
 ('18', '10', '1', '127.0.0.1', 'Mozilla/5.0 (Macintosh; U; Intel Mac OS X; en-ZA) AppleWebKit/533.19.4 (KHTML, like Gecko) AdobeAIR/31.0', '2019-02-01 11:11:54', '2019-02-01 11:11:54', 'dabd3b9a-cf51-4d47-8eff-ebda0066ec8b'),
 ('19', '10', '1', '127.0.0.1', 'Mozilla/5.0 (Macintosh; U; Intel Mac OS X; en-ZA) AppleWebKit/533.19.4 (KHTML, like Gecko) AdobeAIR/31.0', '2019-02-01 11:13:14', '2019-02-01 11:13:14', '3b2d88bb-e6bd-418e-adbe-8faa8b0bf2a5'),
 ('20', '10', '1', '127.0.0.1', 'Mozilla/5.0 (Macintosh; U; Intel Mac OS X; en-ZA) AppleWebKit/533.19.4 (KHTML, like Gecko) AdobeAIR/31.0', '2019-02-01 11:16:39', '2019-02-01 11:16:39', 'c9a11366-f248-4378-bba5-fa021797a0cb'),
 ('21', '10', '1', '127.0.0.1', 'Mozilla/5.0 (Macintosh; U; Intel Mac OS X; en-ZA) AppleWebKit/533.19.4 (KHTML, like Gecko) AdobeAIR/31.0', '2019-02-01 11:16:57', '2019-02-01 11:16:57', '2e411570-27e8-4b79-a661-da3b28048c89');



DROP TABLE IF EXISTS `craft_sproutforms_entrystatuses`;


--
-- Schema for table `craft_sproutforms_entrystatuses`
--
CREATE TABLE `craft_sproutforms_entrystatuses` (
  `id` int(11) NOT NULL AUTO_INCREMENT,
  `name` varchar(255) COLLATE utf8_unicode_ci NOT NULL,
  `handle` varchar(255) COLLATE utf8_unicode_ci NOT NULL,
  `color` enum('green','orange','red','blue','yellow','pink','purple','turquoise','light','grey','black') COLLATE utf8_unicode_ci NOT NULL DEFAULT 'blue',
  `sortOrder` smallint(6) unsigned DEFAULT NULL,
  `isDefault` tinyint(1) unsigned NOT NULL DEFAULT '0',
  `dateCreated` datetime NOT NULL,
  `dateUpdated` datetime NOT NULL,
  `uid` char(36) COLLATE utf8_unicode_ci NOT NULL DEFAULT '0',
  PRIMARY KEY (`id`)
) ENGINE=InnoDB AUTO_INCREMENT=3 DEFAULT CHARSET=utf8 COLLATE=utf8_unicode_ci;

--
-- Data for table `craft_sproutforms_entrystatuses`
--

INSERT INTO `craft_sproutforms_entrystatuses` (`id`, `name`, `handle`, `color`, `sortOrder`, `isDefault`, `dateCreated`, `dateUpdated`, `uid`) VALUES
 ('1', 'Unread', 'unread', 'blue', '1', '1', '2019-02-01 10:34:03', '2019-02-01 10:34:03', 'f23db6b5-6030-4bec-bf83-6c1041cde518'),
 ('2', 'Read', 'read', 'grey', '2', '0', '2019-02-01 10:34:03', '2019-02-01 10:34:03', '1e279613-6bbe-43c9-8cd0-d759903496b6');



DROP TABLE IF EXISTS `craft_sproutforms_formgroups`;


--
-- Schema for table `craft_sproutforms_formgroups`
--
CREATE TABLE `craft_sproutforms_formgroups` (
  `id` int(11) NOT NULL AUTO_INCREMENT,
  `name` varchar(255) COLLATE utf8_unicode_ci NOT NULL,
  `dateCreated` datetime NOT NULL,
  `dateUpdated` datetime NOT NULL,
  `uid` char(36) COLLATE utf8_unicode_ci NOT NULL DEFAULT '0',
  PRIMARY KEY (`id`),
  UNIQUE KEY `craft_sproutforms_formgroups_name_unq_idx` (`name`)
) ENGINE=InnoDB DEFAULT CHARSET=utf8 COLLATE=utf8_unicode_ci;

DROP TABLE IF EXISTS `craft_sproutforms_forms`;


--
-- Schema for table `craft_sproutforms_forms`
--
CREATE TABLE `craft_sproutforms_forms` (
  `id` int(11) NOT NULL,
  `fieldLayoutId` int(11) DEFAULT NULL,
  `groupId` int(10) DEFAULT NULL,
  `name` varchar(255) COLLATE utf8_unicode_ci NOT NULL,
  `handle` varchar(255) COLLATE utf8_unicode_ci NOT NULL,
  `titleFormat` varchar(255) COLLATE utf8_unicode_ci NOT NULL,
  `displaySectionTitles` tinyint(1) unsigned NOT NULL DEFAULT '0',
  `redirectUri` varchar(255) COLLATE utf8_unicode_ci DEFAULT NULL,
  `submitAction` varchar(255) COLLATE utf8_unicode_ci DEFAULT NULL,
  `submitButtonText` varchar(255) COLLATE utf8_unicode_ci DEFAULT NULL,
  `saveData` tinyint(1) unsigned NOT NULL DEFAULT '0',
  `notificationEnabled` tinyint(1) unsigned NOT NULL DEFAULT '0',
  `notificationRecipients` varchar(255) COLLATE utf8_unicode_ci DEFAULT NULL,
  `notificationSubject` varchar(255) COLLATE utf8_unicode_ci DEFAULT NULL,
  `notificationSenderName` varchar(255) COLLATE utf8_unicode_ci DEFAULT NULL,
  `notificationSenderEmail` varchar(255) COLLATE utf8_unicode_ci DEFAULT NULL,
  `notificationReplyToEmail` varchar(255) COLLATE utf8_unicode_ci DEFAULT NULL,
  `enableTemplateOverrides` tinyint(1) unsigned NOT NULL DEFAULT '0',
  `templateOverridesFolder` varchar(255) COLLATE utf8_unicode_ci DEFAULT NULL,
  `enableFileAttachments` tinyint(1) unsigned NOT NULL DEFAULT '0',
  `dateCreated` datetime NOT NULL,
  `dateUpdated` datetime NOT NULL,
  `uid` char(36) COLLATE utf8_unicode_ci NOT NULL DEFAULT '0',
  PRIMARY KEY (`id`),
  KEY `craft_sproutforms_forms_fieldLayoutId_fk` (`fieldLayoutId`)
) ENGINE=InnoDB DEFAULT CHARSET=utf8 COLLATE=utf8_unicode_ci;

--
-- Data for table `craft_sproutforms_forms`
--

INSERT INTO `craft_sproutforms_forms` (`id`, `fieldLayoutId`, `groupId`, `name`, `handle`, `titleFormat`, `displaySectionTitles`, `redirectUri`, `submitAction`, `submitButtonText`, `saveData`, `notificationEnabled`, `notificationRecipients`, `notificationSubject`, `notificationSenderName`, `notificationSenderEmail`, `notificationReplyToEmail`, `enableTemplateOverrides`, `templateOverridesFolder`, `enableFileAttachments`, `dateCreated`, `dateUpdated`, `uid`) VALUES
 ('8', '15', NULL, 'Contact Form', 'contact', '{dateCreated|date(\'Y-m-d\')} – {fullName} – {message|slice(0,22)}...', '0', 'sproutforms/examples/contact-form?message=thank-you', NULL, NULL, '0', '0', NULL, NULL, NULL, NULL, NULL, '0', '', '0', '2019-02-01 00:00:00', '2019-02-01 00:00:00', '0'),
 ('9', '17', NULL, 'Basic Fields Form', 'basic', '{plainText} – {dropdown}{% if object.textarea %} – {{ object.textarea|slice(0,15) }}{% endif %}', '1', 'sproutforms/examples/basic-fields?message=thank-you', NULL, NULL, '0', '0', NULL, NULL, NULL, NULL, NULL, '0', '', '0', '2019-02-01 00:00:00', '2019-02-01 00:00:00', '0'),
 ('10', '26', NULL, 'nissan_energy_form', 'nissan_energy_form', '{dateCreated|date(\'D, d M Y H:i:s\')}', '0', '', NULL, '', '0', '0', '', '', '', '', '', '0', NULL, '0', '2019-02-01 00:00:00', '2019-02-01 00:00:00', '0');



DROP TABLE IF EXISTS `craft_sproutformscontent_basic`;


--
-- Schema for table `craft_sproutformscontent_basic`
--
CREATE TABLE `craft_sproutformscontent_basic` (
  `id` int(11) NOT NULL AUTO_INCREMENT,
  `elementId` int(11) NOT NULL,
  `locale` char(12) CHARACTER SET utf8 COLLATE utf8_unicode_ci NOT NULL,
  `title` varchar(255) COLLATE utf8_unicode_ci DEFAULT NULL,
  `field_plainText` text COLLATE utf8_unicode_ci,
  `field_dropdown` varchar(255) COLLATE utf8_unicode_ci DEFAULT NULL,
  `field_number` int(10) unsigned DEFAULT '0',
  `field_radioButtons` varchar(255) COLLATE utf8_unicode_ci DEFAULT NULL,
  `field_checkboxes` varchar(255) COLLATE utf8_unicode_ci DEFAULT NULL,
  `field_multiSelect` varchar(255) COLLATE utf8_unicode_ci DEFAULT NULL,
  `field_textarea` text COLLATE utf8_unicode_ci,
  `dateCreated` datetime NOT NULL,
  `dateUpdated` datetime NOT NULL,
  `uid` char(36) COLLATE utf8_unicode_ci NOT NULL DEFAULT '0',
  PRIMARY KEY (`id`),
  UNIQUE KEY `craft_sproutformscontent_basic_elementId_locale_unq_idx` (`elementId`,`locale`),
  KEY `craft_sproutformscontent_basic_locale_fk` (`locale`)
) ENGINE=InnoDB DEFAULT CHARSET=utf8 COLLATE=utf8_unicode_ci;

DROP TABLE IF EXISTS `craft_sproutformscontent_contact`;


--
-- Schema for table `craft_sproutformscontent_contact`
--
CREATE TABLE `craft_sproutformscontent_contact` (
  `id` int(11) NOT NULL AUTO_INCREMENT,
  `elementId` int(11) NOT NULL,
  `locale` char(12) CHARACTER SET utf8 COLLATE utf8_unicode_ci NOT NULL,
  `title` varchar(255) COLLATE utf8_unicode_ci DEFAULT NULL,
  `field_fullName` text COLLATE utf8_unicode_ci,
  `field_email` text COLLATE utf8_unicode_ci,
  `field_message` text COLLATE utf8_unicode_ci,
  `dateCreated` datetime NOT NULL,
  `dateUpdated` datetime NOT NULL,
  `uid` char(36) COLLATE utf8_unicode_ci NOT NULL DEFAULT '0',
  PRIMARY KEY (`id`),
  UNIQUE KEY `craft_sproutformscontent_contact_elementId_locale_unq_idx` (`elementId`,`locale`),
  KEY `craft_sproutformscontent_contact_locale_fk` (`locale`)
) ENGINE=InnoDB DEFAULT CHARSET=utf8 COLLATE=utf8_unicode_ci;

DROP TABLE IF EXISTS `craft_sproutformscontent_nissan_energy_form`;


--
-- Schema for table `craft_sproutformscontent_nissan_energy_form`
--
CREATE TABLE `craft_sproutformscontent_nissan_energy_form` (
  `id` int(11) NOT NULL AUTO_INCREMENT,
  `elementId` int(11) NOT NULL,
  `locale` char(12) CHARACTER SET utf8 COLLATE utf8_unicode_ci NOT NULL,
  `title` varchar(255) COLLATE utf8_unicode_ci DEFAULT NULL,
  `field_userid` int(10) unsigned DEFAULT '0',
  `field_rfid` text COLLATE utf8_unicode_ci,
  `field_firstname` text COLLATE utf8_unicode_ci,
  `field_lastname` text COLLATE utf8_unicode_ci,
  `field_email` text COLLATE utf8_unicode_ci,
  `field_checkbox_emailoptin` varchar(255) COLLATE utf8_unicode_ci DEFAULT NULL,
  `field_checkbox_under16` varchar(255) COLLATE utf8_unicode_ci DEFAULT NULL,
  `field_guardian_firstname` varchar(255) COLLATE utf8_unicode_ci DEFAULT NULL,
  `field_guardian_lastname` varchar(255) COLLATE utf8_unicode_ci DEFAULT NULL,
  `field_guardian_email` text COLLATE utf8_unicode_ci,
  `field_multi_colour` varchar(255) COLLATE utf8_unicode_ci DEFAULT NULL,
  `field_multi_driver` varchar(255) COLLATE utf8_unicode_ci DEFAULT NULL,
  `field_multi_drink` varchar(255) COLLATE utf8_unicode_ci DEFAULT NULL,
  `dateCreated` datetime NOT NULL,
  `dateUpdated` datetime NOT NULL,
  `uid` char(36) COLLATE utf8_unicode_ci NOT NULL DEFAULT '0',
  PRIMARY KEY (`id`),
  UNIQUE KEY `craft_sproutformsconten_nissan_energy_form_elementI_locale_unq_i` (`elementId`,`locale`),
  KEY `craft_sproutformscontent_nissan_energy_form_locale_idx` (`locale`)
) ENGINE=InnoDB AUTO_INCREMENT=12 DEFAULT CHARSET=utf8 COLLATE=utf8_unicode_ci;

--
-- Data for table `craft_sproutformscontent_nissan_energy_form`
--

INSERT INTO `craft_sproutformscontent_nissan_energy_form` (`id`, `elementId`, `locale`, `title`, `field_userid`, `field_rfid`, `field_firstname`, `field_lastname`, `field_email`, `field_checkbox_emailoptin`, `field_checkbox_under16`, `field_guardian_firstname`, `field_guardian_lastname`, `field_guardian_email`, `field_multi_colour`, `field_multi_driver`, `field_multi_drink`, `dateCreated`, `dateUpdated`, `uid`) VALUES
 ('5', '15', 'en_gb', 'Fri, 01 Feb 2019 11:10:20', '11', '75757575', 'FirstnameTest', 'LastnameTest', 'test2@pixel.com', '[]', '[]', NULL, NULL, NULL, NULL, NULL, NULL, '2019-02-01 11:10:20', '2019-02-01 11:10:20', '662ae13a-b213-41c5-bc43-5df137669b8e'),
 ('6', '16', 'en_gb', 'Fri, 01 Feb 2019 11:10:55', '11', '75757575', 'FirstnameTest', 'LastnameTest', 'test2@pixel.com', '[]', '[]', NULL, NULL, NULL, NULL, NULL, NULL, '2019-02-01 11:10:55', '2019-02-01 11:10:55', '041fdb3a-2731-4875-b933-cef60c03628f'),
 ('7', '17', 'en_gb', 'Fri, 01 Feb 2019 11:11:24', '11', '75757575', 'FirstnameTest', 'LastnameTest', 'test2@pixel.com', '[]', '[]', NULL, NULL, NULL, NULL, NULL, NULL, '2019-02-01 11:11:24', '2019-02-01 11:11:24', '3a67800e-9a95-463d-b832-c26f1133b27b'),
 ('8', '18', 'en_gb', 'Fri, 01 Feb 2019 11:11:54', '11', '75757575', 'FirstnameTest', 'LastnameTest', 'test2@pixel.com', '[]', '[]', NULL, NULL, NULL, NULL, NULL, NULL, '2019-02-01 11:11:54', '2019-02-01 11:11:54', '03abf74e-f5bf-4a59-8dfd-2a3eccc9ff8c'),
 ('9', '19', 'en_gb', 'Fri, 01 Feb 2019 11:13:14', '11', '75757575', 'FirstnameTest', 'LastnameTest', 'test2@pixel.com', '[\"tick1\"]', '[]', NULL, NULL, NULL, NULL, NULL, NULL, '2019-02-01 11:13:14', '2019-02-01 11:13:14', '3c1d3ffd-4c4c-44af-9006-0401f91f18db'),
 ('10', '20', 'en_gb', 'Fri, 01 Feb 2019 11:16:39', '11', '75757575', 'FirstnameTest', 'LastnameTest', 'test2@pixel.com', '[\"tick1\"]', '[\"tick1\"]', NULL, NULL, NULL, NULL, NULL, NULL, '2019-02-01 11:16:39', '2019-02-01 11:16:39', '2f939172-4162-4c79-845f-20e7698e3cc4'),
 ('11', '21', 'en_gb', 'Fri, 01 Feb 2019 11:16:57', '11', '75757575', 'FirstnameTest', 'LastnameTest', 'test2@pixel.com', '[\"\"]', '[\"\"]', NULL, NULL, NULL, NULL, NULL, NULL, '2019-02-01 11:16:57', '2019-02-01 11:16:57', '2cf9d03f-c0a1-4f6b-b67e-8fc38d558150');



DROP TABLE IF EXISTS `craft_sproutreports_datasources`;


--
-- Schema for table `craft_sproutreports_datasources`
--
CREATE TABLE `craft_sproutreports_datasources` (
  `id` int(11) NOT NULL AUTO_INCREMENT,
  `dataSourceId` varchar(255) COLLATE utf8_unicode_ci NOT NULL,
  `options` text COLLATE utf8_unicode_ci,
  `allowNew` tinyint(1) unsigned NOT NULL DEFAULT '1',
  `dateCreated` datetime NOT NULL,
  `dateUpdated` datetime NOT NULL,
  `uid` char(36) COLLATE utf8_unicode_ci NOT NULL DEFAULT '0',
  PRIMARY KEY (`id`)
) ENGINE=InnoDB DEFAULT CHARSET=utf8 COLLATE=utf8_unicode_ci;

DROP TABLE IF EXISTS `craft_sproutreports_reportgroups`;


--
-- Schema for table `craft_sproutreports_reportgroups`
--
CREATE TABLE `craft_sproutreports_reportgroups` (
  `id` int(11) NOT NULL AUTO_INCREMENT,
  `name` varchar(255) COLLATE utf8_unicode_ci NOT NULL,
  `dateCreated` datetime NOT NULL,
  `dateUpdated` datetime NOT NULL,
  `uid` char(36) COLLATE utf8_unicode_ci NOT NULL DEFAULT '0',
  PRIMARY KEY (`id`),
  UNIQUE KEY `craft_sproutreports_reportgroups_name_unq_idx` (`name`)
) ENGINE=InnoDB AUTO_INCREMENT=2 DEFAULT CHARSET=utf8 COLLATE=utf8_unicode_ci;

--
-- Data for table `craft_sproutreports_reportgroups`
--

INSERT INTO `craft_sproutreports_reportgroups` (`id`, `name`, `dateCreated`, `dateUpdated`, `uid`) VALUES
 ('1', 'Sprout Reports', '2019-02-01 10:34:00', '2019-02-01 10:34:00', '47963177-bdf2-46af-913d-9584602284b6');



DROP TABLE IF EXISTS `craft_sproutreports_reports`;


--
-- Schema for table `craft_sproutreports_reports`
--
CREATE TABLE `craft_sproutreports_reports` (
  `id` int(11) NOT NULL AUTO_INCREMENT,
  `groupId` int(10) DEFAULT NULL,
  `name` varchar(255) COLLATE utf8_unicode_ci NOT NULL,
  `handle` varchar(255) COLLATE utf8_unicode_ci NOT NULL,
  `description` varchar(255) COLLATE utf8_unicode_ci DEFAULT NULL,
  `nameFormat` varchar(255) COLLATE utf8_unicode_ci DEFAULT NULL,
  `allowHtml` tinyint(1) unsigned DEFAULT '0',
  `dataSourceId` varchar(255) COLLATE utf8_unicode_ci NOT NULL,
  `options` text COLLATE utf8_unicode_ci,
  `enabled` tinyint(1) unsigned NOT NULL DEFAULT '1',
  `dateCreated` datetime NOT NULL,
  `dateUpdated` datetime NOT NULL,
  `uid` char(36) COLLATE utf8_unicode_ci NOT NULL DEFAULT '0',
  PRIMARY KEY (`id`),
  UNIQUE KEY `craft_sproutreports_reports_name_handle_unq_idx` (`name`,`handle`),
  KEY `craft_sproutreports_reports_dataSourceId_idx` (`dataSourceId`)
) ENGINE=InnoDB DEFAULT CHARSET=utf8 COLLATE=utf8_unicode_ci;

DROP TABLE IF EXISTS `craft_structureelements`;


--
-- Schema for table `craft_structureelements`
--
CREATE TABLE `craft_structureelements` (
  `id` int(11) NOT NULL AUTO_INCREMENT,
  `structureId` int(11) NOT NULL,
  `elementId` int(11) DEFAULT NULL,
  `root` int(11) unsigned DEFAULT NULL,
  `lft` int(11) unsigned NOT NULL,
  `rgt` int(11) unsigned NOT NULL,
  `level` smallint(6) unsigned NOT NULL,
  `dateCreated` datetime NOT NULL,
  `dateUpdated` datetime NOT NULL,
  `uid` char(36) COLLATE utf8_unicode_ci NOT NULL DEFAULT '0',
  PRIMARY KEY (`id`),
  UNIQUE KEY `craft_structureelements_structureId_elementId_unq_idx` (`structureId`,`elementId`),
  KEY `craft_structureelements_root_idx` (`root`),
  KEY `craft_structureelements_lft_idx` (`lft`),
  KEY `craft_structureelements_rgt_idx` (`rgt`),
  KEY `craft_structureelements_level_idx` (`level`),
  KEY `craft_structureelements_elementId_fk` (`elementId`)
) ENGINE=InnoDB DEFAULT CHARSET=utf8 COLLATE=utf8_unicode_ci;

DROP TABLE IF EXISTS `craft_structures`;


--
-- Schema for table `craft_structures`
--
CREATE TABLE `craft_structures` (
  `id` int(11) NOT NULL AUTO_INCREMENT,
  `maxLevels` smallint(6) unsigned DEFAULT NULL,
  `dateCreated` datetime NOT NULL,
  `dateUpdated` datetime NOT NULL,
  `uid` char(36) COLLATE utf8_unicode_ci NOT NULL DEFAULT '0',
  PRIMARY KEY (`id`)
) ENGINE=InnoDB DEFAULT CHARSET=utf8 COLLATE=utf8_unicode_ci;

DROP TABLE IF EXISTS `craft_systemsettings`;


--
-- Schema for table `craft_systemsettings`
--
CREATE TABLE `craft_systemsettings` (
  `id` int(11) NOT NULL AUTO_INCREMENT,
  `category` varchar(15) COLLATE utf8_unicode_ci NOT NULL,
  `settings` text COLLATE utf8_unicode_ci,
  `dateCreated` datetime NOT NULL,
  `dateUpdated` datetime NOT NULL,
  `uid` char(36) COLLATE utf8_unicode_ci NOT NULL DEFAULT '0',
  PRIMARY KEY (`id`),
  UNIQUE KEY `craft_systemsettings_category_unq_idx` (`category`)
) ENGINE=InnoDB AUTO_INCREMENT=2 DEFAULT CHARSET=utf8 COLLATE=utf8_unicode_ci;

--
-- Data for table `craft_systemsettings`
--

INSERT INTO `craft_systemsettings` (`id`, `category`, `settings`, `dateCreated`, `dateUpdated`, `uid`) VALUES
 ('1', 'email', '{\"protocol\":\"php\",\"emailAddress\":\"info@pixelproject.com\",\"senderName\":\"Nissan FE Admin\"}', '2019-02-01 10:24:41', '2019-02-01 10:24:41', 'af7a0f56-199c-4b4b-99df-0f5381f5b9e2');



DROP TABLE IF EXISTS `craft_taggroups`;


--
-- Schema for table `craft_taggroups`
--
CREATE TABLE `craft_taggroups` (
  `id` int(11) NOT NULL AUTO_INCREMENT,
  `name` varchar(255) COLLATE utf8_unicode_ci NOT NULL,
  `handle` varchar(255) COLLATE utf8_unicode_ci NOT NULL,
  `fieldLayoutId` int(10) DEFAULT NULL,
  `dateCreated` datetime NOT NULL,
  `dateUpdated` datetime NOT NULL,
  `uid` char(36) COLLATE utf8_unicode_ci NOT NULL DEFAULT '0',
  PRIMARY KEY (`id`),
  UNIQUE KEY `craft_taggroups_name_unq_idx` (`name`),
  UNIQUE KEY `craft_taggroups_handle_unq_idx` (`handle`),
  KEY `craft_taggroups_fieldLayoutId_fk` (`fieldLayoutId`)
) ENGINE=InnoDB AUTO_INCREMENT=2 DEFAULT CHARSET=utf8 COLLATE=utf8_unicode_ci;

--
-- Data for table `craft_taggroups`
--

INSERT INTO `craft_taggroups` (`id`, `name`, `handle`, `fieldLayoutId`, `dateCreated`, `dateUpdated`, `uid`) VALUES
 ('1', 'Default', 'default', '1', '2019-02-01 10:24:41', '2019-02-01 10:24:41', '6957a779-a3c9-4d83-acd1-cd79f55bd832');



DROP TABLE IF EXISTS `craft_tags`;


--
-- Schema for table `craft_tags`
--
CREATE TABLE `craft_tags` (
  `id` int(11) NOT NULL,
  `groupId` int(11) NOT NULL,
  `dateCreated` datetime NOT NULL,
  `dateUpdated` datetime NOT NULL,
  `uid` char(36) COLLATE utf8_unicode_ci NOT NULL DEFAULT '0',
  PRIMARY KEY (`id`),
  KEY `craft_tags_groupId_fk` (`groupId`)
) ENGINE=InnoDB DEFAULT CHARSET=utf8 COLLATE=utf8_unicode_ci;

DROP TABLE IF EXISTS `craft_tasks`;


--
-- Schema for table `craft_tasks`
--
CREATE TABLE `craft_tasks` (
  `id` int(11) NOT NULL AUTO_INCREMENT,
  `root` int(11) unsigned DEFAULT NULL,
  `lft` int(11) unsigned NOT NULL,
  `rgt` int(11) unsigned NOT NULL,
  `level` smallint(6) unsigned NOT NULL,
  `currentStep` int(11) unsigned DEFAULT NULL,
  `totalSteps` int(11) unsigned DEFAULT NULL,
  `status` enum('pending','error','running') COLLATE utf8_unicode_ci DEFAULT NULL,
  `type` varchar(150) COLLATE utf8_unicode_ci NOT NULL,
  `description` varchar(255) COLLATE utf8_unicode_ci DEFAULT NULL,
  `settings` mediumtext COLLATE utf8_unicode_ci,
  `dateCreated` datetime NOT NULL,
  `dateUpdated` datetime NOT NULL,
  `uid` char(36) COLLATE utf8_unicode_ci NOT NULL DEFAULT '0',
  PRIMARY KEY (`id`),
  KEY `craft_tasks_root_idx` (`root`),
  KEY `craft_tasks_lft_idx` (`lft`),
  KEY `craft_tasks_rgt_idx` (`rgt`),
  KEY `craft_tasks_level_idx` (`level`)
) ENGINE=InnoDB AUTO_INCREMENT=35 DEFAULT CHARSET=utf8 COLLATE=utf8_unicode_ci;

DROP TABLE IF EXISTS `craft_templatecachecriteria`;


--
-- Schema for table `craft_templatecachecriteria`
--
CREATE TABLE `craft_templatecachecriteria` (
  `id` int(11) NOT NULL AUTO_INCREMENT,
  `cacheId` int(11) NOT NULL,
  `type` varchar(150) COLLATE utf8_unicode_ci NOT NULL,
  `criteria` text COLLATE utf8_unicode_ci NOT NULL,
  PRIMARY KEY (`id`),
  KEY `craft_templatecachecriteria_cacheId_fk` (`cacheId`),
  KEY `craft_templatecachecriteria_type_idx` (`type`)
) ENGINE=InnoDB DEFAULT CHARSET=utf8 COLLATE=utf8_unicode_ci;

DROP TABLE IF EXISTS `craft_templatecacheelements`;


--
-- Schema for table `craft_templatecacheelements`
--
CREATE TABLE `craft_templatecacheelements` (
  `cacheId` int(11) NOT NULL,
  `elementId` int(11) NOT NULL,
  KEY `craft_templatecacheelements_cacheId_fk` (`cacheId`),
  KEY `craft_templatecacheelements_elementId_fk` (`elementId`)
) ENGINE=InnoDB DEFAULT CHARSET=utf8 COLLATE=utf8_unicode_ci;

DROP TABLE IF EXISTS `craft_templatecaches`;


--
-- Schema for table `craft_templatecaches`
--
CREATE TABLE `craft_templatecaches` (
  `id` int(11) NOT NULL AUTO_INCREMENT,
  `cacheKey` varchar(255) COLLATE utf8_unicode_ci NOT NULL,
  `locale` char(12) CHARACTER SET utf8 COLLATE utf8_unicode_ci NOT NULL,
  `path` varchar(255) COLLATE utf8_unicode_ci DEFAULT NULL,
  `expiryDate` datetime NOT NULL,
  `body` mediumtext COLLATE utf8_unicode_ci NOT NULL,
  PRIMARY KEY (`id`),
  KEY `craft_templatecaches_cacheKey_locale_expiryDate_path_idx` (`cacheKey`,`locale`,`expiryDate`,`path`),
  KEY `craft_templatecaches_cacheKey_locale_expiryDate_idx` (`cacheKey`,`locale`,`expiryDate`),
  KEY `craft_templatecaches_locale_fk` (`locale`)
) ENGINE=InnoDB DEFAULT CHARSET=utf8 COLLATE=utf8_unicode_ci;

DROP TABLE IF EXISTS `craft_tokens`;


--
-- Schema for table `craft_tokens`
--
CREATE TABLE `craft_tokens` (
  `id` int(11) NOT NULL AUTO_INCREMENT,
  `token` char(32) COLLATE utf8_unicode_ci NOT NULL,
  `route` text COLLATE utf8_unicode_ci,
  `usageLimit` tinyint(3) unsigned DEFAULT NULL,
  `usageCount` tinyint(3) unsigned DEFAULT NULL,
  `expiryDate` datetime NOT NULL,
  `dateCreated` datetime NOT NULL,
  `dateUpdated` datetime NOT NULL,
  `uid` char(36) COLLATE utf8_unicode_ci NOT NULL DEFAULT '0',
  PRIMARY KEY (`id`),
  UNIQUE KEY `craft_tokens_token_unq_idx` (`token`),
  KEY `craft_tokens_expiryDate_idx` (`expiryDate`)
) ENGINE=InnoDB DEFAULT CHARSET=utf8 COLLATE=utf8_unicode_ci;

DROP TABLE IF EXISTS `craft_usergroups`;


--
-- Schema for table `craft_usergroups`
--
CREATE TABLE `craft_usergroups` (
  `id` int(11) NOT NULL AUTO_INCREMENT,
  `name` varchar(255) COLLATE utf8_unicode_ci NOT NULL,
  `handle` varchar(255) COLLATE utf8_unicode_ci NOT NULL,
  `dateCreated` datetime NOT NULL,
  `dateUpdated` datetime NOT NULL,
  `uid` char(36) COLLATE utf8_unicode_ci NOT NULL DEFAULT '0',
  PRIMARY KEY (`id`),
  UNIQUE KEY `craft_usergroups_name_unq_idx` (`name`),
  UNIQUE KEY `craft_usergroups_handle_unq_idx` (`handle`)
) ENGINE=InnoDB DEFAULT CHARSET=utf8 COLLATE=utf8_unicode_ci;

DROP TABLE IF EXISTS `craft_usergroups_users`;


--
-- Schema for table `craft_usergroups_users`
--
CREATE TABLE `craft_usergroups_users` (
  `id` int(11) NOT NULL AUTO_INCREMENT,
  `groupId` int(11) NOT NULL,
  `userId` int(11) NOT NULL,
  `dateCreated` datetime NOT NULL,
  `dateUpdated` datetime NOT NULL,
  `uid` char(36) COLLATE utf8_unicode_ci NOT NULL DEFAULT '0',
  PRIMARY KEY (`id`),
  UNIQUE KEY `craft_usergroups_users_groupId_userId_unq_idx` (`groupId`,`userId`),
  KEY `craft_usergroups_users_userId_fk` (`userId`)
) ENGINE=InnoDB DEFAULT CHARSET=utf8 COLLATE=utf8_unicode_ci;

DROP TABLE IF EXISTS `craft_userpermissions`;


--
-- Schema for table `craft_userpermissions`
--
CREATE TABLE `craft_userpermissions` (
  `id` int(11) NOT NULL AUTO_INCREMENT,
  `name` varchar(255) COLLATE utf8_unicode_ci NOT NULL,
  `dateCreated` datetime NOT NULL,
  `dateUpdated` datetime NOT NULL,
  `uid` char(36) COLLATE utf8_unicode_ci NOT NULL DEFAULT '0',
  PRIMARY KEY (`id`),
  UNIQUE KEY `craft_userpermissions_name_unq_idx` (`name`)
) ENGINE=InnoDB DEFAULT CHARSET=utf8 COLLATE=utf8_unicode_ci;

DROP TABLE IF EXISTS `craft_userpermissions_usergroups`;


--
-- Schema for table `craft_userpermissions_usergroups`
--
CREATE TABLE `craft_userpermissions_usergroups` (
  `id` int(11) NOT NULL AUTO_INCREMENT,
  `permissionId` int(11) NOT NULL,
  `groupId` int(11) NOT NULL,
  `dateCreated` datetime NOT NULL,
  `dateUpdated` datetime NOT NULL,
  `uid` char(36) COLLATE utf8_unicode_ci NOT NULL DEFAULT '0',
  PRIMARY KEY (`id`),
  UNIQUE KEY `craft_userpermissions_usergroups_permissionId_groupId_unq_idx` (`permissionId`,`groupId`),
  KEY `craft_userpermissions_usergroups_groupId_fk` (`groupId`)
) ENGINE=InnoDB DEFAULT CHARSET=utf8 COLLATE=utf8_unicode_ci;

DROP TABLE IF EXISTS `craft_userpermissions_users`;


--
-- Schema for table `craft_userpermissions_users`
--
CREATE TABLE `craft_userpermissions_users` (
  `id` int(11) NOT NULL AUTO_INCREMENT,
  `permissionId` int(11) NOT NULL,
  `userId` int(11) NOT NULL,
  `dateCreated` datetime NOT NULL,
  `dateUpdated` datetime NOT NULL,
  `uid` char(36) COLLATE utf8_unicode_ci NOT NULL DEFAULT '0',
  PRIMARY KEY (`id`),
  UNIQUE KEY `craft_userpermissions_users_permissionId_userId_unq_idx` (`permissionId`,`userId`),
  KEY `craft_userpermissions_users_userId_fk` (`userId`)
) ENGINE=InnoDB DEFAULT CHARSET=utf8 COLLATE=utf8_unicode_ci;

DROP TABLE IF EXISTS `craft_users`;


--
-- Schema for table `craft_users`
--
CREATE TABLE `craft_users` (
  `id` int(11) NOT NULL,
  `username` varchar(100) COLLATE utf8_unicode_ci NOT NULL,
  `photo` varchar(100) COLLATE utf8_unicode_ci DEFAULT NULL,
  `firstName` varchar(100) COLLATE utf8_unicode_ci DEFAULT NULL,
  `lastName` varchar(100) COLLATE utf8_unicode_ci DEFAULT NULL,
  `email` varchar(255) COLLATE utf8_unicode_ci NOT NULL,
  `password` char(255) COLLATE utf8_unicode_ci DEFAULT NULL,
  `preferredLocale` char(12) CHARACTER SET utf8 COLLATE utf8_unicode_ci DEFAULT NULL,
  `weekStartDay` tinyint(1) unsigned NOT NULL DEFAULT '0',
  `admin` tinyint(1) unsigned NOT NULL DEFAULT '0',
  `client` tinyint(1) unsigned NOT NULL DEFAULT '0',
  `locked` tinyint(1) unsigned NOT NULL DEFAULT '0',
  `suspended` tinyint(1) unsigned NOT NULL DEFAULT '0',
  `pending` tinyint(1) unsigned NOT NULL DEFAULT '0',
  `archived` tinyint(1) unsigned NOT NULL DEFAULT '0',
  `lastLoginDate` datetime DEFAULT NULL,
  `lastLoginAttemptIPAddress` varchar(45) COLLATE utf8_unicode_ci DEFAULT NULL,
  `invalidLoginWindowStart` datetime DEFAULT NULL,
  `invalidLoginCount` tinyint(4) unsigned DEFAULT NULL,
  `lastInvalidLoginDate` datetime DEFAULT NULL,
  `lockoutDate` datetime DEFAULT NULL,
  `verificationCode` char(100) COLLATE utf8_unicode_ci DEFAULT NULL,
  `verificationCodeIssuedDate` datetime DEFAULT NULL,
  `unverifiedEmail` varchar(255) COLLATE utf8_unicode_ci DEFAULT NULL,
  `passwordResetRequired` tinyint(1) unsigned NOT NULL DEFAULT '0',
  `lastPasswordChangeDate` datetime DEFAULT NULL,
  `dateCreated` datetime NOT NULL,
  `dateUpdated` datetime NOT NULL,
  `uid` char(36) COLLATE utf8_unicode_ci NOT NULL DEFAULT '0',
  PRIMARY KEY (`id`),
  UNIQUE KEY `craft_users_username_unq_idx` (`username`),
  UNIQUE KEY `craft_users_email_unq_idx` (`email`),
  KEY `craft_users_verificationCode_idx` (`verificationCode`),
  KEY `craft_users_uid_idx` (`uid`),
  KEY `craft_users_preferredLocale_fk` (`preferredLocale`)
) ENGINE=InnoDB DEFAULT CHARSET=utf8 COLLATE=utf8_unicode_ci;

--
-- Data for table `craft_users`
--

INSERT INTO `craft_users` (`id`, `username`, `photo`, `firstName`, `lastName`, `email`, `password`, `preferredLocale`, `weekStartDay`, `admin`, `client`, `locked`, `suspended`, `pending`, `archived`, `lastLoginDate`, `lastLoginAttemptIPAddress`, `invalidLoginWindowStart`, `invalidLoginCount`, `lastInvalidLoginDate`, `lockoutDate`, `verificationCode`, `verificationCodeIssuedDate`, `unverifiedEmail`, `passwordResetRequired`, `lastPasswordChangeDate`, `dateCreated`, `dateUpdated`, `uid`) VALUES
 ('1', 'admin', NULL, NULL, NULL, 'info@pixelproject.com', '$2y$13$d0nJWg64wE.4NMlZyi9LM.mMi7gXSJ5ex2iz48GcX3/rk0prcbtfC', NULL, '0', '1', '0', '0', '0', '0', '0', '2019-02-01 10:24:41', '127.0.0.1', NULL, NULL, NULL, NULL, NULL, NULL, NULL, '0', '2019-02-01 10:24:41', '2019-02-01 10:24:41', '2019-02-01 10:24:41', '5a1a23b0-8a59-4826-9c8c-34b7194c1eee');



DROP TABLE IF EXISTS `craft_widgets`;


--
-- Schema for table `craft_widgets`
--
CREATE TABLE `craft_widgets` (
  `id` int(11) NOT NULL AUTO_INCREMENT,
  `userId` int(11) NOT NULL,
  `type` varchar(150) COLLATE utf8_unicode_ci NOT NULL,
  `sortOrder` smallint(6) unsigned DEFAULT NULL,
  `colspan` tinyint(4) unsigned DEFAULT NULL,
  `settings` text COLLATE utf8_unicode_ci,
  `enabled` tinyint(1) unsigned NOT NULL DEFAULT '1',
  `dateCreated` datetime NOT NULL,
  `dateUpdated` datetime NOT NULL,
  `uid` char(36) COLLATE utf8_unicode_ci NOT NULL DEFAULT '0',
  PRIMARY KEY (`id`),
  KEY `craft_widgets_userId_fk` (`userId`)
) ENGINE=InnoDB AUTO_INCREMENT=5 DEFAULT CHARSET=utf8 COLLATE=utf8_unicode_ci;

--
-- Data for table `craft_widgets`
--

INSERT INTO `craft_widgets` (`id`, `userId`, `type`, `sortOrder`, `colspan`, `settings`, `enabled`, `dateCreated`, `dateUpdated`, `uid`) VALUES
 ('1', '1', 'RecentEntries', '1', NULL, NULL, '1', '2019-02-01 10:25:11', '2019-02-01 10:25:11', '33a341cd-5d04-44a3-abe2-0b81e88dadc8'),
 ('2', '1', 'GetHelp', '2', NULL, NULL, '1', '2019-02-01 10:25:11', '2019-02-01 10:25:11', '3c374f11-11ec-41d0-82c1-384991022530'),
 ('3', '1', 'Updates', '3', NULL, NULL, '1', '2019-02-01 10:25:11', '2019-02-01 10:25:11', '2ea1d7ed-55ed-49b9-9fe1-080f94145d5a'),
 ('4', '1', 'Feed', '4', NULL, '{\"url\":\"https:\\/\\/craftcms.com\\/news.rss\",\"title\":\"Craft News\"}', '1', '2019-02-01 10:25:11', '2019-02-01 10:25:11', 'c7ad7d49-0475-471f-8a91-4191f7e5aa7a');


--
-- Constraints for tables
--


--
-- Constraints for table `craft_assetfiles`
--
ALTER TABLE `craft_assetfiles`
	ADD CONSTRAINT `craft_assetfiles_folderId_fk` FOREIGN KEY (`folderId`) REFERENCES `craft_assetfolders` (`id`) ON DELETE CASCADE,
	ADD CONSTRAINT `craft_assetfiles_id_fk` FOREIGN KEY (`id`) REFERENCES `craft_elements` (`id`) ON DELETE CASCADE,
	ADD CONSTRAINT `craft_assetfiles_sourceId_fk` FOREIGN KEY (`sourceId`) REFERENCES `craft_assetsources` (`id`) ON DELETE CASCADE;

--
-- Constraints for table `craft_assetfolders`
--
ALTER TABLE `craft_assetfolders`
	ADD CONSTRAINT `craft_assetfolders_parentId_fk` FOREIGN KEY (`parentId`) REFERENCES `craft_assetfolders` (`id`) ON DELETE CASCADE,
	ADD CONSTRAINT `craft_assetfolders_sourceId_fk` FOREIGN KEY (`sourceId`) REFERENCES `craft_assetsources` (`id`) ON DELETE CASCADE;

--
-- Constraints for table `craft_assetindexdata`
--
ALTER TABLE `craft_assetindexdata`
	ADD CONSTRAINT `craft_assetindexdata_sourceId_fk` FOREIGN KEY (`sourceId`) REFERENCES `craft_assetsources` (`id`) ON DELETE CASCADE;

--
-- Constraints for table `craft_assetsources`
--
ALTER TABLE `craft_assetsources`
	ADD CONSTRAINT `craft_assetsources_fieldLayoutId_fk` FOREIGN KEY (`fieldLayoutId`) REFERENCES `craft_fieldlayouts` (`id`) ON DELETE SET NULL;

--
-- Constraints for table `craft_categories`
--
ALTER TABLE `craft_categories`
	ADD CONSTRAINT `craft_categories_groupId_fk` FOREIGN KEY (`groupId`) REFERENCES `craft_categorygroups` (`id`) ON DELETE CASCADE,
	ADD CONSTRAINT `craft_categories_id_fk` FOREIGN KEY (`id`) REFERENCES `craft_elements` (`id`) ON DELETE CASCADE;

--
-- Constraints for table `craft_categorygroups`
--
ALTER TABLE `craft_categorygroups`
	ADD CONSTRAINT `craft_categorygroups_fieldLayoutId_fk` FOREIGN KEY (`fieldLayoutId`) REFERENCES `craft_fieldlayouts` (`id`) ON DELETE SET NULL,
	ADD CONSTRAINT `craft_categorygroups_structureId_fk` FOREIGN KEY (`structureId`) REFERENCES `craft_structures` (`id`) ON DELETE CASCADE;

--
-- Constraints for table `craft_categorygroups_i18n`
--
ALTER TABLE `craft_categorygroups_i18n`
	ADD CONSTRAINT `craft_categorygroups_i18n_groupId_fk` FOREIGN KEY (`groupId`) REFERENCES `craft_categorygroups` (`id`) ON DELETE CASCADE,
	ADD CONSTRAINT `craft_categorygroups_i18n_locale_fk` FOREIGN KEY (`locale`) REFERENCES `craft_locales` (`locale`) ON DELETE CASCADE ON UPDATE CASCADE;

--
-- Constraints for table `craft_content`
--
ALTER TABLE `craft_content`
	ADD CONSTRAINT `craft_content_elementId_fk` FOREIGN KEY (`elementId`) REFERENCES `craft_elements` (`id`) ON DELETE CASCADE,
	ADD CONSTRAINT `craft_content_locale_fk` FOREIGN KEY (`locale`) REFERENCES `craft_locales` (`locale`) ON DELETE CASCADE ON UPDATE CASCADE;

--
-- Constraints for table `craft_elements_i18n`
--
ALTER TABLE `craft_elements_i18n`
	ADD CONSTRAINT `craft_elements_i18n_elementId_fk` FOREIGN KEY (`elementId`) REFERENCES `craft_elements` (`id`) ON DELETE CASCADE,
	ADD CONSTRAINT `craft_elements_i18n_locale_fk` FOREIGN KEY (`locale`) REFERENCES `craft_locales` (`locale`) ON DELETE CASCADE ON UPDATE CASCADE;

--
-- Constraints for table `craft_emailmessages`
--
ALTER TABLE `craft_emailmessages`
	ADD CONSTRAINT `craft_emailmessages_locale_fk` FOREIGN KEY (`locale`) REFERENCES `craft_locales` (`locale`) ON DELETE CASCADE ON UPDATE CASCADE;

--
-- Constraints for table `craft_entries`
--
ALTER TABLE `craft_entries`
	ADD CONSTRAINT `craft_entries_authorId_fk` FOREIGN KEY (`authorId`) REFERENCES `craft_users` (`id`) ON DELETE CASCADE,
	ADD CONSTRAINT `craft_entries_id_fk` FOREIGN KEY (`id`) REFERENCES `craft_elements` (`id`) ON DELETE CASCADE,
	ADD CONSTRAINT `craft_entries_sectionId_fk` FOREIGN KEY (`sectionId`) REFERENCES `craft_sections` (`id`) ON DELETE CASCADE,
	ADD CONSTRAINT `craft_entries_typeId_fk` FOREIGN KEY (`typeId`) REFERENCES `craft_entrytypes` (`id`) ON DELETE CASCADE;

--
-- Constraints for table `craft_entrydrafts`
--
ALTER TABLE `craft_entrydrafts`
	ADD CONSTRAINT `craft_entrydrafts_creatorId_fk` FOREIGN KEY (`creatorId`) REFERENCES `craft_users` (`id`) ON DELETE CASCADE,
	ADD CONSTRAINT `craft_entrydrafts_entryId_fk` FOREIGN KEY (`entryId`) REFERENCES `craft_entries` (`id`) ON DELETE CASCADE,
	ADD CONSTRAINT `craft_entrydrafts_locale_fk` FOREIGN KEY (`locale`) REFERENCES `craft_locales` (`locale`) ON DELETE CASCADE ON UPDATE CASCADE,
	ADD CONSTRAINT `craft_entrydrafts_sectionId_fk` FOREIGN KEY (`sectionId`) REFERENCES `craft_sections` (`id`) ON DELETE CASCADE;

--
-- Constraints for table `craft_entrytypes`
--
ALTER TABLE `craft_entrytypes`
	ADD CONSTRAINT `craft_entrytypes_fieldLayoutId_fk` FOREIGN KEY (`fieldLayoutId`) REFERENCES `craft_fieldlayouts` (`id`) ON DELETE SET NULL,
	ADD CONSTRAINT `craft_entrytypes_sectionId_fk` FOREIGN KEY (`sectionId`) REFERENCES `craft_sections` (`id`) ON DELETE CASCADE;

--
-- Constraints for table `craft_entryversions`
--
ALTER TABLE `craft_entryversions`
	ADD CONSTRAINT `craft_entryversions_creatorId_fk` FOREIGN KEY (`creatorId`) REFERENCES `craft_users` (`id`) ON DELETE SET NULL,
	ADD CONSTRAINT `craft_entryversions_entryId_fk` FOREIGN KEY (`entryId`) REFERENCES `craft_entries` (`id`) ON DELETE CASCADE,
	ADD CONSTRAINT `craft_entryversions_locale_fk` FOREIGN KEY (`locale`) REFERENCES `craft_locales` (`locale`) ON DELETE CASCADE ON UPDATE CASCADE,
	ADD CONSTRAINT `craft_entryversions_sectionId_fk` FOREIGN KEY (`sectionId`) REFERENCES `craft_sections` (`id`) ON DELETE CASCADE;

--
-- Constraints for table `craft_fieldlayoutfields`
--
ALTER TABLE `craft_fieldlayoutfields`
	ADD CONSTRAINT `craft_fieldlayoutfields_fieldId_fk` FOREIGN KEY (`fieldId`) REFERENCES `craft_fields` (`id`) ON DELETE CASCADE,
	ADD CONSTRAINT `craft_fieldlayoutfields_layoutId_fk` FOREIGN KEY (`layoutId`) REFERENCES `craft_fieldlayouts` (`id`) ON DELETE CASCADE,
	ADD CONSTRAINT `craft_fieldlayoutfields_tabId_fk` FOREIGN KEY (`tabId`) REFERENCES `craft_fieldlayouttabs` (`id`) ON DELETE CASCADE;

--
-- Constraints for table `craft_fieldlayouttabs`
--
ALTER TABLE `craft_fieldlayouttabs`
	ADD CONSTRAINT `craft_fieldlayouttabs_layoutId_fk` FOREIGN KEY (`layoutId`) REFERENCES `craft_fieldlayouts` (`id`) ON DELETE CASCADE;

--
-- Constraints for table `craft_fields`
--
ALTER TABLE `craft_fields`
	ADD CONSTRAINT `craft_fields_groupId_fk` FOREIGN KEY (`groupId`) REFERENCES `craft_fieldgroups` (`id`) ON DELETE CASCADE;

--
-- Constraints for table `craft_globalsets`
--
ALTER TABLE `craft_globalsets`
	ADD CONSTRAINT `craft_globalsets_fieldLayoutId_fk` FOREIGN KEY (`fieldLayoutId`) REFERENCES `craft_fieldlayouts` (`id`) ON DELETE SET NULL,
	ADD CONSTRAINT `craft_globalsets_id_fk` FOREIGN KEY (`id`) REFERENCES `craft_elements` (`id`) ON DELETE CASCADE;

--
-- Constraints for table `craft_matrixblocks`
--
ALTER TABLE `craft_matrixblocks`
	ADD CONSTRAINT `craft_matrixblocks_fieldId_fk` FOREIGN KEY (`fieldId`) REFERENCES `craft_fields` (`id`) ON DELETE CASCADE,
	ADD CONSTRAINT `craft_matrixblocks_id_fk` FOREIGN KEY (`id`) REFERENCES `craft_elements` (`id`) ON DELETE CASCADE,
	ADD CONSTRAINT `craft_matrixblocks_ownerId_fk` FOREIGN KEY (`ownerId`) REFERENCES `craft_elements` (`id`) ON DELETE CASCADE,
	ADD CONSTRAINT `craft_matrixblocks_ownerLocale_fk` FOREIGN KEY (`ownerLocale`) REFERENCES `craft_locales` (`locale`) ON DELETE CASCADE ON UPDATE CASCADE,
	ADD CONSTRAINT `craft_matrixblocks_typeId_fk` FOREIGN KEY (`typeId`) REFERENCES `craft_matrixblocktypes` (`id`) ON DELETE CASCADE;

--
-- Constraints for table `craft_matrixblocktypes`
--
ALTER TABLE `craft_matrixblocktypes`
	ADD CONSTRAINT `craft_matrixblocktypes_fieldId_fk` FOREIGN KEY (`fieldId`) REFERENCES `craft_fields` (`id`) ON DELETE CASCADE,
	ADD CONSTRAINT `craft_matrixblocktypes_fieldLayoutId_fk` FOREIGN KEY (`fieldLayoutId`) REFERENCES `craft_fieldlayouts` (`id`) ON DELETE SET NULL;

--
-- Constraints for table `craft_matrixcontent_colour_field`
--
ALTER TABLE `craft_matrixcontent_colour_field`
	ADD CONSTRAINT `craft_matrixcontent_colour_field_elementId_fk` FOREIGN KEY (`elementId`) REFERENCES `craft_elements` (`id`) ON DELETE CASCADE,
	ADD CONSTRAINT `craft_matrixcontent_colour_field_locale_fk` FOREIGN KEY (`locale`) REFERENCES `craft_locales` (`locale`) ON DELETE CASCADE ON UPDATE CASCADE;

--
-- Constraints for table `craft_matrixcontent_drinks`
--
ALTER TABLE `craft_matrixcontent_drinks`
	ADD CONSTRAINT `craft_matrixcontent_drinks_elementId_fk` FOREIGN KEY (`elementId`) REFERENCES `craft_elements` (`id`) ON DELETE CASCADE,
	ADD CONSTRAINT `craft_matrixcontent_drinks_locale_fk` FOREIGN KEY (`locale`) REFERENCES `craft_locales` (`locale`) ON DELETE CASCADE ON UPDATE CASCADE;

--
-- Constraints for table `craft_migrations`
--
ALTER TABLE `craft_migrations`
	ADD CONSTRAINT `craft_migrations_pluginId_fk` FOREIGN KEY (`pluginId`) REFERENCES `craft_plugins` (`id`) ON DELETE CASCADE;

--
-- Constraints for table `craft_relations`
--
ALTER TABLE `craft_relations`
	ADD CONSTRAINT `craft_relations_fieldId_fk` FOREIGN KEY (`fieldId`) REFERENCES `craft_fields` (`id`) ON DELETE CASCADE,
	ADD CONSTRAINT `craft_relations_sourceId_fk` FOREIGN KEY (`sourceId`) REFERENCES `craft_elements` (`id`) ON DELETE CASCADE,
	ADD CONSTRAINT `craft_relations_sourceLocale_fk` FOREIGN KEY (`sourceLocale`) REFERENCES `craft_locales` (`locale`) ON DELETE CASCADE ON UPDATE CASCADE,
	ADD CONSTRAINT `craft_relations_targetId_fk` FOREIGN KEY (`targetId`) REFERENCES `craft_elements` (`id`) ON DELETE CASCADE;

--
-- Constraints for table `craft_routes`
--
ALTER TABLE `craft_routes`
	ADD CONSTRAINT `craft_routes_locale_fk` FOREIGN KEY (`locale`) REFERENCES `craft_locales` (`locale`) ON DELETE CASCADE ON UPDATE CASCADE;

--
-- Constraints for table `craft_sections`
--
ALTER TABLE `craft_sections`
	ADD CONSTRAINT `craft_sections_structureId_fk` FOREIGN KEY (`structureId`) REFERENCES `craft_structures` (`id`) ON DELETE SET NULL;

--
-- Constraints for table `craft_sections_i18n`
--
ALTER TABLE `craft_sections_i18n`
	ADD CONSTRAINT `craft_sections_i18n_locale_fk` FOREIGN KEY (`locale`) REFERENCES `craft_locales` (`locale`) ON DELETE CASCADE ON UPDATE CASCADE,
	ADD CONSTRAINT `craft_sections_i18n_sectionId_fk` FOREIGN KEY (`sectionId`) REFERENCES `craft_sections` (`id`) ON DELETE CASCADE;

--
-- Constraints for table `craft_sessions`
--
ALTER TABLE `craft_sessions`
	ADD CONSTRAINT `craft_sessions_userId_fk` FOREIGN KEY (`userId`) REFERENCES `craft_users` (`id`) ON DELETE CASCADE;

--
-- Constraints for table `craft_shunnedmessages`
--
ALTER TABLE `craft_shunnedmessages`
	ADD CONSTRAINT `craft_shunnedmessages_userId_fk` FOREIGN KEY (`userId`) REFERENCES `craft_users` (`id`) ON DELETE CASCADE;

--
-- Constraints for table `craft_sproutforms_entries`
--
ALTER TABLE `craft_sproutforms_entries`
	ADD CONSTRAINT `craft_sproutforms_entries_formId_fk` FOREIGN KEY (`formId`) REFERENCES `craft_sproutforms_forms` (`id`) ON DELETE CASCADE,
	ADD CONSTRAINT `craft_sproutforms_entries_id_fk` FOREIGN KEY (`id`) REFERENCES `craft_elements` (`id`) ON DELETE CASCADE,
	ADD CONSTRAINT `craft_sproutforms_entries_statusId_fk` FOREIGN KEY (`statusId`) REFERENCES `craft_sproutforms_entrystatuses` (`id`) ON DELETE CASCADE;

--
-- Constraints for table `craft_sproutforms_forms`
--
ALTER TABLE `craft_sproutforms_forms`
	ADD CONSTRAINT `craft_sproutforms_forms_fieldLayoutId_fk` FOREIGN KEY (`fieldLayoutId`) REFERENCES `craft_fieldlayouts` (`id`) ON DELETE SET NULL,
	ADD CONSTRAINT `craft_sproutforms_forms_id_fk` FOREIGN KEY (`id`) REFERENCES `craft_elements` (`id`) ON DELETE CASCADE;

--
-- Constraints for table `craft_sproutformscontent_basic`
--
ALTER TABLE `craft_sproutformscontent_basic`
	ADD CONSTRAINT `craft_sproutformscontent_basic_elementId_fk` FOREIGN KEY (`elementId`) REFERENCES `craft_elements` (`id`) ON DELETE CASCADE,
	ADD CONSTRAINT `craft_sproutformscontent_basic_locale_fk` FOREIGN KEY (`locale`) REFERENCES `craft_locales` (`locale`) ON DELETE CASCADE ON UPDATE CASCADE;

--
-- Constraints for table `craft_sproutformscontent_contact`
--
ALTER TABLE `craft_sproutformscontent_contact`
	ADD CONSTRAINT `craft_sproutformscontent_contact_elementId_fk` FOREIGN KEY (`elementId`) REFERENCES `craft_elements` (`id`) ON DELETE CASCADE,
	ADD CONSTRAINT `craft_sproutformscontent_contact_locale_fk` FOREIGN KEY (`locale`) REFERENCES `craft_locales` (`locale`) ON DELETE CASCADE ON UPDATE CASCADE;

--
-- Constraints for table `craft_sproutformscontent_nissan_energy_form`
--
ALTER TABLE `craft_sproutformscontent_nissan_energy_form`
	ADD CONSTRAINT `craft_sproutformscontent_nissan_energy_form_elementId_fk` FOREIGN KEY (`elementId`) REFERENCES `craft_elements` (`id`) ON DELETE CASCADE,
	ADD CONSTRAINT `craft_sproutformscontent_nissan_energy_form_locale_fk` FOREIGN KEY (`locale`) REFERENCES `craft_locales` (`locale`) ON DELETE CASCADE ON UPDATE CASCADE;

--
-- Constraints for table `craft_structureelements`
--
ALTER TABLE `craft_structureelements`
	ADD CONSTRAINT `craft_structureelements_elementId_fk` FOREIGN KEY (`elementId`) REFERENCES `craft_elements` (`id`) ON DELETE CASCADE,
	ADD CONSTRAINT `craft_structureelements_structureId_fk` FOREIGN KEY (`structureId`) REFERENCES `craft_structures` (`id`) ON DELETE CASCADE;

--
-- Constraints for table `craft_taggroups`
--
ALTER TABLE `craft_taggroups`
	ADD CONSTRAINT `craft_taggroups_fieldLayoutId_fk` FOREIGN KEY (`fieldLayoutId`) REFERENCES `craft_fieldlayouts` (`id`) ON DELETE SET NULL;

--
-- Constraints for table `craft_tags`
--
ALTER TABLE `craft_tags`
	ADD CONSTRAINT `craft_tags_groupId_fk` FOREIGN KEY (`groupId`) REFERENCES `craft_taggroups` (`id`) ON DELETE CASCADE,
	ADD CONSTRAINT `craft_tags_id_fk` FOREIGN KEY (`id`) REFERENCES `craft_elements` (`id`) ON DELETE CASCADE;

--
-- Constraints for table `craft_templatecachecriteria`
--
ALTER TABLE `craft_templatecachecriteria`
	ADD CONSTRAINT `craft_templatecachecriteria_cacheId_fk` FOREIGN KEY (`cacheId`) REFERENCES `craft_templatecaches` (`id`) ON DELETE CASCADE;

--
-- Constraints for table `craft_templatecacheelements`
--
ALTER TABLE `craft_templatecacheelements`
	ADD CONSTRAINT `craft_templatecacheelements_cacheId_fk` FOREIGN KEY (`cacheId`) REFERENCES `craft_templatecaches` (`id`) ON DELETE CASCADE,
	ADD CONSTRAINT `craft_templatecacheelements_elementId_fk` FOREIGN KEY (`elementId`) REFERENCES `craft_elements` (`id`) ON DELETE CASCADE;

--
-- Constraints for table `craft_templatecaches`
--
ALTER TABLE `craft_templatecaches`
	ADD CONSTRAINT `craft_templatecaches_locale_fk` FOREIGN KEY (`locale`) REFERENCES `craft_locales` (`locale`) ON DELETE CASCADE ON UPDATE CASCADE;

--
-- Constraints for table `craft_usergroups_users`
--
ALTER TABLE `craft_usergroups_users`
	ADD CONSTRAINT `craft_usergroups_users_groupId_fk` FOREIGN KEY (`groupId`) REFERENCES `craft_usergroups` (`id`) ON DELETE CASCADE,
	ADD CONSTRAINT `craft_usergroups_users_userId_fk` FOREIGN KEY (`userId`) REFERENCES `craft_users` (`id`) ON DELETE CASCADE;

--
-- Constraints for table `craft_userpermissions_usergroups`
--
ALTER TABLE `craft_userpermissions_usergroups`
	ADD CONSTRAINT `craft_userpermissions_usergroups_groupId_fk` FOREIGN KEY (`groupId`) REFERENCES `craft_usergroups` (`id`) ON DELETE CASCADE,
	ADD CONSTRAINT `craft_userpermissions_usergroups_permissionId_fk` FOREIGN KEY (`permissionId`) REFERENCES `craft_userpermissions` (`id`) ON DELETE CASCADE;

--
-- Constraints for table `craft_userpermissions_users`
--
ALTER TABLE `craft_userpermissions_users`
	ADD CONSTRAINT `craft_userpermissions_users_permissionId_fk` FOREIGN KEY (`permissionId`) REFERENCES `craft_userpermissions` (`id`) ON DELETE CASCADE,
	ADD CONSTRAINT `craft_userpermissions_users_userId_fk` FOREIGN KEY (`userId`) REFERENCES `craft_users` (`id`) ON DELETE CASCADE;

--
-- Constraints for table `craft_users`
--
ALTER TABLE `craft_users`
	ADD CONSTRAINT `craft_users_id_fk` FOREIGN KEY (`id`) REFERENCES `craft_elements` (`id`) ON DELETE CASCADE,
	ADD CONSTRAINT `craft_users_preferredLocale_fk` FOREIGN KEY (`preferredLocale`) REFERENCES `craft_locales` (`locale`) ON DELETE SET NULL ON UPDATE CASCADE;

--
-- Constraints for table `craft_widgets`
--
ALTER TABLE `craft_widgets`
	ADD CONSTRAINT `craft_widgets_userId_fk` FOREIGN KEY (`userId`) REFERENCES `craft_users` (`id`) ON DELETE CASCADE;

SET FOREIGN_KEY_CHECKS = 1;
